{
  "metrics": {
    "exact_agreement": 0.6522222222222223,
    "avg_hamming": 0.3561111111111111,
    "n_eval": 3600.0
  },
  "bit_reports": {
    "throttle": {
      "num_consensus_ops": 16.0,
      "median_op_bits": 374.5561782844379,
      "R2_OOF": 0.8104578275108247,
      "MSE_OOF": 0.045992988385638665
    },
    "boost": {
      "num_consensus_ops": 15.0,
      "median_op_bits": 395.5293786274051,
      "R2_OOF": 0.8283461853945661,
      "MSE_OOF": 0.01619570283403452
    },
    "reduce_clock": {
      "num_consensus_ops": 22.0,
      "median_op_bits": 157.06759524783774,
      "R2_OOF": 0.8544768712923932,
      "MSE_OOF": 0.008161750057034518
    }
  }
}