seed,fold,control,mode,status,promoted,operator_family,schema,n_train_edges,n_test_edges,step_standardized,empirical_test_R2,empirical_test_nrmse,identity_relative_improvement,pooled_relative_improvement,model_counterfactual_R2,model_counterfactual_nrmse,support_fraction,train_dominance_median,test_dominance_median,test_geometry_residual,step_transfer_relative_error,bootstrap_modal_fraction,compression_ratio,active_queries_used,promotion_checks_json
1337,1,real,RIDGE_minus,promoted,True,context_affine,"omega_RIDGE_minus: State(x,y) -> State(x + -0.29956367*e_0, (-0.0011423273)*y + (1.3964075) + (-4.8264509)*x0 + (1.1656361)*x1 + (-0.32849301)*x2 + (-3.1735742)*x3)",1479,331,-0.2995636668196663,0.6152129330634828,0.620312072215685,0.4231779341258043,0.2803045640364496,0.9848975807636351,0.12289190061336407,0.9896103896103896,0.7669461573735346,0.7395497663627122,0.7051010781055569,0.17670126271208644,1.0,572.516129032258,16,"{""bootstrap_stability"": true, ""compression"": true, ""geometry_dominance"": true, ""heldout_r2"": true, ""identity_destroyer"": true, ""model_consistency_nrmse"": true, ""model_consistency_r2"": true, ""pooled_destroyer"": true, ""step_transfer"": true, ""support_safe"": true, ""test_support"": true, ""train_support"": true}"
1337,1,real,RIDGE_plus,promoted,True,context_affine,"omega_RIDGE_plus: State(x,y) -> State(x + 0.29968114*e_0, (0.0056153028)*y + (-1.3649916) + (-4.5946264)*x0 + (1.109036)*x1 + (-0.30192818)*x2 + (-3.0477514)*x3)",1453,335,0.2996811396962524,0.6034135227815458,0.6297511232371517,0.3804455869699701,0.2524431255068349,0.9815578152393692,0.13580200573125126,0.9961038961038962,0.7691869432257243,0.7405006829501933,0.6992197301075087,0.1695499921601412,1.0,562.4516129032259,16,"{""bootstrap_stability"": true, ""compression"": true, ""geometry_dominance"": true, ""heldout_r2"": true, ""identity_destroyer"": true, ""model_consistency_nrmse"": true, ""model_consistency_r2"": true, ""pooled_destroyer"": true, ""step_transfer"": true, ""support_safe"": true, ""test_support"": true, ""train_support"": true}"
1337,1,real,NUB_minus,promoted,True,context_affine,"omega_NUB_minus: State(x,y) -> State(x + -0.29554571*e_1, (0.052522429)*y + (-0.23971583) + (-4.1347612)*x0 + (1.0222062)*x1 + (-0.29130233)*x2 + (-2.6996704)*x3)",1654,340,-0.295545714174531,0.5913440801325747,0.6392620119070311,0.23492427803097615,0.03128204538100633,0.9779764658448012,0.1484032821577701,0.9935064935064936,0.770086556287563,0.7471421977671031,0.7018943965543871,0.21665588615782622,1.0,640.258064516129,16,"{""bootstrap_stability"": true, ""compression"": true, ""geometry_dominance"": true, ""heldout_r2"": true, ""identity_destroyer"": true, ""model_consistency_nrmse"": true, ""model_consistency_r2"": true, ""pooled_destroyer"": true, ""step_transfer"": true, ""support_safe"": true, ""test_support"": true, ""train_support"": true}"
1337,1,real,NUB_plus,candidate,False,context_affine,"omega_NUB_plus: State(x,y) -> State(x + 0.29650155*e_1, (0.06640846)*y + (0.39126311) + (-4.1265931)*x0 + (1.0838474)*x1 + (-0.29295161)*x2 + (-2.6656785)*x3)",1651,350,0.29650155412981727,0.5977488963880995,0.6342326888547297,0.2453060498266828,0.019339074329775555,0.9817854060728868,0.1349614534862202,0.9935064935064936,0.767394724926284,0.7403527910828487,0.7065074555596098,0.19661508704061886,1.0,639.0967741935484,16,"{""bootstrap_stability"": true, ""compression"": true, ""geometry_dominance"": true, ""heldout_r2"": true, ""identity_destroyer"": true, ""model_consistency_nrmse"": true, ""model_consistency_r2"": true, ""pooled_destroyer"": false, ""step_transfer"": true, ""support_safe"": true, ""test_support"": true, ""train_support"": true}"
1337,1,real,CRACK_minus,candidate,False,context_affine,"omega_CRACK_minus: State(x,y) -> State(x + -0.29739118*e_2, (-0.027778055)*y + (0.10215539) + (-4.5022669)*x0 + (1.0448138)*x1 + (-0.30292515)*x2 + (-2.9472175)*x3)",1573,371,-0.29739118496769157,0.5752038544553963,0.6517638725371356,0.26391002918648837,-0.001716048548892178,0.9747899566438352,0.15877670911114386,0.9922077922077922,0.7725878738548216,0.7447648825531732,0.6958359255410077,0.16326618088298273,1.0,608.9032258064516,16,"{""bootstrap_stability"": true, ""compression"": true, ""geometry_dominance"": true, ""heldout_r2"": true, ""identity_destroyer"": true, ""model_consistency_nrmse"": true, ""model_consistency_r2"": true, ""pooled_destroyer"": false, ""step_transfer"": true, ""support_safe"": true, ""test_support"": true, ""train_support"": true}"
1337,1,real,CRACK_plus,candidate,False,context_affine,"omega_CRACK_plus: State(x,y) -> State(x + 0.29593801*e_2, (0.0070387875)*y + (-0.029901551) + (-4.3271723)*x0 + (1.0604458)*x1 + (-0.35537193)*x2 + (-2.8017118)*x3)",1569,371,0.295938009010284,0.5655620475001701,0.6591190730815107,0.23980583820425944,-0.0057781351212222295,0.9766456257964558,0.15282138006033125,0.9935064935064936,0.7754171736369245,0.7468515090147175,0.689900545623929,0.18965368711233568,1.0,607.3548387096774,16,"{""bootstrap_stability"": true, ""compression"": true, ""geometry_dominance"": true, ""heldout_r2"": true, ""identity_destroyer"": true, ""model_consistency_nrmse"": true, ""model_consistency_r2"": true, ""pooled_destroyer"": false, ""step_transfer"": true, ""support_safe"": true, ""test_support"": true, ""train_support"": true}"
1337,1,real,WEIGHT_minus,promoted,True,context_affine,"omega_WEIGHT_minus: State(x,y) -> State(x + -0.29408795*e_3, (0.040568674)*y + (0.93687165) + (-4.4473576)*x0 + (1.0078864)*x1 + (-0.2562272)*x2 + (-3.0452597)*x3)",1459,297,-0.29408794515684133,0.5543469523147604,0.667572503691726,0.29890912505707984,0.08219028607468937,0.9834746889219709,0.1285508112694319,0.990909090909091,0.7663752174197527,0.7312571339828509,0.70019938119127,0.19877146541777005,1.0,564.7741935483871,16,"{""bootstrap_stability"": true, ""compression"": true, ""geometry_dominance"": true, ""heldout_r2"": true, ""identity_destroyer"": true, ""model_consistency_nrmse"": true, ""model_consistency_r2"": true, ""pooled_destroyer"": true, ""step_transfer"": true, ""support_safe"": true, ""test_support"": true, ""train_support"": true}"
1337,1,real,WEIGHT_plus,promoted,True,context_affine,"omega_WEIGHT_plus: State(x,y) -> State(x + 0.29317971*e_3, (0.03718856)*y + (-0.91533134) + (-4.4882744)*x0 + (1.0519632)*x1 + (-0.36512812)*x2 + (-3.0142394)*x3)",1465,313,0.2931797118367683,0.5806504561052521,0.6475720376102938,0.3655395057229395,0.11743366343029109,0.9853713298048073,0.12094903966213492,0.9935064935064936,0.7632829166592626,0.7324564770976036,0.7089707341765827,0.20289361702127737,1.0,567.0967741935484,16,"{""bootstrap_stability"": true, ""compression"": true, ""geometry_dominance"": true, ""heldout_r2"": true, ""identity_destroyer"": true, ""model_consistency_nrmse"": true, ""model_consistency_r2"": true, ""pooled_destroyer"": true, ""step_transfer"": true, ""support_safe"": true, ""test_support"": true, ""train_support"": true}"
1337,1,pair_shuffle,RIDGE_minus,rejected,False,affine_y,"omega_RIDGE_minus: State(x,y) -> State(x + -0.29956367*e_0, (0.034425268)*y + (0.70830925))",1479,331,-0.2995636668196663,-0.004621365186543436,1.0023080191171492,0.3801584148331423,0.04520432393715584,-0.02424978617071072,1.0120522645450238,0.9896103896103896,0.7669461573735346,0.7395497663627122,0.7051010781055569,0.17670126271208644,1.0,845.1428571428571,16,"{""bootstrap_stability"": true, ""compression"": true, ""geometry_dominance"": true, ""heldout_r2"": false, ""identity_destroyer"": true, ""model_consistency_nrmse"": false, ""model_consistency_r2"": false, ""pooled_destroyer"": true, ""step_transfer"": true, ""support_safe"": true, ""test_support"": true, ""train_support"": true}"
1337,1,pair_shuffle,RIDGE_plus,rejected,False,affine_y,"omega_RIDGE_plus: State(x,y) -> State(x + 0.29968114*e_0, (0.051275286)*y + (-0.73653117))",1453,335,0.2996811396962524,-0.009395881260304328,1.004686956847905,0.35322030761574924,0.04384021550957883,-0.003964718285114577,1.0019803981541326,0.9961038961038962,0.7691869432257243,0.7405006829501933,0.6992197301075087,0.1695499921601412,1.0,830.2857142857143,16,"{""bootstrap_stability"": true, ""compression"": true, ""geometry_dominance"": true, ""heldout_r2"": false, ""identity_destroyer"": true, ""model_consistency_nrmse"": false, ""model_consistency_r2"": false, ""pooled_destroyer"": true, ""step_transfer"": true, ""support_safe"": true, ""test_support"": true, ""train_support"": true}"
1337,1,pair_shuffle,NUB_minus,rejected,False,affine_y,"omega_NUB_minus: State(x,y) -> State(x + -0.29554571*e_1, (0.0018805466)*y + (-0.06430697))",1654,340,-0.295545714174531,-0.0058467400259607505,1.0029191094130976,0.3493203680084062,-0.0009329212949349614,-0.007396427370798042,1.0036914004666964,0.9935064935064936,0.770086556287563,0.7471421977671031,0.7018943965543871,0.21665588615782622,1.0,945.1428571428571,16,"{""bootstrap_stability"": true, ""compression"": true, ""geometry_dominance"": true, ""heldout_r2"": false, ""identity_destroyer"": true, ""model_consistency_nrmse"": false, ""model_consistency_r2"": false, ""pooled_destroyer"": false, ""step_transfer"": true, ""support_safe"": true, ""test_support"": true, ""train_support"": true}"
1337,1,pair_shuffle,NUB_plus,rejected,False,affine_y,"omega_NUB_plus: State(x,y) -> State(x + 0.29650155*e_1, (0.033488671)*y + (0.22338866))",1651,350,0.29650155412981727,0.002831493446660005,0.9985832496859437,0.25315055967394406,0.004704111668254892,0.06531401487349942,0.9667915934297838,0.9935064935064936,0.767394724926284,0.7403527910828487,0.7065074555596098,0.19661508704061886,1.0,943.4285714285714,16,"{""bootstrap_stability"": true, ""compression"": true, ""geometry_dominance"": true, ""heldout_r2"": false, ""identity_destroyer"": true, ""model_consistency_nrmse"": false, ""model_consistency_r2"": false, ""pooled_destroyer"": false, ""step_transfer"": true, ""support_safe"": true, ""test_support"": true, ""train_support"": true}"
1337,1,pair_shuffle,CRACK_minus,rejected,False,affine_y,"omega_CRACK_minus: State(x,y) -> State(x + -0.29739118*e_2, (0.035482092)*y + (0.025299106))",1573,371,-0.29739118496769157,-0.006288421160457469,1.0031392830312535,0.31525963743710467,-0.0026333347036532648,0.06967723386466729,0.9645324080275026,0.9922077922077922,0.7725878738548216,0.7447648825531732,0.6958359255410077,0.16326618088298273,1.0,898.8571428571429,16,"{""bootstrap_stability"": true, ""compression"": true, ""geometry_dominance"": true, ""heldout_r2"": false, ""identity_destroyer"": true, ""model_consistency_nrmse"": false, ""model_consistency_r2"": false, ""pooled_destroyer"": false, ""step_transfer"": true, ""support_safe"": true, ""test_support"": true, ""train_support"": true}"
1337,1,pair_shuffle,CRACK_plus,rejected,False,affine_y,"omega_CRACK_plus: State(x,y) -> State(x + 0.29593801*e_2, (0.015047694)*y + (-0.074489012))",1569,371,0.295938009010284,-0.003362099746595293,1.0016796392792433,0.2955680991920627,0.0038875284982670976,0.029803078561456364,0.9849857468199953,0.9935064935064936,0.7754171736369245,0.7468515090147175,0.689900545623929,0.18965368711233568,1.0,896.5714285714286,16,"{""bootstrap_stability"": true, ""compression"": true, ""geometry_dominance"": true, ""heldout_r2"": false, ""identity_destroyer"": true, ""model_consistency_nrmse"": false, ""model_consistency_r2"": false, ""pooled_destroyer"": false, ""step_transfer"": true, ""support_safe"": true, ""test_support"": true, ""train_support"": true}"
1337,1,pair_shuffle,WEIGHT_minus,rejected,False,affine_y,"omega_WEIGHT_minus: State(x,y) -> State(x + -0.29408795*e_3, (0.00013157297)*y + (0.41213968))",1459,297,-0.29408794515684133,-0.00033534222972875227,1.0001676570604194,0.269941321326628,0.01055536171671833,-0.057690529526476464,1.028440824513728,0.990909090909091,0.7663752174197527,0.7312571339828509,0.70019938119127,0.19877146541777005,1.0,833.7142857142857,16,"{""bootstrap_stability"": true, ""compression"": true, ""geometry_dominance"": true, ""heldout_r2"": false, ""identity_destroyer"": true, ""model_consistency_nrmse"": false, ""model_consistency_r2"": false, ""pooled_destroyer"": false, ""step_transfer"": true, ""support_safe"": true, ""test_support"": true, ""train_support"": true}"
1337,1,pair_shuffle,WEIGHT_plus,rejected,False,affine_y,"omega_WEIGHT_plus: State(x,y) -> State(x + 0.29317971*e_3, (-0.013122641)*y + (-0.58091148))",1465,313,0.2931797118367683,0.003340720812481379,0.9983282422066996,0.3962712746990548,0.02321105088177408,-0.06926872863673572,1.0340545095094047,0.9935064935064936,0.7632829166592626,0.7324564770976036,0.7089707341765827,0.20289361702127737,1.0,837.1428571428571,16,"{""bootstrap_stability"": true, ""compression"": true, ""geometry_dominance"": true, ""heldout_r2"": false, ""identity_destroyer"": true, ""model_consistency_nrmse"": false, ""model_consistency_r2"": false, ""pooled_destroyer"": true, ""step_transfer"": true, ""support_safe"": true, ""test_support"": true, ""train_support"": true}"
1337,1,target_shuffle,RIDGE_minus,rejected,False,affine_y,"omega_RIDGE_minus: State(x,y) -> State(x + -0.29956367*e_0, (-0.00012001663)*y + (0.020522017))",1479,331,-0.2995636668196663,-8.138323563855465e-05,1.000040690789949,0.28109400321695244,-0.0009267243064740847,-0.0029123649811924057,1.0014551237979625,0.9896103896103896,0.7669461573735346,0.7395497663627122,0.7051010781055569,0.17670126271208644,0.75,845.1428571428571,16,"{""bootstrap_stability"": true, ""compression"": true, ""geometry_dominance"": true, ""heldout_r2"": false, ""identity_destroyer"": true, ""model_consistency_nrmse"": false, ""model_consistency_r2"": false, ""pooled_destroyer"": false, ""step_transfer"": true, ""support_safe"": true, ""test_support"": true, ""train_support"": true}"
1337,1,target_shuffle,RIDGE_plus,rejected,False,affine_y,"omega_RIDGE_plus: State(x,y) -> State(x + 0.29968114*e_0, (-0.018279876)*y + (0.034560633))",1453,335,0.2996811396962524,-0.004596081603192026,1.0022954063564253,0.24176555034752528,-0.003532034307932433,-0.14508194302193766,1.070085016726212,0.9961038961038962,0.7691869432257243,0.7405006829501933,0.6992197301075087,0.1695499921601412,1.0,830.2857142857143,16,"{""bootstrap_stability"": true, ""compression"": true, ""geometry_dominance"": true, ""heldout_r2"": false, ""identity_destroyer"": true, ""model_consistency_nrmse"": false, ""model_consistency_r2"": false, ""pooled_destroyer"": false, ""step_transfer"": true, ""support_safe"": true, ""test_support"": true, ""train_support"": true}"
1337,1,target_shuffle,NUB_minus,rejected,False,context_affine,"omega_NUB_minus: State(x,y) -> State(x + -0.29554571*e_1, (0.035577849)*y + (0.054325901) + (-0.039437965)*x0 + (0.077431033)*x1 + (0.068822964)*x2 + (-0.050773378)*x3)",1654,340,-0.295545714174531,0.0024291731271889327,0.9987846749288914,0.3272564239801732,0.002731259552689554,0.2971402098520398,0.8383673360454594,0.9935064935064936,0.770086556287563,0.7471421977671031,0.7018943965543871,0.21665588615782622,1.0,640.258064516129,16,"{""bootstrap_stability"": true, ""compression"": true, ""geometry_dominance"": true, ""heldout_r2"": false, ""identity_destroyer"": true, ""model_consistency_nrmse"": false, ""model_consistency_r2"": false, ""pooled_destroyer"": false, ""step_transfer"": true, ""support_safe"": true, ""test_support"": true, ""train_support"": true}"
1337,1,target_shuffle,NUB_plus,rejected,False,affine_y,"omega_NUB_plus: State(x,y) -> State(x + 0.29650155*e_1, (0.013912733)*y + (-0.0097373631))",1651,350,0.29650155412981727,-0.0009569250180960776,1.0004783481005954,0.27680461236159615,0.0001444195175692438,-0.2148591060395586,1.1022064716011963,0.9935064935064936,0.767394724926284,0.7403527910828487,0.7065074555596098,0.19661508704061886,1.0,943.4285714285714,16,"{""bootstrap_stability"": true, ""compression"": true, ""geometry_dominance"": true, ""heldout_r2"": false, ""identity_destroyer"": true, ""model_consistency_nrmse"": false, ""model_consistency_r2"": false, ""pooled_destroyer"": false, ""step_transfer"": true, ""support_safe"": true, ""test_support"": true, ""train_support"": true}"
1337,1,target_shuffle,CRACK_minus,rejected,False,affine_y,"omega_CRACK_minus: State(x,y) -> State(x + -0.29739118*e_2, (0.028624765)*y + (-0.034298329))",1573,371,-0.29739118496769157,-0.0015301706706647433,1.0007647928812569,0.2523852998533914,-0.0005520076989731238,-0.11636208994536013,1.0565803755253833,0.9922077922077922,0.7725878738548216,0.7447648825531732,0.6958359255410077,0.16326618088298273,1.0,898.8571428571429,16,"{""bootstrap_stability"": true, ""compression"": true, ""geometry_dominance"": true, ""heldout_r2"": false, ""identity_destroyer"": true, ""model_consistency_nrmse"": false, ""model_consistency_r2"": false, ""pooled_destroyer"": false, ""step_transfer"": true, ""support_safe"": true, ""test_support"": true, ""train_support"": true}"
1337,1,target_shuffle,CRACK_plus,rejected,False,context_affine,"omega_CRACK_plus: State(x,y) -> State(x + 0.29593801*e_2, (-0.0039374862)*y + (-0.051564342) + (-0.19139151)*x0 + (-0.0075213886)*x1 + (0.065915114)*x2 + (-0.1694948)*x3)",1569,371,0.295938009010284,0.00042123941118499264,0.9997893581094045,0.31760306226075324,0.0006977029947788218,-1.664468478528787,1.6323199681829499,0.9935064935064936,0.7754171736369245,0.7468515090147175,0.689900545623929,0.18965368711233568,1.0,607.3548387096774,16,"{""bootstrap_stability"": true, ""compression"": true, ""geometry_dominance"": true, ""heldout_r2"": false, ""identity_destroyer"": true, ""model_consistency_nrmse"": false, ""model_consistency_r2"": false, ""pooled_destroyer"": false, ""step_transfer"": true, ""support_safe"": true, ""test_support"": true, ""train_support"": true}"
1337,1,target_shuffle,WEIGHT_minus,rejected,False,affine_y,"omega_WEIGHT_minus: State(x,y) -> State(x + -0.29408795*e_3, (0.016474511)*y + (0.15272206))",1459,297,-0.29408794515684133,-0.004479778819888258,1.0022373864608567,0.29458207775634976,0.0038627774803260766,-2.5359767358567495,1.8804192978845835,0.990909090909091,0.7663752174197527,0.7312571339828509,0.70019938119127,0.19877146541777005,0.875,833.7142857142857,16,"{""bootstrap_stability"": true, ""compression"": true, ""geometry_dominance"": true, ""heldout_r2"": false, ""identity_destroyer"": true, ""model_consistency_nrmse"": false, ""model_consistency_r2"": false, ""pooled_destroyer"": false, ""step_transfer"": true, ""support_safe"": true, ""test_support"": true, ""train_support"": true}"
1337,1,target_shuffle,WEIGHT_plus,rejected,False,affine_y,"omega_WEIGHT_plus: State(x,y) -> State(x + 0.29317971*e_3, (0.02960729)*y + (-0.0907702))",1465,313,0.2931797118367683,-1.0958086795964661e-05,1.000005479028388,0.26159179704690255,0.00023100539790752805,-1.4329459878613053,1.5597903666394741,0.9935064935064936,0.7632829166592626,0.7324564770976036,0.7089707341765827,0.20289361702127737,1.0,837.1428571428571,16,"{""bootstrap_stability"": true, ""compression"": true, ""geometry_dominance"": true, ""heldout_r2"": false, ""identity_destroyer"": true, ""model_consistency_nrmse"": false, ""model_consistency_r2"": false, ""pooled_destroyer"": false, ""step_transfer"": true, ""support_safe"": true, ""test_support"": true, ""train_support"": true}"
1337,2,real,RIDGE_minus,promoted,True,context_affine,"omega_RIDGE_minus: State(x,y) -> State(x + -0.29504605*e_0, (0.035369524)*y + (1.3780283) + (-4.5825352)*x0 + (1.0820757)*x1 + (-0.30708331)*x2 + (-2.943859)*x3)",1507,328,-0.29504604959089986,0.6633373177639044,0.5802264060141487,0.41153645411753825,0.26799736926732187,0.9817176503093896,0.13521223942606075,0.9818181818181818,0.7669474120236249,0.7417027513536144,0.6974334812607301,0.19703668614137648,1.0,583.3548387096774,16,"{""bootstrap_stability"": true, ""compression"": true, ""geometry_dominance"": true, ""heldout_r2"": true, ""identity_destroyer"": true, ""model_consistency_nrmse"": true, ""model_consistency_r2"": true, ""pooled_destroyer"": true, ""step_transfer"": true, ""support_safe"": true, ""test_support"": true, ""train_support"": true}"
1337,2,real,RIDGE_plus,promoted,True,context_affine,"omega_RIDGE_plus: State(x,y) -> State(x + 0.29611759*e_0, (0.041980661)*y + (-1.3411295) + (-4.4962352)*x0 + (1.1393705)*x1 + (-0.33360858)*x2 + (-2.9780008)*x3)",1484,326,0.29611758900991003,0.6019516149900426,0.6309107583564869,0.408017127694069,0.2823009585434103,0.9830547378708585,0.13017396870780862,0.9844155844155844,0.7669812273065787,0.7471614539488272,0.6926820759577144,0.1841567023285085,1.0,574.4516129032259,16,"{""bootstrap_stability"": true, ""compression"": true, ""geometry_dominance"": true, ""heldout_r2"": true, ""identity_destroyer"": true, ""model_consistency_nrmse"": true, ""model_consistency_r2"": true, ""pooled_destroyer"": true, ""step_transfer"": true, ""support_safe"": true, ""test_support"": true, ""train_support"": true}"
1337,2,real,NUB_minus,candidate,False,context_affine,"omega_NUB_minus: State(x,y) -> State(x + -0.29704395*e_1, (0.0018130985)*y + (-0.25070099) + (-4.4857218)*x0 + (1.0995467)*x1 + (-0.32544457)*x2 + (-2.9890265)*x3)",1622,345,-0.2970439548357747,0.5937434572168812,0.637382571759786,0.2282915449914154,0.011393682404052495,0.9821295104922587,0.13368055022231665,0.9831168831168832,0.7729180034085485,0.7438709914599668,0.6966034245162613,0.18513895276263015,1.0,627.8709677419355,16,"{""bootstrap_stability"": true, ""compression"": true, ""geometry_dominance"": true, ""heldout_r2"": true, ""identity_destroyer"": true, ""model_consistency_nrmse"": true, ""model_consistency_r2"": true, ""pooled_destroyer"": false, ""step_transfer"": true, ""support_safe"": true, ""test_support"": true, ""train_support"": true}"
1337,2,real,NUB_plus,candidate,False,context_affine,"omega_NUB_plus: State(x,y) -> State(x + 0.29790263*e_1, (-0.00093202099)*y + (0.34720313) + (-4.4776348)*x0 + (1.1538705)*x1 + (-0.33713508)*x2 + (-2.8622852)*x3)",1632,378,0.29790263258446215,0.518875249737733,0.6936315666564397,0.24688142284877024,0.010743377451075656,0.9805442115804167,0.13948400775566794,0.987012987012987,0.770840667683591,0.7426094014948297,0.6969821374582019,0.19321978381919422,1.0,631.741935483871,16,"{""bootstrap_stability"": true, ""compression"": true, ""geometry_dominance"": true, ""heldout_r2"": true, ""identity_destroyer"": true, ""model_consistency_nrmse"": true, ""model_consistency_r2"": true, ""pooled_destroyer"": false, ""step_transfer"": true, ""support_safe"": true, ""test_support"": true, ""train_support"": true}"
1337,2,real,CRACK_minus,candidate,False,context_affine,"omega_CRACK_minus: State(x,y) -> State(x + -0.29708675*e_2, (0.0056014383)*y + (0.11208084) + (-4.3694529)*x0 + (1.0574128)*x1 + (-0.4633435)*x2 + (-2.7797098)*x3)",1574,368,-0.29708674790878997,0.5611233960955488,0.6624776252104303,0.24447513557396425,-0.0030588765172542024,0.9744297953021683,0.1599068625726603,0.987012987012987,0.7761340736750362,0.744752989182456,0.6918811304679513,0.22619965724078836,1.0,609.2903225806451,16,"{""bootstrap_stability"": true, ""compression"": true, ""geometry_dominance"": true, ""heldout_r2"": true, ""identity_destroyer"": true, ""model_consistency_nrmse"": true, ""model_consistency_r2"": true, ""pooled_destroyer"": false, ""step_transfer"": true, ""support_safe"": true, ""test_support"": true, ""train_support"": true}"
1337,2,real,CRACK_plus,candidate,False,context_affine,"omega_CRACK_plus: State(x,y) -> State(x + 0.29612573*e_2, (0.013615116)*y + (-0.048595092) + (-4.3098084)*x0 + (1.0709501)*x1 + (-0.28820049)*x2 + (-2.7371463)*x3)",1549,385,0.29612573464970204,0.5664209126246049,0.6584672257412628,0.20101677534083062,0.008588321190300034,0.9751553673543656,0.1576218025706925,0.9844155844155844,0.7726660949430926,0.7458933695762304,0.6887768105927325,0.24558877259343617,1.0,599.6129032258065,16,"{""bootstrap_stability"": true, ""compression"": true, ""geometry_dominance"": true, ""heldout_r2"": true, ""identity_destroyer"": true, ""model_consistency_nrmse"": true, ""model_consistency_r2"": true, ""pooled_destroyer"": false, ""step_transfer"": true, ""support_safe"": true, ""test_support"": true, ""train_support"": true}"
1337,2,real,WEIGHT_minus,promoted,True,context_affine,"omega_WEIGHT_minus: State(x,y) -> State(x + -0.29403968*e_3, (0.032445299)*y + (0.91687577) + (-4.3703906)*x0 + (1.0172423)*x1 + (-0.33780729)*x2 + (-2.9113051)*x3)",1460,315,-0.2940396787331756,0.6217520000409963,0.6150186988693951,0.31528340597651683,0.09080233554685431,0.9790653758308729,0.1446880235856687,0.9818181818181818,0.7638826137253848,0.7390376630726995,0.7016878812230097,0.19089010174516557,1.0,565.1612903225806,16,"{""bootstrap_stability"": true, ""compression"": true, ""geometry_dominance"": true, ""heldout_r2"": true, ""identity_destroyer"": true, ""model_consistency_nrmse"": true, ""model_consistency_r2"": true, ""pooled_destroyer"": true, ""step_transfer"": true, ""support_safe"": true, ""test_support"": true, ""train_support"": true}"
1337,2,real,WEIGHT_plus,promoted,True,context_affine,"omega_WEIGHT_plus: State(x,y) -> State(x + 0.2953275*e_3, (0.0089473881)*y + (-0.82811212) + (-4.5308717)*x0 + (1.0570539)*x1 + (-0.31126089)*x2 + (-3.0061225)*x3)",1486,323,0.2953275015967061,0.6014111365472294,0.6313389449834143,0.32360044865547843,0.1373723822354174,0.9757324483241918,0.1557804598651838,0.9831168831168832,0.7718812598428082,0.7425530508693811,0.6959981697432659,0.18318126928753523,1.0,575.2258064516129,16,"{""bootstrap_stability"": true, ""compression"": true, ""geometry_dominance"": true, ""heldout_r2"": true, ""identity_destroyer"": true, ""model_consistency_nrmse"": true, ""model_consistency_r2"": true, ""pooled_destroyer"": true, ""step_transfer"": true, ""support_safe"": true, ""test_support"": true, ""train_support"": true}"
1337,2,pair_shuffle,RIDGE_minus,rejected,False,affine_y,"omega_RIDGE_minus: State(x,y) -> State(x + -0.29504605*e_0, (-0.0066564531)*y + (0.65355008))",1507,328,-0.29504604959089986,-0.0015209098956290301,1.0007601660216243,0.331973968029951,0.034592341269671714,-0.08681461482209185,1.0425040118973605,0.9818181818181818,0.7669474120236249,0.7417027513536144,0.6974334812607301,0.19703668614137648,1.0,861.1428571428571,16,"{""bootstrap_stability"": true, ""compression"": true, ""geometry_dominance"": true, ""heldout_r2"": false, ""identity_destroyer"": true, ""model_consistency_nrmse"": false, ""model_consistency_r2"": false, ""pooled_destroyer"": true, ""step_transfer"": true, ""support_safe"": true, ""test_support"": true, ""train_support"": true}"
1337,2,pair_shuffle,RIDGE_plus,rejected,False,affine_y,"omega_RIDGE_plus: State(x,y) -> State(x + 0.29611759*e_0, (0.0054569627)*y + (-0.6656391))",1484,326,0.29611758900991003,-0.025900551585680942,1.0128674896479208,0.37432436369203126,0.05912072092175315,-0.13118888879127732,1.0635736405116842,0.9844155844155844,0.7669812273065787,0.7471614539488272,0.6926820759577144,0.1841567023285085,1.0,848.0,16,"{""bootstrap_stability"": true, ""compression"": true, ""geometry_dominance"": true, ""heldout_r2"": false, ""identity_destroyer"": true, ""model_consistency_nrmse"": false, ""model_consistency_r2"": false, ""pooled_destroyer"": true, ""step_transfer"": true, ""support_safe"": true, ""test_support"": true, ""train_support"": true}"
1337,2,pair_shuffle,NUB_minus,rejected,False,affine_y,"omega_NUB_minus: State(x,y) -> State(x + -0.29704395*e_1, (0.005020806)*y + (-0.087357034))",1622,345,-0.2970439548357747,-0.006472351202443383,1.003230956062682,0.3020113755389812,0.0014488714679441461,-0.007218917472124664,1.0036029680466896,0.9831168831168832,0.7729180034085485,0.7438709914599668,0.6966034245162613,0.18513895276263015,1.0,926.8571428571429,16,"{""bootstrap_stability"": true, ""compression"": true, ""geometry_dominance"": true, ""heldout_r2"": false, ""identity_destroyer"": true, ""model_consistency_nrmse"": false, ""model_consistency_r2"": false, ""pooled_destroyer"": false, ""step_transfer"": true, ""support_safe"": true, ""test_support"": true, ""train_support"": true}"
1337,2,pair_shuffle,NUB_plus,rejected,False,affine_y,"omega_NUB_plus: State(x,y) -> State(x + 0.29790263*e_1, (0.0039136915)*y + (0.13398726))",1632,378,0.29790263258446215,-0.004480769676148633,1.0022378807828751,0.3072335372020639,-0.002192873316043232,0.007694108159842172,0.99614551740203,0.987012987012987,0.770840667683591,0.7426094014948297,0.6969821374582019,0.19321978381919422,0.95,932.5714285714286,16,"{""bootstrap_stability"": true, ""compression"": true, ""geometry_dominance"": true, ""heldout_r2"": false, ""identity_destroyer"": true, ""model_consistency_nrmse"": false, ""model_consistency_r2"": false, ""pooled_destroyer"": false, ""step_transfer"": true, ""support_safe"": true, ""test_support"": true, ""train_support"": true}"
1337,2,pair_shuffle,CRACK_minus,rejected,False,affine_y,"omega_CRACK_minus: State(x,y) -> State(x + -0.29708675*e_2, (0.022966056)*y + (-0.033504654))",1574,368,-0.29708674790878997,-0.01678596499724927,1.0083580539655788,0.3073939563899585,0.0020729059501017706,0.0450839257671416,0.9771980731831487,0.987012987012987,0.7761340736750362,0.744752989182456,0.6918811304679513,0.22619965724078836,1.0,899.4285714285714,16,"{""bootstrap_stability"": true, ""compression"": true, ""geometry_dominance"": true, ""heldout_r2"": false, ""identity_destroyer"": true, ""model_consistency_nrmse"": false, ""model_consistency_r2"": false, ""pooled_destroyer"": false, ""step_transfer"": true, ""support_safe"": true, ""test_support"": true, ""train_support"": true}"
1337,2,pair_shuffle,CRACK_plus,rejected,False,affine_y,"omega_CRACK_plus: State(x,y) -> State(x + 0.29612573*e_2, (-0.023059314)*y + (-0.061808519))",1549,385,0.29612573464970204,-0.02523372694782422,1.012538259498289,0.27634200313686397,0.0015638839851798085,-0.049808667433797194,1.0246017116098318,0.9844155844155844,0.7726660949430926,0.7458933695762304,0.6887768105927325,0.24558877259343617,1.0,885.1428571428571,16,"{""bootstrap_stability"": true, ""compression"": true, ""geometry_dominance"": true, ""heldout_r2"": false, ""identity_destroyer"": true, ""model_consistency_nrmse"": false, ""model_consistency_r2"": false, ""pooled_destroyer"": false, ""step_transfer"": true, ""support_safe"": true, ""test_support"": true, ""train_support"": true}"
1337,2,pair_shuffle,WEIGHT_minus,rejected,False,affine_y,"omega_WEIGHT_minus: State(x,y) -> State(x + -0.29403968*e_3, (-0.0019652648)*y + (0.42891019))",1460,315,-0.2940396787331756,-0.009481287392370419,1.0047294598011798,0.31200160795622595,-0.003262960368211346,-0.037640392407238155,1.0186463529641865,0.9818181818181818,0.7638826137253848,0.7390376630726995,0.7016878812230097,0.19089010174516557,1.0,834.2857142857143,16,"{""bootstrap_stability"": true, ""compression"": true, ""geometry_dominance"": true, ""heldout_r2"": false, ""identity_destroyer"": true, ""model_consistency_nrmse"": false, ""model_consistency_r2"": false, ""pooled_destroyer"": false, ""step_transfer"": true, ""support_safe"": true, ""test_support"": true, ""train_support"": true}"
1337,2,pair_shuffle,WEIGHT_plus,rejected,False,affine_y,"omega_WEIGHT_plus: State(x,y) -> State(x + 0.2953275*e_3, (-0.015261767)*y + (-0.54556912))",1486,323,0.2953275015967061,-0.03409911266842158,1.0169066391111927,0.32079344427186174,0.0461367422785108,-0.09894661369553992,1.0483065456704637,0.9831168831168832,0.7718812598428082,0.7425530508693811,0.6959981697432659,0.18318126928753523,1.0,849.1428571428571,16,"{""bootstrap_stability"": true, ""compression"": true, ""geometry_dominance"": true, ""heldout_r2"": false, ""identity_destroyer"": true, ""model_consistency_nrmse"": false, ""model_consistency_r2"": false, ""pooled_destroyer"": true, ""step_transfer"": true, ""support_safe"": true, ""test_support"": true, ""train_support"": true}"
1337,2,target_shuffle,RIDGE_minus,rejected,False,affine_y,"omega_RIDGE_minus: State(x,y) -> State(x + -0.29504605*e_0, (-0.0013212558)*y + (0.060030227))",1507,328,-0.29504604959089986,-0.013423136215771736,1.006689195440068,0.3025914129105004,-0.0017636048297527123,-0.22739650283165536,1.1078792817052114,0.9818181818181818,0.7669474120236249,0.7417027513536144,0.6974334812607301,0.19703668614137648,1.0,861.1428571428571,16,"{""bootstrap_stability"": true, ""compression"": true, ""geometry_dominance"": true, ""heldout_r2"": false, ""identity_destroyer"": true, ""model_consistency_nrmse"": false, ""model_consistency_r2"": false, ""pooled_destroyer"": false, ""step_transfer"": true, ""support_safe"": true, ""test_support"": true, ""train_support"": true}"
1337,2,target_shuffle,RIDGE_plus,rejected,False,affine_y,"omega_RIDGE_plus: State(x,y) -> State(x + 0.29611759*e_0, (-0.013889495)*y + (0.082775049))",1484,326,0.29611758900991003,-0.0011225038172073543,1.0005610944950876,0.27669956703583837,-0.0005143755549066165,-0.029351394160098465,1.0145695610258068,0.9844155844155844,0.7669812273065787,0.7471614539488272,0.6926820759577144,0.1841567023285085,0.875,848.0,16,"{""bootstrap_stability"": true, ""compression"": true, ""geometry_dominance"": true, ""heldout_r2"": false, ""identity_destroyer"": true, ""model_consistency_nrmse"": false, ""model_consistency_r2"": false, ""pooled_destroyer"": false, ""step_transfer"": true, ""support_safe"": true, ""test_support"": true, ""train_support"": true}"
1337,2,target_shuffle,NUB_minus,rejected,False,affine_y,"omega_NUB_minus: State(x,y) -> State(x + -0.29704395*e_1, (0.019237626)*y + (-0.044093003))",1622,345,-0.2970439548357747,-0.003462620463196453,1.0017298141031825,0.3337644278212321,0.00045691655857583476,-0.5094924178213542,1.2286140231257958,0.9831168831168832,0.7729180034085485,0.7438709914599668,0.6966034245162613,0.18513895276263015,1.0,926.8571428571429,16,"{""bootstrap_stability"": true, ""compression"": true, ""geometry_dominance"": true, ""heldout_r2"": false, ""identity_destroyer"": true, ""model_consistency_nrmse"": false, ""model_consistency_r2"": false, ""pooled_destroyer"": false, ""step_transfer"": true, ""support_safe"": true, ""test_support"": true, ""train_support"": true}"
1337,2,target_shuffle,NUB_plus,rejected,False,affine_y,"omega_NUB_plus: State(x,y) -> State(x + 0.29790263*e_1, (-0.014498189)*y + (0.02794623))",1632,378,0.29790263258446215,-0.0018207033487143143,1.0009099376810655,0.275195870430999,-0.0003198787138311381,-0.19111887829020646,1.091383927997021,0.987012987012987,0.770840667683591,0.7426094014948297,0.6969821374582019,0.19321978381919422,1.0,932.5714285714286,16,"{""bootstrap_stability"": true, ""compression"": true, ""geometry_dominance"": true, ""heldout_r2"": false, ""identity_destroyer"": true, ""model_consistency_nrmse"": false, ""model_consistency_r2"": false, ""pooled_destroyer"": false, ""step_transfer"": true, ""support_safe"": true, ""test_support"": true, ""train_support"": true}"
1337,2,target_shuffle,CRACK_minus,rejected,False,affine_y,"omega_CRACK_minus: State(x,y) -> State(x + -0.29708675*e_2, (0.015131864)*y + (0.096846201))",1574,368,-0.29708674790878997,-0.008390636361653492,1.0041865545612794,0.22574574049565027,-0.0007778786248518235,-0.20316682128366015,1.0968896121687268,0.987012987012987,0.7761340736750362,0.744752989182456,0.6918811304679513,0.22619965724078836,1.0,899.4285714285714,16,"{""bootstrap_stability"": true, ""compression"": true, ""geometry_dominance"": true, ""heldout_r2"": false, ""identity_destroyer"": true, ""model_consistency_nrmse"": false, ""model_consistency_r2"": false, ""pooled_destroyer"": false, ""step_transfer"": true, ""support_safe"": true, ""test_support"": true, ""train_support"": true}"
1337,2,target_shuffle,CRACK_plus,rejected,False,affine_y,"omega_CRACK_plus: State(x,y) -> State(x + 0.29612573*e_2, (0.0076516946)*y + (-0.020029842))",1549,385,0.29612573464970204,0.0006366574553819948,0.9996816205895844,0.32076455268803555,0.0008414413766051082,-0.4690453846870777,1.2120418246442974,0.9844155844155844,0.7726660949430926,0.7458933695762304,0.6887768105927325,0.24558877259343617,1.0,885.1428571428571,16,"{""bootstrap_stability"": true, ""compression"": true, ""geometry_dominance"": true, ""heldout_r2"": false, ""identity_destroyer"": true, ""model_consistency_nrmse"": false, ""model_consistency_r2"": false, ""pooled_destroyer"": false, ""step_transfer"": true, ""support_safe"": true, ""test_support"": true, ""train_support"": true}"
1337,2,target_shuffle,WEIGHT_minus,rejected,False,identity,"omega_WEIGHT_minus: State(x,y) -> State(x + -0.29403968*e_3, y)",1460,315,-0.2940396787331756,-1.145609116531828,1.464789785782188,0.0,-0.4507543489371421,0.9558884395462239,0.21002752308632322,0.9818181818181818,0.7638826137253848,0.7390376630726995,0.7016878812230097,0.19089010174516557,1.0,1347.6923076923076,16,"{""bootstrap_stability"": true, ""compression"": true, ""geometry_dominance"": true, ""heldout_r2"": false, ""identity_destroyer"": false, ""model_consistency_nrmse"": true, ""model_consistency_r2"": true, ""pooled_destroyer"": false, ""step_transfer"": true, ""support_safe"": true, ""test_support"": true, ""train_support"": true}"
1337,2,target_shuffle,WEIGHT_plus,rejected,False,affine_y,"omega_WEIGHT_plus: State(x,y) -> State(x + 0.2953275*e_3, (-0.016463595)*y + (0.0089656659))",1486,323,0.2953275015967061,-0.03898537820310377,1.0193063220656995,0.29494890819721953,-0.0003979297169398332,-0.42472953290579607,1.1936203470558786,0.9831168831168832,0.7718812598428082,0.7425530508693811,0.6959981697432659,0.18318126928753523,1.0,849.1428571428571,16,"{""bootstrap_stability"": true, ""compression"": true, ""geometry_dominance"": true, ""heldout_r2"": false, ""identity_destroyer"": true, ""model_consistency_nrmse"": false, ""model_consistency_r2"": false, ""pooled_destroyer"": false, ""step_transfer"": true, ""support_safe"": true, ""test_support"": true, ""train_support"": true}"
1337,3,real,RIDGE_minus,promoted,True,context_affine,"omega_RIDGE_minus: State(x,y) -> State(x + -0.29455331*e_0, (0.028995051)*y + (1.262695) + (-4.7580956)*x0 + (1.1114259)*x1 + (-0.34850217)*x2 + (-3.1361199)*x3)",1513,313,-0.2945533090049287,0.6881724793252549,0.5584151866440821,0.35932553594841854,0.26880977519987004,0.9851708389190571,0.1217750429313941,0.9844155844155844,0.7663321072225021,0.740277101119458,0.696093381281827,0.1535458337790141,1.0,585.6774193548387,16,"{""bootstrap_stability"": true, ""compression"": true, ""geometry_dominance"": true, ""heldout_r2"": true, ""identity_destroyer"": true, ""model_consistency_nrmse"": true, ""model_consistency_r2"": true, ""pooled_destroyer"": true, ""step_transfer"": true, ""support_safe"": true, ""test_support"": true, ""train_support"": true}"
1337,3,real,RIDGE_plus,promoted,True,context_affine,"omega_RIDGE_plus: State(x,y) -> State(x + 0.29564028*e_0, (0.031850032)*y + (-1.4093499) + (-4.5787532)*x0 + (1.1220405)*x1 + (-0.28992876)*x2 + (-3.1215507)*x3)",1490,342,0.29564027971416723,0.6794608651796528,0.5661617567624532,0.4151748539366344,0.258006632645405,0.9841737982098722,0.1258022328503268,0.9857142857142858,0.7670937594604064,0.7373781986457135,0.7017657622836839,0.17536100602120716,1.0,576.7741935483871,16,"{""bootstrap_stability"": true, ""compression"": true, ""geometry_dominance"": true, ""heldout_r2"": true, ""identity_destroyer"": true, ""model_consistency_nrmse"": true, ""model_consistency_r2"": true, ""pooled_destroyer"": true, ""step_transfer"": true, ""support_safe"": true, ""test_support"": true, ""train_support"": true}"
1337,3,real,NUB_minus,candidate,False,context_affine,"omega_NUB_minus: State(x,y) -> State(x + -0.29667483*e_1, (0.0096070315)*y + (-0.36129496) + (-4.5308854)*x0 + (1.1170241)*x1 + (-0.28938533)*x2 + (-2.969444)*x3)",1657,386,-0.29667482651189625,0.5959326161500468,0.6356629483066897,0.168393335431074,-0.004894153402769477,0.984592572106914,0.12412666068611537,0.987012987012987,0.7703679564991294,0.7491718043719995,0.6906638812822268,0.19434365686147456,1.0,641.4193548387096,16,"{""bootstrap_stability"": true, ""compression"": true, ""geometry_dominance"": true, ""heldout_r2"": true, ""identity_destroyer"": true, ""model_consistency_nrmse"": true, ""model_consistency_r2"": true, ""pooled_destroyer"": false, ""step_transfer"": true, ""support_safe"": true, ""test_support"": true, ""train_support"": true}"
1337,3,real,NUB_plus,candidate,False,context_affine,"omega_NUB_plus: State(x,y) -> State(x + 0.29688627*e_1, (0.042794124)*y + (0.2768217) + (-4.2599841)*x0 + (1.1518736)*x1 + (-0.34104635)*x2 + (-2.7154339)*x3)",1636,374,0.29688627027836195,0.6487909629309596,0.5926289202098057,0.2563001084008762,0.016225801882627813,0.9804872107893201,0.1396881856517577,0.9831168831168832,0.7694829509153203,0.7457907822390082,0.6918074839353296,0.1780511492392357,1.0,633.2903225806451,16,"{""bootstrap_stability"": true, ""compression"": true, ""geometry_dominance"": true, ""heldout_r2"": true, ""identity_destroyer"": true, ""model_consistency_nrmse"": true, ""model_consistency_r2"": true, ""pooled_destroyer"": false, ""step_transfer"": true, ""support_safe"": true, ""test_support"": true, ""train_support"": true}"
1337,3,real,CRACK_minus,candidate,False,context_affine,"omega_CRACK_minus: State(x,y) -> State(x + -0.30185919*e_2, (-0.0068724939)*y + (0.017538823) + (-4.3176483)*x0 + (1.0887556)*x1 + (-0.37406318)*x2 + (-2.8455737)*x3)",1591,369,-0.30185918593966427,0.6021391113513848,0.6307621490297394,0.18663583285947646,-0.0008328648137066172,0.9730424688046115,0.16418748793799268,0.9805194805194806,0.7705353762518369,0.7443165445566755,0.6954080606832017,0.16855713094245203,1.0,615.8709677419355,16,"{""bootstrap_stability"": true, ""compression"": true, ""geometry_dominance"": true, ""heldout_r2"": true, ""identity_destroyer"": true, ""model_consistency_nrmse"": true, ""model_consistency_r2"": true, ""pooled_destroyer"": false, ""step_transfer"": true, ""support_safe"": true, ""test_support"": true, ""train_support"": true}"
1337,3,real,CRACK_plus,candidate,False,context_affine,"omega_CRACK_plus: State(x,y) -> State(x + 0.29785622*e_2, (-0.0040057277)*y + (-0.16433674) + (-4.4236335)*x0 + (1.049309)*x1 + (-0.29129945)*x2 + (-2.8664993)*x3)",1572,363,0.2978562159176119,0.6178288518971831,0.6181999256735777,0.20391884971030846,-0.010263720669551148,0.974492865266987,0.1597095323799211,0.987012987012987,0.771677089013946,0.7473266024829225,0.6925159702804745,0.19795452624461168,1.0,608.516129032258,16,"{""bootstrap_stability"": true, ""compression"": true, ""geometry_dominance"": true, ""heldout_r2"": true, ""identity_destroyer"": true, ""model_consistency_nrmse"": true, ""model_consistency_r2"": true, ""pooled_destroyer"": false, ""step_transfer"": true, ""support_safe"": true, ""test_support"": true, ""train_support"": true}"
1337,3,real,WEIGHT_minus,promoted,True,context_affine,"omega_WEIGHT_minus: State(x,y) -> State(x + -0.29380437*e_3, (0.024006468)*y + (0.80162454) + (-4.4672825)*x0 + (1.1068214)*x1 + (-0.37893445)*x2 + (-2.9879407)*x3)",1470,305,-0.2938043701179295,0.6769031478114453,0.5684160907192499,0.3246392696138424,0.16620089007726038,0.9772035996122681,0.15098476872761668,0.9818181818181818,0.7651281631005471,0.7420654669040759,0.7012469829209897,0.1794224073189046,1.0,569.0322580645161,16,"{""bootstrap_stability"": true, ""compression"": true, ""geometry_dominance"": true, ""heldout_r2"": true, ""identity_destroyer"": true, ""model_consistency_nrmse"": true, ""model_consistency_r2"": true, ""pooled_destroyer"": true, ""step_transfer"": true, ""support_safe"": true, ""test_support"": true, ""train_support"": true}"
1337,3,real,WEIGHT_plus,promoted,True,context_affine,"omega_WEIGHT_plus: State(x,y) -> State(x + 0.29271115*e_3, (0.01200718)*y + (-0.99765085) + (-4.5595093)*x0 + (1.0445558)*x1 + (-0.30837959)*x2 + (-3.1076652)*x3)",1459,300,0.2927111538844736,0.6375092423789038,0.6020720535127804,0.24659348784022925,0.040402343412501464,0.9753391393275835,0.15703776829927396,0.9818181818181818,0.7625625904626244,0.7494145999094264,0.6950597578794819,0.16558163440123363,1.0,564.7741935483871,16,"{""bootstrap_stability"": true, ""compression"": true, ""geometry_dominance"": true, ""heldout_r2"": true, ""identity_destroyer"": true, ""model_consistency_nrmse"": true, ""model_consistency_r2"": true, ""pooled_destroyer"": true, ""step_transfer"": true, ""support_safe"": true, ""test_support"": true, ""train_support"": true}"
1337,3,pair_shuffle,RIDGE_minus,rejected,False,affine_y,"omega_RIDGE_minus: State(x,y) -> State(x + -0.29455331*e_0, (0.043376519)*y + (0.56645067))",1513,313,-0.2945533090049287,-0.010013796805836028,1.0049944262561041,0.3093111565243779,0.055448953932858605,-0.061459639753257855,1.0302716339651683,0.9844155844155844,0.7663321072225021,0.740277101119458,0.696093381281827,0.1535458337790141,1.0,864.5714285714286,16,"{""bootstrap_stability"": true, ""compression"": true, ""geometry_dominance"": true, ""heldout_r2"": false, ""identity_destroyer"": true, ""model_consistency_nrmse"": false, ""model_consistency_r2"": false, ""pooled_destroyer"": true, ""step_transfer"": true, ""support_safe"": true, ""test_support"": true, ""train_support"": true}"
1337,3,pair_shuffle,RIDGE_plus,rejected,False,affine_y,"omega_RIDGE_plus: State(x,y) -> State(x + 0.29564028*e_0, (-0.017926835)*y + (-0.72846973))",1490,342,0.29564027971416723,-0.000986252848566016,1.0004930048973686,0.3616720163880634,0.023954487101180328,-0.09863561004530452,1.0481581989591573,0.9857142857142858,0.7670937594604064,0.7373781986457135,0.7017657622836839,0.17536100602120716,0.95,851.4285714285714,16,"{""bootstrap_stability"": true, ""compression"": true, ""geometry_dominance"": true, ""heldout_r2"": false, ""identity_destroyer"": true, ""model_consistency_nrmse"": false, ""model_consistency_r2"": false, ""pooled_destroyer"": true, ""step_transfer"": true, ""support_safe"": true, ""test_support"": true, ""train_support"": true}"
1337,3,pair_shuffle,NUB_minus,rejected,False,affine_y,"omega_NUB_minus: State(x,y) -> State(x + -0.29667483*e_1, (0.0085658045)*y + (-0.24793689))",1657,386,-0.29667482651189625,-0.003072893935988974,1.0015352684433978,0.2963674458862239,-0.0016027868512042704,0.016889360313098845,0.9915193592093404,0.987012987012987,0.7703679564991294,0.7491718043719995,0.6906638812822268,0.19434365686147456,1.0,946.8571428571429,16,"{""bootstrap_stability"": true, ""compression"": true, ""geometry_dominance"": true, ""heldout_r2"": false, ""identity_destroyer"": true, ""model_consistency_nrmse"": false, ""model_consistency_r2"": false, ""pooled_destroyer"": false, ""step_transfer"": true, ""support_safe"": true, ""test_support"": true, ""train_support"": true}"
1337,3,pair_shuffle,NUB_plus,rejected,False,affine_y,"omega_NUB_plus: State(x,y) -> State(x + 0.29688627*e_1, (-0.013797492)*y + (0.060389989))",1636,374,0.29688627027836195,-0.002570520955356148,1.0012844355902852,0.32350702904100503,0.004367076445770009,-0.04492650866597647,1.0222164685945812,0.9831168831168832,0.7694829509153203,0.7457907822390082,0.6918074839353296,0.1780511492392357,1.0,934.8571428571429,16,"{""bootstrap_stability"": true, ""compression"": true, ""geometry_dominance"": true, ""heldout_r2"": false, ""identity_destroyer"": true, ""model_consistency_nrmse"": false, ""model_consistency_r2"": false, ""pooled_destroyer"": false, ""step_transfer"": true, ""support_safe"": true, ""test_support"": true, ""train_support"": true}"
1337,3,pair_shuffle,CRACK_minus,rejected,False,affine_y,"omega_CRACK_minus: State(x,y) -> State(x + -0.30185919*e_2, (-0.0082945775)*y + (-0.046379531))",1591,369,-0.30185918593966427,-0.005619323158208456,1.0028057255312257,0.289976066650921,0.0024167405919192776,-0.021799969303699873,1.0108412186410387,0.9805194805194806,0.7705353762518369,0.7443165445566755,0.6954080606832017,0.16855713094245203,1.0,909.1428571428571,16,"{""bootstrap_stability"": true, ""compression"": true, ""geometry_dominance"": true, ""heldout_r2"": false, ""identity_destroyer"": true, ""model_consistency_nrmse"": false, ""model_consistency_r2"": false, ""pooled_destroyer"": false, ""step_transfer"": true, ""support_safe"": true, ""test_support"": true, ""train_support"": true}"
1337,3,pair_shuffle,CRACK_plus,rejected,False,affine_y,"omega_CRACK_plus: State(x,y) -> State(x + 0.29785622*e_2, (0.0070779259)*y + (-0.11734772))",1572,363,0.2978562159176119,-0.013148869362045179,1.006552964012349,0.30722043458964676,0.000377435859206223,0.011073021619236179,0.9944480772673672,0.987012987012987,0.771677089013946,0.7473266024829225,0.6925159702804745,0.19795452624461168,1.0,898.2857142857143,16,"{""bootstrap_stability"": true, ""compression"": true, ""geometry_dominance"": true, ""heldout_r2"": false, ""identity_destroyer"": true, ""model_consistency_nrmse"": false, ""model_consistency_r2"": false, ""pooled_destroyer"": false, ""step_transfer"": true, ""support_safe"": true, ""test_support"": true, ""train_support"": true}"
1337,3,pair_shuffle,WEIGHT_minus,rejected,False,affine_y,"omega_WEIGHT_minus: State(x,y) -> State(x + -0.29380437*e_3, (0.054044451)*y + (0.30344884))",1470,305,-0.2938043701179295,-0.026848683264036666,1.013335424854,0.32074124309777247,0.026208135216445477,0.006483317232788166,0.99675307010674,0.9818181818181818,0.7651281631005471,0.7420654669040759,0.7012469829209897,0.1794224073189046,1.0,840.0,16,"{""bootstrap_stability"": true, ""compression"": true, ""geometry_dominance"": true, ""heldout_r2"": false, ""identity_destroyer"": true, ""model_consistency_nrmse"": false, ""model_consistency_r2"": false, ""pooled_destroyer"": true, ""step_transfer"": true, ""support_safe"": true, ""test_support"": true, ""train_support"": true}"
1337,3,pair_shuffle,WEIGHT_plus,rejected,False,affine_y,"omega_WEIGHT_plus: State(x,y) -> State(x + 0.29271115*e_3, (0.083122437)*y + (-0.76165348))",1459,300,0.2927111538844736,-0.041999849037157366,1.0207839384694284,0.3196993047940121,-0.020112421985425004,0.15335872282989405,0.9201311195531351,0.9818181818181818,0.7625625904626244,0.7494145999094264,0.6950597578794819,0.16558163440123363,1.0,833.7142857142857,16,"{""bootstrap_stability"": true, ""compression"": true, ""geometry_dominance"": true, ""heldout_r2"": false, ""identity_destroyer"": true, ""model_consistency_nrmse"": false, ""model_consistency_r2"": false, ""pooled_destroyer"": false, ""step_transfer"": true, ""support_safe"": true, ""test_support"": true, ""train_support"": true}"
1337,3,target_shuffle,RIDGE_minus,rejected,False,affine_y,"omega_RIDGE_minus: State(x,y) -> State(x + -0.29455331*e_0, (-0.0090793645)*y + (-0.11153851))",1513,313,-0.2945533090049287,-0.015828013978198552,1.0078829366440325,0.28558958086650216,0.0006016063850589722,-0.11323949408519596,1.05510165106742,0.9844155844155844,0.7663321072225021,0.740277101119458,0.696093381281827,0.1535458337790141,1.0,864.5714285714286,16,"{""bootstrap_stability"": true, ""compression"": true, ""geometry_dominance"": true, ""heldout_r2"": false, ""identity_destroyer"": true, ""model_consistency_nrmse"": false, ""model_consistency_r2"": false, ""pooled_destroyer"": false, ""step_transfer"": true, ""support_safe"": true, ""test_support"": true, ""train_support"": true}"
1337,3,target_shuffle,RIDGE_plus,rejected,False,identity,"omega_RIDGE_plus: State(x,y) -> State(x + 0.29564028*e_0, y)",1490,342,0.29564027971416723,-1.0962641880411494,1.4478481232647122,0.0,-0.43382276121243635,0.895217492318632,0.323701263020965,0.9857142857142858,0.7670937594604064,0.7373781986457135,0.7017657622836839,0.17536100602120716,1.0,1375.3846153846155,16,"{""bootstrap_stability"": true, ""compression"": true, ""geometry_dominance"": true, ""heldout_r2"": false, ""identity_destroyer"": false, ""model_consistency_nrmse"": true, ""model_consistency_r2"": true, ""pooled_destroyer"": false, ""step_transfer"": true, ""support_safe"": true, ""test_support"": true, ""train_support"": true}"
1337,3,target_shuffle,NUB_minus,rejected,False,affine_y,"omega_NUB_minus: State(x,y) -> State(x + -0.29667483*e_1, (0.0088216525)*y + (-0.10574629))",1657,386,-0.29667482651189625,-0.012970961906115575,1.0064645855200844,0.255344959241809,0.0018141865865935211,-0.24328427096487992,1.1150265785912368,0.987012987012987,0.7703679564991294,0.7491718043719995,0.6906638812822268,0.19434365686147456,1.0,946.8571428571429,16,"{""bootstrap_stability"": true, ""compression"": true, ""geometry_dominance"": true, ""heldout_r2"": false, ""identity_destroyer"": true, ""model_consistency_nrmse"": false, ""model_consistency_r2"": false, ""pooled_destroyer"": false, ""step_transfer"": true, ""support_safe"": true, ""test_support"": true, ""train_support"": true}"
1337,3,target_shuffle,NUB_plus,rejected,False,identity,"omega_NUB_plus: State(x,y) -> State(x + 0.29688627*e_1, y)",1636,374,0.29688627027836195,-0.8979454653584449,1.3776594155880637,0.0,-0.3592278836659742,0.9976004483440304,0.048985218749838834,0.9831168831168832,0.7694829509153203,0.7457907822390082,0.6918074839353296,0.1780511492392357,1.0,1510.1538461538462,16,"{""bootstrap_stability"": true, ""compression"": true, ""geometry_dominance"": true, ""heldout_r2"": false, ""identity_destroyer"": false, ""model_consistency_nrmse"": true, ""model_consistency_r2"": true, ""pooled_destroyer"": false, ""step_transfer"": true, ""support_safe"": true, ""test_support"": true, ""train_support"": true}"
1337,3,target_shuffle,CRACK_minus,rejected,False,affine_y,"omega_CRACK_minus: State(x,y) -> State(x + -0.30185919*e_2, (-0.048262471)*y + (-0.14275553))",1591,369,-0.30185918593966427,-0.012334593569691465,1.006148395401837,0.3228886677284375,0.0002267653625505503,-1.0629662028495543,1.436302963461941,0.9805194805194806,0.7705353762518369,0.7443165445566755,0.6954080606832017,0.16855713094245203,1.0,909.1428571428571,16,"{""bootstrap_stability"": true, ""compression"": true, ""geometry_dominance"": true, ""heldout_r2"": false, ""identity_destroyer"": true, ""model_consistency_nrmse"": false, ""model_consistency_r2"": false, ""pooled_destroyer"": false, ""step_transfer"": true, ""support_safe"": true, ""test_support"": true, ""train_support"": true}"
1337,3,target_shuffle,CRACK_plus,rejected,False,affine_y,"omega_CRACK_plus: State(x,y) -> State(x + 0.29785622*e_2, (-0.0222483)*y + (-0.084565884))",1572,363,0.2978562159176119,-0.015951212479476284,1.0079440522566103,0.2929271577532891,0.0012332819227165726,-0.12562545588104457,1.0609549735408403,0.987012987012987,0.771677089013946,0.7473266024829225,0.6925159702804745,0.19795452624461168,1.0,898.2857142857143,16,"{""bootstrap_stability"": true, ""compression"": true, ""geometry_dominance"": true, ""heldout_r2"": false, ""identity_destroyer"": true, ""model_consistency_nrmse"": false, ""model_consistency_r2"": false, ""pooled_destroyer"": false, ""step_transfer"": true, ""support_safe"": true, ""test_support"": true, ""train_support"": true}"
1337,3,target_shuffle,WEIGHT_minus,rejected,False,affine_y,"omega_WEIGHT_minus: State(x,y) -> State(x + -0.29380437*e_3, (-0.027426638)*y + (-0.040602569))",1470,305,-0.2938043701179295,-0.008976274253791994,1.004478110390561,0.2792075553570425,0.0016923700536731136,-0.3854137876176269,1.177036017978051,0.9818181818181818,0.7651281631005471,0.7420654669040759,0.7012469829209897,0.1794224073189046,1.0,840.0,16,"{""bootstrap_stability"": true, ""compression"": true, ""geometry_dominance"": true, ""heldout_r2"": false, ""identity_destroyer"": true, ""model_consistency_nrmse"": false, ""model_consistency_r2"": false, ""pooled_destroyer"": false, ""step_transfer"": true, ""support_safe"": true, ""test_support"": true, ""train_support"": true}"
1337,3,target_shuffle,WEIGHT_plus,rejected,False,affine_y,"omega_WEIGHT_plus: State(x,y) -> State(x + 0.29271115*e_3, (-0.0009963853)*y + (-0.20101969))",1459,300,0.2927111538844736,-0.016012585085082742,1.007974496247342,0.2966312484488347,-0.002071035435219954,-4.4724775730133794,2.339332719604755,0.9818181818181818,0.7625625904626244,0.7494145999094264,0.6950597578794819,0.16558163440123363,1.0,833.7142857142857,16,"{""bootstrap_stability"": true, ""compression"": true, ""geometry_dominance"": true, ""heldout_r2"": false, ""identity_destroyer"": true, ""model_consistency_nrmse"": false, ""model_consistency_r2"": false, ""pooled_destroyer"": false, ""step_transfer"": true, ""support_safe"": true, ""test_support"": true, ""train_support"": true}"
1337,4,real,RIDGE_minus,promoted,True,context_affine,"omega_RIDGE_minus: State(x,y) -> State(x + -0.29361285*e_0, (0.054859041)*y + (1.4250162) + (-4.6385667)*x0 + (1.0540024)*x1 + (-0.34172622)*x2 + (-3.0067441)*x3)",1489,320,-0.29361285182612723,0.5954510975319037,0.6360415886308821,0.38556426581798753,0.20656900399240835,0.9889636118025529,0.10505421551488128,0.9895968790637191,0.7708999662802885,0.7328103886018931,0.7050405729479439,0.17605915801276054,1.0,576.3870967741935,16,"{""bootstrap_stability"": true, ""compression"": true, ""geometry_dominance"": true, ""heldout_r2"": true, ""identity_destroyer"": true, ""model_consistency_nrmse"": true, ""model_consistency_r2"": true, ""pooled_destroyer"": true, ""step_transfer"": true, ""support_safe"": true, ""test_support"": true, ""train_support"": true}"
1337,4,real,RIDGE_plus,promoted,True,context_affine,"omega_RIDGE_plus: State(x,y) -> State(x + 0.29570566*e_0, (0.077832513)*y + (-1.3316245) + (-4.2603759)*x0 + (1.0976272)*x1 + (-0.29429217)*x2 + (-2.7506715)*x3)",1495,326,0.295705663471862,0.6332997045659832,0.6055578382235811,0.39972505546485676,0.2949944551925822,0.9785036017960993,0.14661650044896296,0.9856957087126138,0.7657587818039846,0.7386733156305727,0.6980949284865415,0.16900811111700093,1.0,578.7096774193549,16,"{""bootstrap_stability"": true, ""compression"": true, ""geometry_dominance"": true, ""heldout_r2"": true, ""identity_destroyer"": true, ""model_consistency_nrmse"": true, ""model_consistency_r2"": true, ""pooled_destroyer"": true, ""step_transfer"": true, ""support_safe"": true, ""test_support"": true, ""train_support"": true}"
1337,4,real,NUB_minus,promoted,True,context_affine,"omega_NUB_minus: State(x,y) -> State(x + -0.2959918*e_1, (-0.0084899956)*y + (-0.25319375) + (-4.6484769)*x0 + (1.124609)*x1 + (-0.33492604)*x2 + (-3.0139045)*x3)",1653,378,-0.2959918007490825,0.5115092718185601,0.6989211172810849,0.24388106966094675,0.021835682723235376,0.984214461938368,0.12564051122799497,0.9856957087126138,0.7703933676718445,0.7581485361748744,0.6870178171974943,0.20452172778285288,1.0,639.8709677419355,16,"{""bootstrap_stability"": true, ""compression"": true, ""geometry_dominance"": true, ""heldout_r2"": true, ""identity_destroyer"": true, ""model_consistency_nrmse"": true, ""model_consistency_r2"": true, ""pooled_destroyer"": true, ""step_transfer"": true, ""support_safe"": true, ""test_support"": true, ""train_support"": true}"
1337,4,real,NUB_plus,candidate,False,context_affine,"omega_NUB_plus: State(x,y) -> State(x + 0.29535447*e_1, (0.043188655)*y + (0.33541116) + (-4.1939716)*x0 + (0.99716345)*x1 + (-0.28718185)*x2 + (-2.6580808)*x3)",1606,367,0.29535447010672844,0.5547319596416918,0.667284077704772,0.26602579200025456,0.017445357368075957,0.9624937337689308,0.1936653459735872,0.9856957087126138,0.7698002501014785,0.7492383981713447,0.6889990318441348,0.20316484666187107,1.0,621.6774193548387,16,"{""bootstrap_stability"": true, ""compression"": true, ""geometry_dominance"": true, ""heldout_r2"": true, ""identity_destroyer"": true, ""model_consistency_nrmse"": true, ""model_consistency_r2"": true, ""pooled_destroyer"": false, ""step_transfer"": true, ""support_safe"": true, ""test_support"": true, ""train_support"": true}"
1337,4,real,CRACK_minus,candidate,False,context_affine,"omega_CRACK_minus: State(x,y) -> State(x + -0.30034317*e_2, (0.016602723)*y + (0.092239542) + (-4.2224576)*x0 + (1.0054948)*x1 + (-0.3504173)*x2 + (-2.7196687)*x3)",1570,361,-0.3003431700983535,0.5611372876855549,0.662467140554492,0.23334768876860876,-0.0038059122943578058,0.9728679060635397,0.16471822587819582,0.9843953185955787,0.769508934536011,0.7480099461793135,0.6872404202331146,0.22435464822000933,1.0,607.741935483871,16,"{""bootstrap_stability"": true, ""compression"": true, ""geometry_dominance"": true, ""heldout_r2"": true, ""identity_destroyer"": true, ""model_consistency_nrmse"": true, ""model_consistency_r2"": true, ""pooled_destroyer"": false, ""step_transfer"": true, ""support_safe"": true, ""test_support"": true, ""train_support"": true}"
1337,4,real,CRACK_plus,candidate,False,context_affine,"omega_CRACK_plus: State(x,y) -> State(x + 0.29736609*e_2, (0.02478321)*y + (-0.063443683) + (-4.1555762)*x0 + (1.0890331)*x1 + (-0.32020816)*x2 + (-2.6480747)*x3)",1564,355,0.2973660887345475,0.5288573139116532,0.686398343593825,0.20968387916665707,0.0011610066608397538,0.9733014679140477,0.1633968545779029,0.988296488946684,0.7718266684824056,0.7438590601446818,0.69277323692344,0.1941805478635025,1.0,605.4193548387096,16,"{""bootstrap_stability"": true, ""compression"": true, ""geometry_dominance"": true, ""heldout_r2"": true, ""identity_destroyer"": true, ""model_consistency_nrmse"": true, ""model_consistency_r2"": true, ""pooled_destroyer"": false, ""step_transfer"": true, ""support_safe"": true, ""test_support"": true, ""train_support"": true}"
1337,4,real,WEIGHT_minus,promoted,True,context_affine,"omega_WEIGHT_minus: State(x,y) -> State(x + -0.2919901*e_3, (0.049099276)*y + (0.87937329) + (-4.3243981)*x0 + (1.0725311)*x1 + (-0.31539753)*x2 + (-2.8314298)*x3)",1472,323,-0.29199010258497926,0.5988764108016147,0.6333431843782527,0.3397462746567803,0.11984705925387434,0.9788820721270497,0.14532008764431142,0.988296488946684,0.7670257689319611,0.7385299551966423,0.6998081778504577,0.13152400835072917,1.0,569.8064516129032,16,"{""bootstrap_stability"": true, ""compression"": true, ""geometry_dominance"": true, ""heldout_r2"": true, ""identity_destroyer"": true, ""model_consistency_nrmse"": true, ""model_consistency_r2"": true, ""pooled_destroyer"": true, ""step_transfer"": true, ""support_safe"": true, ""test_support"": true, ""train_support"": true}"
1337,4,real,WEIGHT_plus,promoted,True,context_affine,"omega_WEIGHT_plus: State(x,y) -> State(x + 0.29331919*e_3, (0.042132479)*y + (-0.85289858) + (-4.5142701)*x0 + (0.96734494)*x1 + (-0.33956485)*x2 + (-3.0204524)*x3)",1462,321,0.2933191926853864,0.581856135688644,0.6466404443826228,0.3354695758634361,0.1353845276715678,0.9812829594683545,0.1368102354783643,0.9843953185955787,0.7648643051548077,0.7347294177275122,0.7000713384384423,0.13157536113382434,1.0,565.9354838709677,16,"{""bootstrap_stability"": true, ""compression"": true, ""geometry_dominance"": true, ""heldout_r2"": true, ""identity_destroyer"": true, ""model_consistency_nrmse"": true, ""model_consistency_r2"": true, ""pooled_destroyer"": true, ""step_transfer"": true, ""support_safe"": true, ""test_support"": true, ""train_support"": true}"
1337,4,pair_shuffle,RIDGE_minus,rejected,False,affine_y,"omega_RIDGE_minus: State(x,y) -> State(x + -0.29361285*e_0, (-0.064049237)*y + (0.65248339))",1489,320,-0.29361285182612723,-0.014124521576772908,1.0070374976021366,0.33186756840098913,0.02384243650832035,-0.24846252308038586,1.117346196610695,0.9895968790637191,0.7708999662802885,0.7328103886018931,0.7050405729479439,0.17605915801276054,1.0,850.8571428571429,16,"{""bootstrap_stability"": true, ""compression"": true, ""geometry_dominance"": true, ""heldout_r2"": false, ""identity_destroyer"": true, ""model_consistency_nrmse"": false, ""model_consistency_r2"": false, ""pooled_destroyer"": true, ""step_transfer"": true, ""support_safe"": true, ""test_support"": true, ""train_support"": true}"
1337,4,pair_shuffle,RIDGE_plus,rejected,False,affine_y,"omega_RIDGE_plus: State(x,y) -> State(x + 0.29570566*e_0, (0.017932612)*y + (-0.67165191))",1495,326,0.295705663471862,-0.00972579941504037,1.0048511329620124,0.3484948736627411,0.03951455589868859,-0.06236519262056661,1.0307110131460548,0.9856957087126138,0.7657587818039846,0.7386733156305727,0.6980949284865415,0.16900811111700093,1.0,854.2857142857143,16,"{""bootstrap_stability"": true, ""compression"": true, ""geometry_dominance"": true, ""heldout_r2"": false, ""identity_destroyer"": true, ""model_consistency_nrmse"": false, ""model_consistency_r2"": false, ""pooled_destroyer"": true, ""step_transfer"": true, ""support_safe"": true, ""test_support"": true, ""train_support"": true}"
1337,4,pair_shuffle,NUB_minus,rejected,False,affine_y,"omega_NUB_minus: State(x,y) -> State(x + -0.2959918*e_1, (0.0039134505)*y + (-0.12119432))",1653,378,-0.2959918007490825,8.224195935779832e-05,0.9999588781748188,0.27991755382172506,0.0017435246026265194,0.004534034817110566,0.9977304070654002,0.9856957087126138,0.7703933676718445,0.7581485361748744,0.6870178171974943,0.20452172778285288,1.0,944.5714285714286,16,"{""bootstrap_stability"": true, ""compression"": true, ""geometry_dominance"": true, ""heldout_r2"": false, ""identity_destroyer"": true, ""model_consistency_nrmse"": false, ""model_consistency_r2"": false, ""pooled_destroyer"": false, ""step_transfer"": true, ""support_safe"": true, ""test_support"": true, ""train_support"": true}"
1337,4,pair_shuffle,NUB_plus,rejected,False,affine_y,"omega_NUB_plus: State(x,y) -> State(x + 0.29535447*e_1, (-0.023294074)*y + (0.10286899))",1606,367,0.29535447010672844,-0.0018041626453979553,1.000901674813964,0.3272692047741909,0.004667876704883036,-0.055125938362570626,1.027193233214944,0.9856957087126138,0.7698002501014785,0.7492383981713447,0.6889990318441348,0.20316484666187107,1.0,917.7142857142857,16,"{""bootstrap_stability"": true, ""compression"": true, ""geometry_dominance"": true, ""heldout_r2"": false, ""identity_destroyer"": true, ""model_consistency_nrmse"": false, ""model_consistency_r2"": false, ""pooled_destroyer"": false, ""step_transfer"": true, ""support_safe"": true, ""test_support"": true, ""train_support"": true}"
1337,4,pair_shuffle,CRACK_minus,rejected,False,affine_y,"omega_CRACK_minus: State(x,y) -> State(x + -0.30034317*e_2, (0.0029900534)*y + (-0.028016294))",1570,361,-0.3003431700983535,-0.0002464372848167695,1.0001232110519267,0.32247798389908355,-0.00024342933514242675,0.0026813852213141143,0.9986584074540633,0.9843953185955787,0.769508934536011,0.7480099461793135,0.6872404202331146,0.22435464822000933,1.0,897.1428571428571,16,"{""bootstrap_stability"": true, ""compression"": true, ""geometry_dominance"": true, ""heldout_r2"": false, ""identity_destroyer"": true, ""model_consistency_nrmse"": false, ""model_consistency_r2"": false, ""pooled_destroyer"": false, ""step_transfer"": true, ""support_safe"": true, ""test_support"": true, ""train_support"": true}"
1337,4,pair_shuffle,CRACK_plus,rejected,False,affine_y,"omega_CRACK_plus: State(x,y) -> State(x + 0.29736609*e_2, (0.0048913632)*y + (-0.09103965))",1564,355,0.2973660887345475,-0.002122564704049701,1.0010607197887897,0.29804617490614227,0.0023316184402619863,0.008974499840893824,0.9955026369423167,0.988296488946684,0.7718266684824056,0.7438590601446818,0.69277323692344,0.1941805478635025,1.0,893.7142857142857,16,"{""bootstrap_stability"": true, ""compression"": true, ""geometry_dominance"": true, ""heldout_r2"": false, ""identity_destroyer"": true, ""model_consistency_nrmse"": false, ""model_consistency_r2"": false, ""pooled_destroyer"": false, ""step_transfer"": true, ""support_safe"": true, ""test_support"": true, ""train_support"": true}"
1337,4,pair_shuffle,WEIGHT_minus,rejected,False,shift,"omega_WEIGHT_minus: State(x,y) -> State(x + -0.2919901*e_3, y + (0.98674137))",1472,323,-0.29199010258497926,-1.1148990413951285,1.4542692465273164,0.04652954435403327,-0.42819377286772276,0.9985345592863202,0.038281075137460215,0.988296488946684,0.7670257689319611,0.7385299551966423,0.6998081778504577,0.13152400835072917,1.0,1039.0588235294117,16,"{""bootstrap_stability"": true, ""compression"": true, ""geometry_dominance"": true, ""heldout_r2"": false, ""identity_destroyer"": false, ""model_consistency_nrmse"": true, ""model_consistency_r2"": true, ""pooled_destroyer"": false, ""step_transfer"": true, ""support_safe"": true, ""test_support"": true, ""train_support"": true}"
1337,4,pair_shuffle,WEIGHT_plus,rejected,False,affine_y,"omega_WEIGHT_plus: State(x,y) -> State(x + 0.29331919*e_3, (0.017078333)*y + (-0.55438245))",1462,321,0.2933191926853864,-0.007595380276742114,1.0037905061698593,0.34310475376856325,0.029164752355982832,0.0016175521776081725,0.9991908965870294,0.9843953185955787,0.7648643051548077,0.7347294177275122,0.7000713384384423,0.13157536113382434,1.0,835.4285714285714,16,"{""bootstrap_stability"": true, ""compression"": true, ""geometry_dominance"": true, ""heldout_r2"": false, ""identity_destroyer"": true, ""model_consistency_nrmse"": false, ""model_consistency_r2"": false, ""pooled_destroyer"": true, ""step_transfer"": true, ""support_safe"": true, ""test_support"": true, ""train_support"": true}"
1337,4,target_shuffle,RIDGE_minus,rejected,False,affine_y,"omega_RIDGE_minus: State(x,y) -> State(x + -0.29361285*e_0, (0.018809973)*y + (0.057391942))",1489,320,-0.29361285182612723,-0.004613920296080876,1.0023043052367286,0.3130258556720846,-0.0013018150486432348,-0.3494221062591758,1.1616462913723677,0.9895968790637191,0.7708999662802885,0.7328103886018931,0.7050405729479439,0.17605915801276054,1.0,850.8571428571429,16,"{""bootstrap_stability"": true, ""compression"": true, ""geometry_dominance"": true, ""heldout_r2"": false, ""identity_destroyer"": true, ""model_consistency_nrmse"": false, ""model_consistency_r2"": false, ""pooled_destroyer"": false, ""step_transfer"": true, ""support_safe"": true, ""test_support"": true, ""train_support"": true}"
1337,4,target_shuffle,RIDGE_plus,rejected,False,identity,"omega_RIDGE_plus: State(x,y) -> State(x + 0.29570566*e_0, y)",1495,326,0.295705663471862,-1.105022377290478,1.450869524557766,0.0,-0.4500514230635564,0.9998813202872162,0.010894021882837243,0.9856957087126138,0.7657587818039846,0.7386733156305727,0.6980949284865415,0.16900811111700093,1.0,1380.0,16,"{""bootstrap_stability"": true, ""compression"": true, ""geometry_dominance"": true, ""heldout_r2"": false, ""identity_destroyer"": false, ""model_consistency_nrmse"": true, ""model_consistency_r2"": true, ""pooled_destroyer"": false, ""step_transfer"": true, ""support_safe"": true, ""test_support"": true, ""train_support"": true}"
1337,4,target_shuffle,NUB_minus,rejected,False,affine_y,"omega_NUB_minus: State(x,y) -> State(x + -0.2959918*e_1, (-0.0069105985)*y + (-0.065192871))",1653,378,-0.2959918007490825,0.0011925438964763835,0.9994035501755654,0.3502801749195732,0.0014991270748647197,-0.8022710513684366,1.3424868905760072,0.9856957087126138,0.7703933676718445,0.7581485361748744,0.6870178171974943,0.20452172778285288,1.0,944.5714285714286,16,"{""bootstrap_stability"": true, ""compression"": true, ""geometry_dominance"": true, ""heldout_r2"": false, ""identity_destroyer"": true, ""model_consistency_nrmse"": false, ""model_consistency_r2"": false, ""pooled_destroyer"": false, ""step_transfer"": true, ""support_safe"": true, ""test_support"": true, ""train_support"": true}"
1337,4,target_shuffle,NUB_plus,rejected,False,affine_y,"omega_NUB_plus: State(x,y) -> State(x + 0.29535447*e_1, (-0.020563774)*y + (0.15306804))",1606,367,0.29535447010672844,-0.009278159083240922,1.0046283686434705,0.27711155510067736,-0.004447320718323017,-3.3399467608122,2.0832538877468103,0.9856957087126138,0.7698002501014785,0.7492383981713447,0.6889990318441348,0.20316484666187107,1.0,917.7142857142857,16,"{""bootstrap_stability"": true, ""compression"": true, ""geometry_dominance"": true, ""heldout_r2"": false, ""identity_destroyer"": true, ""model_consistency_nrmse"": false, ""model_consistency_r2"": false, ""pooled_destroyer"": false, ""step_transfer"": true, ""support_safe"": true, ""test_support"": true, ""train_support"": true}"
1337,4,target_shuffle,CRACK_minus,rejected,False,affine_y,"omega_CRACK_minus: State(x,y) -> State(x + -0.30034317*e_2, (-0.0063230505)*y + (0.01288092))",1570,361,-0.3003431700983535,0.00033665340887323314,0.9998316591262385,0.3220711071242968,0.0004600459871270045,-0.07368570149960374,1.0361880628050122,0.9843953185955787,0.769508934536011,0.7480099461793135,0.6872404202331146,0.22435464822000933,1.0,897.1428571428571,16,"{""bootstrap_stability"": true, ""compression"": true, ""geometry_dominance"": true, ""heldout_r2"": false, ""identity_destroyer"": true, ""model_consistency_nrmse"": false, ""model_consistency_r2"": false, ""pooled_destroyer"": false, ""step_transfer"": true, ""support_safe"": true, ""test_support"": true, ""train_support"": true}"
1337,4,target_shuffle,CRACK_plus,rejected,False,affine_y,"omega_CRACK_plus: State(x,y) -> State(x + 0.29736609*e_2, (0.0070307071)*y + (-0.054755704))",1564,355,0.2973660887345475,-0.010527262640465551,1.0052498508532421,0.3082901607632914,-0.0020739808748694213,-0.25924380326341656,1.1221603286800939,0.988296488946684,0.7718266684824056,0.7438590601446818,0.69277323692344,0.1941805478635025,0.75,893.7142857142857,16,"{""bootstrap_stability"": true, ""compression"": true, ""geometry_dominance"": true, ""heldout_r2"": false, ""identity_destroyer"": true, ""model_consistency_nrmse"": false, ""model_consistency_r2"": false, ""pooled_destroyer"": false, ""step_transfer"": true, ""support_safe"": true, ""test_support"": true, ""train_support"": true}"
1337,4,target_shuffle,WEIGHT_minus,rejected,False,identity,"omega_WEIGHT_minus: State(x,y) -> State(x + -0.2919901*e_3, y)",1472,323,-0.29199010258497926,-0.8338737577945203,1.354205951026106,0.0,-0.3449409755035597,0.9777453418987636,0.14917995207545964,0.988296488946684,0.7670257689319611,0.7385299551966423,0.6998081778504577,0.13152400835072917,1.0,1358.7692307692307,16,"{""bootstrap_stability"": true, ""compression"": true, ""geometry_dominance"": true, ""heldout_r2"": false, ""identity_destroyer"": false, ""model_consistency_nrmse"": true, ""model_consistency_r2"": true, ""pooled_destroyer"": false, ""step_transfer"": true, ""support_safe"": true, ""test_support"": true, ""train_support"": true}"
1337,4,target_shuffle,WEIGHT_plus,rejected,False,affine_y,"omega_WEIGHT_plus: State(x,y) -> State(x + 0.29331919*e_3, (0.051681927)*y + (0.056203588))",1462,321,0.2933191926853864,-0.010619075156219626,1.0052955163315012,0.33332483462703955,-0.004293113985977337,-0.1280858270915073,1.0621138484604686,0.9843953185955787,0.7648643051548077,0.7347294177275122,0.7000713384384423,0.13157536113382434,1.0,835.4285714285714,16,"{""bootstrap_stability"": true, ""compression"": true, ""geometry_dominance"": true, ""heldout_r2"": false, ""identity_destroyer"": true, ""model_consistency_nrmse"": false, ""model_consistency_r2"": false, ""pooled_destroyer"": false, ""step_transfer"": true, ""support_safe"": true, ""test_support"": true, ""train_support"": true}"
1337,5,real,RIDGE_minus,promoted,True,context_affine,"omega_RIDGE_minus: State(x,y) -> State(x + -0.29465086*e_0, (0.065418699)*y + (1.3512708) + (-4.4636014)*x0 + (1.1247917)*x1 + (-0.26000103)*x2 + (-2.903019)*x3)",1524,329,-0.2946508559274581,0.6295729700408816,0.608627168272267,0.3609807528281277,0.18830461905670381,0.9827998646840074,0.13114928637241088,0.988296488946684,0.7704600229140737,0.7380616440497667,0.7011584873970655,0.22082168661990445,1.0,589.9354838709677,16,"{""bootstrap_stability"": true, ""compression"": true, ""geometry_dominance"": true, ""heldout_r2"": true, ""identity_destroyer"": true, ""model_consistency_nrmse"": true, ""model_consistency_r2"": true, ""pooled_destroyer"": true, ""step_transfer"": true, ""support_safe"": true, ""test_support"": true, ""train_support"": true}"
1337,5,real,RIDGE_plus,promoted,True,context_affine,"omega_RIDGE_plus: State(x,y) -> State(x + 0.29261514*e_0, (0.017719026)*y + (-1.3818184) + (-4.7721413)*x0 + (1.3029805)*x1 + (-0.3372123)*x2 + (-3.1505658)*x3)",1495,308,0.2926151372350634,0.5943554817299743,0.6369022831408485,0.38673217344369837,0.2776365063680047,0.9833294967945458,0.12911430286941175,0.988296488946684,0.7669676063516314,0.7428788920568485,0.6979971401920393,0.19328199681359545,1.0,578.7096774193549,16,"{""bootstrap_stability"": true, ""compression"": true, ""geometry_dominance"": true, ""heldout_r2"": true, ""identity_destroyer"": true, ""model_consistency_nrmse"": true, ""model_consistency_r2"": true, ""pooled_destroyer"": true, ""step_transfer"": true, ""support_safe"": true, ""test_support"": true, ""train_support"": true}"
1337,5,real,NUB_minus,candidate,False,context_affine,"omega_NUB_minus: State(x,y) -> State(x + -0.29477665*e_1, (0.025116775)*y + (-0.27082961) + (-4.4179849)*x0 + (1.1726276)*x1 + (-0.29035054)*x2 + (-2.9339403)*x3)",1619,373,-0.2947766476344082,0.5515452110222836,0.669667670548397,0.15333307625156373,0.018429258887929435,0.9829814172619773,0.13045529018795196,0.9908972691807543,0.7662411260520854,0.7515583897989245,0.6912407598715936,0.23033193936225752,1.0,626.7096774193549,16,"{""bootstrap_stability"": true, ""compression"": true, ""geometry_dominance"": true, ""heldout_r2"": true, ""identity_destroyer"": true, ""model_consistency_nrmse"": true, ""model_consistency_r2"": true, ""pooled_destroyer"": false, ""step_transfer"": true, ""support_safe"": true, ""test_support"": true, ""train_support"": true}"
1337,5,real,NUB_plus,candidate,False,context_affine,"omega_NUB_plus: State(x,y) -> State(x + 0.29243639*e_1, (0.050429003)*y + (0.37103134) + (-4.3538524)*x0 + (1.0511237)*x1 + (-0.32461001)*x2 + (-2.8228208)*x3)",1605,395,0.2924363860892186,0.6298613300189964,0.6083902283740292,0.19190389489643847,0.006184127201273356,0.9846489539574454,0.12389933834591106,0.9895968790637191,0.7663360838744732,0.7471656572941504,0.6925596765125852,0.23075909764531538,1.0,621.2903225806451,16,"{""bootstrap_stability"": true, ""compression"": true, ""geometry_dominance"": true, ""heldout_r2"": true, ""identity_destroyer"": true, ""model_consistency_nrmse"": true, ""model_consistency_r2"": true, ""pooled_destroyer"": false, ""step_transfer"": true, ""support_safe"": true, ""test_support"": true, ""train_support"": true}"
1337,5,real,CRACK_minus,candidate,False,context_affine,"omega_CRACK_minus: State(x,y) -> State(x + -0.29848835*e_2, (-0.0058916041)*y + (0.0786448) + (-4.438954)*x0 + (1.080162)*x1 + (-0.2905988)*x2 + (-2.936242)*x3)",1605,357,-0.29848835297915755,0.6065457356446087,0.627259327834502,0.228376966818571,-0.009624921409152103,0.976472021307168,0.15338832645554218,0.9908972691807543,0.773738465355967,0.7498139680780445,0.6968331771381332,0.22375991957391264,1.0,621.2903225806451,16,"{""bootstrap_stability"": true, ""compression"": true, ""geometry_dominance"": true, ""heldout_r2"": true, ""identity_destroyer"": true, ""model_consistency_nrmse"": true, ""model_consistency_r2"": true, ""pooled_destroyer"": false, ""step_transfer"": true, ""support_safe"": true, ""test_support"": true, ""train_support"": true}"
1337,5,real,CRACK_plus,candidate,False,context_affine,"omega_CRACK_plus: State(x,y) -> State(x + 0.29834151*e_2, (-0.0045004086)*y + (-0.09166672) + (-4.4156476)*x0 + (1.1160248)*x1 + (-0.33200498)*x2 + (-2.7886566)*x3)",1614,341,0.2983415062353762,0.615430100839558,0.6201370003156093,0.1942531777646885,0.010945576157091864,0.9737275722257032,0.16208771629675334,0.988296488946684,0.7764999818159759,0.7522720543844532,0.692495508079839,0.20600068481424416,1.0,624.7741935483871,16,"{""bootstrap_stability"": true, ""compression"": true, ""geometry_dominance"": true, ""heldout_r2"": true, ""identity_destroyer"": true, ""model_consistency_nrmse"": true, ""model_consistency_r2"": true, ""pooled_destroyer"": false, ""step_transfer"": true, ""support_safe"": true, ""test_support"": true, ""train_support"": true}"
1337,5,real,WEIGHT_minus,promoted,True,context_affine,"omega_WEIGHT_minus: State(x,y) -> State(x + -0.29692945*e_3, (0.05014612)*y + (0.94352861) + (-4.3671342)*x0 + (1.0280993)*x1 + (-0.36682725)*x2 + (-2.9725601)*x3)",1466,306,-0.2969294518366745,0.6513960012752694,0.5904269630739526,0.35704544187402976,0.13776829535550225,0.9808243624451845,0.13847612629914077,0.9869960988296489,0.7671824331602491,0.7498529939319535,0.6848985923403048,0.20191443316131183,1.0,567.483870967742,16,"{""bootstrap_stability"": true, ""compression"": true, ""geometry_dominance"": true, ""heldout_r2"": true, ""identity_destroyer"": true, ""model_consistency_nrmse"": true, ""model_consistency_r2"": true, ""pooled_destroyer"": true, ""step_transfer"": true, ""support_safe"": true, ""test_support"": true, ""train_support"": true}"
1337,5,real,WEIGHT_plus,promoted,True,context_affine,"omega_WEIGHT_plus: State(x,y) -> State(x + 0.29398339*e_3, (-0.0076199911)*y + (-0.94386056) + (-4.6616175)*x0 + (1.0654118)*x1 + (-0.36525707)*x2 + (-3.1111886)*x3)",1434,315,0.29398338968760407,0.6586654109312724,0.5842384693502539,0.3852226460101476,0.17191492998035962,0.9822669628239241,0.13316545038438415,0.9921976592977894,0.7660205984526427,0.7455152530166714,0.6911300871338504,0.2107139254127852,1.0,555.0967741935484,16,"{""bootstrap_stability"": true, ""compression"": true, ""geometry_dominance"": true, ""heldout_r2"": true, ""identity_destroyer"": true, ""model_consistency_nrmse"": true, ""model_consistency_r2"": true, ""pooled_destroyer"": true, ""step_transfer"": true, ""support_safe"": true, ""test_support"": true, ""train_support"": true}"
1337,5,pair_shuffle,RIDGE_minus,rejected,False,context_affine,"omega_RIDGE_minus: State(x,y) -> State(x + -0.29465086*e_0, (-0.081390749)*y + (0.71385749) + (-0.51909756)*x0 + (0.17068464)*x1 + (0.017821755)*x2 + (-0.33757061)*x3)",1524,329,-0.2946508559274581,-0.020022995258448084,1.0099618781213715,0.3280132748600874,0.0036548267255027377,-0.05421956865236144,1.0267519508880232,0.988296488946684,0.7704600229140737,0.7380616440497667,0.7011584873970655,0.22082168661990445,1.0,589.9354838709677,16,"{""bootstrap_stability"": true, ""compression"": true, ""geometry_dominance"": true, ""heldout_r2"": false, ""identity_destroyer"": true, ""model_consistency_nrmse"": false, ""model_consistency_r2"": false, ""pooled_destroyer"": false, ""step_transfer"": true, ""support_safe"": true, ""test_support"": true, ""train_support"": true}"
1337,5,pair_shuffle,RIDGE_plus,rejected,False,affine_y,"omega_RIDGE_plus: State(x,y) -> State(x + 0.29261514*e_0, (0.0057366364)*y + (-0.66110573))",1495,308,0.2926151372350634,-0.017040693623121994,1.00848435467444,0.3894864515156666,0.05376650754634227,-0.0878168505293555,1.0429845878676038,0.988296488946684,0.7669676063516314,0.7428788920568485,0.6979971401920393,0.19328199681359545,1.0,854.2857142857143,16,"{""bootstrap_stability"": true, ""compression"": true, ""geometry_dominance"": true, ""heldout_r2"": false, ""identity_destroyer"": true, ""model_consistency_nrmse"": false, ""model_consistency_r2"": false, ""pooled_destroyer"": true, ""step_transfer"": true, ""support_safe"": true, ""test_support"": true, ""train_support"": true}"
1337,5,pair_shuffle,NUB_minus,rejected,False,context_affine,"omega_NUB_minus: State(x,y) -> State(x + -0.29477665*e_1, (-0.13717515)*y + (-0.097645368) + (-0.61641778)*x0 + (0.2460929)*x1 + (-0.0065103573)*x2 + (-0.29688535)*x3)",1619,373,-0.2947766476344082,-0.01617305708971095,1.00805409432714,0.3117986995503137,-0.007223157445326137,-0.00015118694165727753,1.000075590613858,0.9908972691807543,0.7662411260520854,0.7515583897989245,0.6912407598715936,0.23033193936225752,0.95,626.7096774193549,16,"{""bootstrap_stability"": true, ""compression"": true, ""geometry_dominance"": true, ""heldout_r2"": false, ""identity_destroyer"": true, ""model_consistency_nrmse"": false, ""model_consistency_r2"": false, ""pooled_destroyer"": false, ""step_transfer"": true, ""support_safe"": true, ""test_support"": true, ""train_support"": true}"
1337,5,pair_shuffle,NUB_plus,rejected,False,affine_y,"omega_NUB_plus: State(x,y) -> State(x + 0.29243639*e_1, (0.022045328)*y + (0.17493163))",1605,395,0.2924363860892186,-0.00017840642368827098,1.0000891992335925,0.2930185990278012,0.0017705865374771676,0.03956438672573048,0.9800181698694518,0.9895968790637191,0.7663360838744732,0.7471656572941504,0.6925596765125852,0.23075909764531538,1.0,917.1428571428571,16,"{""bootstrap_stability"": true, ""compression"": true, ""geometry_dominance"": true, ""heldout_r2"": false, ""identity_destroyer"": true, ""model_consistency_nrmse"": false, ""model_consistency_r2"": false, ""pooled_destroyer"": false, ""step_transfer"": true, ""support_safe"": true, ""test_support"": true, ""train_support"": true}"
1337,5,pair_shuffle,CRACK_minus,rejected,False,affine_y,"omega_CRACK_minus: State(x,y) -> State(x + -0.29848835*e_2, (-0.040247799)*y + (-0.035013393))",1605,357,-0.29848835297915755,-0.010099419109758978,1.0050370237507467,0.2898628590253646,-0.0026974890282853384,-0.08372240771610318,1.0410198882423443,0.9908972691807543,0.773738465355967,0.7498139680780445,0.6968331771381332,0.22375991957391264,1.0,917.1428571428571,16,"{""bootstrap_stability"": true, ""compression"": true, ""geometry_dominance"": true, ""heldout_r2"": false, ""identity_destroyer"": true, ""model_consistency_nrmse"": false, ""model_consistency_r2"": false, ""pooled_destroyer"": false, ""step_transfer"": true, ""support_safe"": true, ""test_support"": true, ""train_support"": true}"
1337,5,pair_shuffle,CRACK_plus,rejected,False,affine_y,"omega_CRACK_plus: State(x,y) -> State(x + 0.29834151*e_2, (0.0076722167)*y + (-0.11265661))",1614,341,0.2983415062353762,0.0010879761379563035,0.9994558638889681,0.23935340091149102,0.003342523722947268,0.014264041638926361,0.9928423632989648,0.988296488946684,0.7764999818159759,0.7522720543844532,0.692495508079839,0.20600068481424416,1.0,922.2857142857143,16,"{""bootstrap_stability"": true, ""compression"": true, ""geometry_dominance"": true, ""heldout_r2"": false, ""identity_destroyer"": true, ""model_consistency_nrmse"": false, ""model_consistency_r2"": false, ""pooled_destroyer"": false, ""step_transfer"": true, ""support_safe"": true, ""test_support"": true, ""train_support"": true}"
1337,5,pair_shuffle,WEIGHT_minus,rejected,False,affine_y,"omega_WEIGHT_minus: State(x,y) -> State(x + -0.29692945*e_3, (0.024775496)*y + (0.48826744))",1466,306,-0.2969294518366745,-0.0005057285469276529,1.0002528323113749,0.312695408031602,0.010066886932697073,-0.007932809084335801,1.0039585694062958,0.9869960988296489,0.7671824331602491,0.7498529939319535,0.6848985923403048,0.20191443316131183,1.0,837.7142857142857,16,"{""bootstrap_stability"": true, ""compression"": true, ""geometry_dominance"": true, ""heldout_r2"": false, ""identity_destroyer"": true, ""model_consistency_nrmse"": false, ""model_consistency_r2"": false, ""pooled_destroyer"": false, ""step_transfer"": true, ""support_safe"": true, ""test_support"": true, ""train_support"": true}"
1337,5,pair_shuffle,WEIGHT_plus,rejected,False,affine_y,"omega_WEIGHT_plus: State(x,y) -> State(x + 0.29398339*e_3, (-0.050065295)*y + (-0.58973082))",1434,315,0.29398338968760407,-0.0224561355321109,1.0111657309917652,0.3357355090233128,0.045429811770168006,-0.1342573152213058,1.0650151713573408,0.9921976592977894,0.7660205984526427,0.7455152530166714,0.6911300871338504,0.2107139254127852,1.0,819.4285714285714,16,"{""bootstrap_stability"": true, ""compression"": true, ""geometry_dominance"": true, ""heldout_r2"": false, ""identity_destroyer"": true, ""model_consistency_nrmse"": false, ""model_consistency_r2"": false, ""pooled_destroyer"": true, ""step_transfer"": true, ""support_safe"": true, ""test_support"": true, ""train_support"": true}"
1337,5,target_shuffle,RIDGE_minus,rejected,False,affine_y,"omega_RIDGE_minus: State(x,y) -> State(x + -0.29465086*e_0, (-0.0083975434)*y + (0.067407297))",1524,329,-0.2946508559274581,-0.001728918238710797,1.0008640857972229,0.3064155578078351,0.0005642615844498777,-2.3446727922904107,1.8288446605139572,0.988296488946684,0.7704600229140737,0.7380616440497667,0.7011584873970655,0.22082168661990445,1.0,870.8571428571429,16,"{""bootstrap_stability"": true, ""compression"": true, ""geometry_dominance"": true, ""heldout_r2"": false, ""identity_destroyer"": true, ""model_consistency_nrmse"": false, ""model_consistency_r2"": false, ""pooled_destroyer"": false, ""step_transfer"": true, ""support_safe"": true, ""test_support"": true, ""train_support"": true}"
1337,5,target_shuffle,RIDGE_plus,rejected,False,affine_y,"omega_RIDGE_plus: State(x,y) -> State(x + 0.29261514*e_0, (-0.020366754)*y + (0.017457155))",1495,308,0.2926151372350634,-0.015168634459118868,1.0075557723814197,0.27296881083515334,-9.155270259194681e-05,-0.5176226633885277,1.231918286002983,0.988296488946684,0.7669676063516314,0.7428788920568485,0.6979971401920393,0.19328199681359545,1.0,854.2857142857143,16,"{""bootstrap_stability"": true, ""compression"": true, ""geometry_dominance"": true, ""heldout_r2"": false, ""identity_destroyer"": true, ""model_consistency_nrmse"": false, ""model_consistency_r2"": false, ""pooled_destroyer"": false, ""step_transfer"": true, ""support_safe"": true, ""test_support"": true, ""train_support"": true}"
1337,5,target_shuffle,NUB_minus,rejected,False,affine_y,"omega_NUB_minus: State(x,y) -> State(x + -0.29477665*e_1, (-0.031545865)*y + (0.032433138))",1619,373,-0.2947766476344082,-0.008975068975037637,1.004477510437659,0.3064908373897787,-0.00021564145063413122,-0.63123010964321,1.2771961907409568,0.9908972691807543,0.7662411260520854,0.7515583897989245,0.6912407598715936,0.23033193936225752,1.0,925.1428571428571,16,"{""bootstrap_stability"": true, ""compression"": true, ""geometry_dominance"": true, ""heldout_r2"": false, ""identity_destroyer"": true, ""model_consistency_nrmse"": false, ""model_consistency_r2"": false, ""pooled_destroyer"": false, ""step_transfer"": true, ""support_safe"": true, ""test_support"": true, ""train_support"": true}"
1337,5,target_shuffle,NUB_plus,rejected,False,identity,"omega_NUB_plus: State(x,y) -> State(x + 0.29243639*e_1, y)",1605,395,0.2924363860892186,-0.9308233201740668,1.389540686764539,0.0,-0.3882089983946309,0.9990524358451621,0.03078253002658886,0.9895968790637191,0.7663360838744732,0.7471656572941504,0.6925596765125852,0.23075909764531538,1.0,1481.5384615384614,16,"{""bootstrap_stability"": true, ""compression"": true, ""geometry_dominance"": true, ""heldout_r2"": false, ""identity_destroyer"": false, ""model_consistency_nrmse"": true, ""model_consistency_r2"": true, ""pooled_destroyer"": false, ""step_transfer"": true, ""support_safe"": true, ""test_support"": true, ""train_support"": true}"
1337,5,target_shuffle,CRACK_minus,rejected,False,affine_y,"omega_CRACK_minus: State(x,y) -> State(x + -0.29848835*e_2, (-0.00072361403)*y + (0.061714258))",1605,357,-0.29848835297915755,-0.007021734970711568,1.0035047259334215,0.2832289603145709,-0.0003628261217784345,-2.258565874465087,1.8051498205038514,0.9908972691807543,0.773738465355967,0.7498139680780445,0.6968331771381332,0.22375991957391264,1.0,917.1428571428571,16,"{""bootstrap_stability"": true, ""compression"": true, ""geometry_dominance"": true, ""heldout_r2"": false, ""identity_destroyer"": true, ""model_consistency_nrmse"": false, ""model_consistency_r2"": false, ""pooled_destroyer"": false, ""step_transfer"": true, ""support_safe"": true, ""test_support"": true, ""train_support"": true}"
1337,5,target_shuffle,CRACK_plus,rejected,False,affine_y,"omega_CRACK_plus: State(x,y) -> State(x + 0.29834151*e_2, (-0.02343724)*y + (-0.031000004))",1614,341,0.2983415062353762,-0.0022131383108179303,1.0011059575843197,0.289319317034887,-0.0007779071883810862,-0.9299044055376964,1.389209993319115,0.988296488946684,0.7764999818159759,0.7522720543844532,0.692495508079839,0.20600068481424416,1.0,922.2857142857143,16,"{""bootstrap_stability"": true, ""compression"": true, ""geometry_dominance"": true, ""heldout_r2"": false, ""identity_destroyer"": true, ""model_consistency_nrmse"": false, ""model_consistency_r2"": false, ""pooled_destroyer"": false, ""step_transfer"": true, ""support_safe"": true, ""test_support"": true, ""train_support"": true}"
1337,5,target_shuffle,WEIGHT_minus,rejected,False,affine_y,"omega_WEIGHT_minus: State(x,y) -> State(x + -0.29692945*e_3, (0.020043625)*y + (0.053564668))",1466,306,-0.2969294518366745,0.0014273802209128217,0.9992860550308341,0.3069703472030854,0.0019346570118694295,-1.2425892033280164,1.4975276970153226,0.9869960988296489,0.7671824331602491,0.7498529939319535,0.6848985923403048,0.20191443316131183,1.0,837.7142857142857,16,"{""bootstrap_stability"": true, ""compression"": true, ""geometry_dominance"": true, ""heldout_r2"": false, ""identity_destroyer"": true, ""model_consistency_nrmse"": false, ""model_consistency_r2"": false, ""pooled_destroyer"": false, ""step_transfer"": true, ""support_safe"": true, ""test_support"": true, ""train_support"": true}"
1337,5,target_shuffle,WEIGHT_plus,rejected,False,identity,"omega_WEIGHT_plus: State(x,y) -> State(x + 0.29398339*e_3, y)",1434,315,0.29398338968760407,-0.7414161727938136,1.3196272855597575,0.0,-0.315202903416145,0.8987614280272163,0.31818009361489574,0.9921976592977894,0.7660205984526427,0.7455152530166714,0.6911300871338504,0.2107139254127852,1.0,1323.6923076923076,16,"{""bootstrap_stability"": true, ""compression"": true, ""geometry_dominance"": true, ""heldout_r2"": false, ""identity_destroyer"": false, ""model_consistency_nrmse"": true, ""model_consistency_r2"": true, ""pooled_destroyer"": false, ""step_transfer"": true, ""support_safe"": true, ""test_support"": true, ""train_support"": true}"
2025,1,real,RIDGE_minus,promoted,True,context_affine,"omega_RIDGE_minus: State(x,y) -> State(x + -0.29834874*e_0, (0.053737702)*y + (1.3738159) + (-4.5729337)*x0 + (1.1471154)*x1 + (-0.28173165)*x2 + (-2.9404117)*x3)",1537,341,-0.29834873975718357,0.60880829525916,0.6254531994808565,0.3663757668784873,0.2369325331714357,0.955078093217645,0.21194788694949274,0.9896103896103896,0.7687019747430289,0.7424671828940708,0.6943874181305859,0.13852229034604574,1.0,594.9677419354839,16,"{""bootstrap_stability"": true, ""compression"": true, ""geometry_dominance"": true, ""heldout_r2"": true, ""identity_destroyer"": true, ""model_consistency_nrmse"": true, ""model_consistency_r2"": true, ""pooled_destroyer"": true, ""step_transfer"": true, ""support_safe"": true, ""test_support"": true, ""train_support"": true}"
2025,1,real,RIDGE_plus,promoted,True,context_affine,"omega_RIDGE_plus: State(x,y) -> State(x + 0.29655052*e_0, (0.061775063)*y + (-1.3853665) + (-4.4536865)*x0 + (1.1064167)*x1 + (-0.28982376)*x2 + (-2.931761)*x3)",1447,344,0.29655052434557416,0.6423990022839814,0.5979974897238437,0.43202120818269907,0.31083503277781765,0.9535495627590385,0.2155236349938483,0.9922077922077922,0.7685026592290345,0.7405412459797445,0.6966305727970145,0.16191845269210683,1.0,560.1290322580645,16,"{""bootstrap_stability"": true, ""compression"": true, ""geometry_dominance"": true, ""heldout_r2"": true, ""identity_destroyer"": true, ""model_consistency_nrmse"": true, ""model_consistency_r2"": true, ""pooled_destroyer"": true, ""step_transfer"": true, ""support_safe"": true, ""test_support"": true, ""train_support"": true}"
2025,1,real,NUB_minus,candidate,False,context_affine,"omega_NUB_minus: State(x,y) -> State(x + -0.29492737*e_1, (0.031312989)*y + (-0.32834942) + (-4.3283152)*x0 + (1.167605)*x1 + (-0.31332427)*x2 + (-2.7946538)*x3)",1643,371,-0.2949273713107861,0.5680505788665082,0.6572285912325267,0.2149744432316068,0.01081609522991268,0.9823592408446626,0.1328185196248526,0.9922077922077922,0.7667787433578,0.760849979518273,0.6803209177350854,0.21377471383974994,1.0,636.0,16,"{""bootstrap_stability"": true, ""compression"": true, ""geometry_dominance"": true, ""heldout_r2"": true, ""identity_destroyer"": true, ""model_consistency_nrmse"": true, ""model_consistency_r2"": true, ""pooled_destroyer"": false, ""step_transfer"": true, ""support_safe"": true, ""test_support"": true, ""train_support"": true}"
2025,1,real,NUB_plus,promoted,True,context_affine,"omega_NUB_plus: State(x,y) -> State(x + 0.29280787*e_1, (0.030740365)*y + (0.31250031) + (-4.2782017)*x0 + (1.1311676)*x1 + (-0.33965088)*x2 + (-2.6955895)*x3)",1620,356,0.29280786854479757,0.6084535588301834,0.6257367187322609,0.21067583582439148,0.026576725288455207,0.9642361878406188,0.18911322576536307,0.9961038961038962,0.7706359708215595,0.7552601243313127,0.6817813844190581,0.20028823163342105,1.0,627.0967741935484,16,"{""bootstrap_stability"": true, ""compression"": true, ""geometry_dominance"": true, ""heldout_r2"": true, ""identity_destroyer"": true, ""model_consistency_nrmse"": true, ""model_consistency_r2"": true, ""pooled_destroyer"": true, ""step_transfer"": true, ""support_safe"": true, ""test_support"": true, ""train_support"": true}"
2025,1,real,CRACK_minus,candidate,False,context_affine,"omega_CRACK_minus: State(x,y) -> State(x + -0.29794104*e_2, (-0.03562933)*y + (0.085538762) + (-4.6002169)*x0 + (1.1473448)*x1 + (-0.39668748)*x2 + (-2.9623963)*x3)",1593,367,-0.2979410356764709,0.5649026893454223,0.6596190648052691,0.2079656521137373,-0.0029576145668222887,0.9765567827934467,0.15311178010379625,0.9948051948051948,0.7761010287430796,0.7467849555770751,0.6857790844127531,0.17848921476681787,1.0,616.6451612903226,16,"{""bootstrap_stability"": true, ""compression"": true, ""geometry_dominance"": true, ""heldout_r2"": true, ""identity_destroyer"": true, ""model_consistency_nrmse"": true, ""model_consistency_r2"": true, ""pooled_destroyer"": false, ""step_transfer"": true, ""support_safe"": true, ""test_support"": true, ""train_support"": true}"
2025,1,real,CRACK_plus,candidate,False,context_affine,"omega_CRACK_plus: State(x,y) -> State(x + 0.29571835*e_2, (0.0063439803)*y + (-0.061722214) + (-4.4654668)*x0 + (1.1264103)*x1 + (-0.298368)*x2 + (-2.860444)*x3)",1567,358,0.29571835338286623,0.5746178165889111,0.6522132959477973,0.2056925674185893,-0.0014387038184236383,0.9788310652615665,0.14549548013059888,0.990909090909091,0.7732657439571544,0.7468256395029984,0.6870525225405464,0.19108362324442726,1.0,606.5806451612904,16,"{""bootstrap_stability"": true, ""compression"": true, ""geometry_dominance"": true, ""heldout_r2"": true, ""identity_destroyer"": true, ""model_consistency_nrmse"": true, ""model_consistency_r2"": true, ""pooled_destroyer"": false, ""step_transfer"": true, ""support_safe"": true, ""test_support"": true, ""train_support"": true}"
2025,1,real,WEIGHT_minus,candidate,False,context_affine,"omega_WEIGHT_minus: State(x,y) -> State(x + -0.29465725*e_3, (0.029714568)*y + (0.81016224) + (-4.4157515)*x0 + (1.0062586)*x1 + (-0.36785831)*x2 + (-2.9064484)*x3)",1450,301,-0.2946572538549352,0.6130767200795108,0.6220315746973695,0.30631398731500725,0.10353365774191631,0.7918088903217337,0.45627963978054764,0.990909090909091,0.7690053157419118,0.7403430017898344,0.7056050801329494,0.12857933672185531,1.0,561.2903225806451,16,"{""bootstrap_stability"": true, ""compression"": true, ""geometry_dominance"": true, ""heldout_r2"": true, ""identity_destroyer"": true, ""model_consistency_nrmse"": false, ""model_consistency_r2"": false, ""pooled_destroyer"": true, ""step_transfer"": true, ""support_safe"": true, ""test_support"": true, ""train_support"": true}"
2025,1,real,WEIGHT_plus,candidate,False,context_affine,"omega_WEIGHT_plus: State(x,y) -> State(x + 0.29239344*e_3, (0.036231302)*y + (-0.94131032) + (-4.510873)*x0 + (1.0857656)*x1 + (-0.31691919)*x2 + (-3.0483214)*x3)",1456,311,0.29239343518676614,0.6041680928537386,0.6291517361863205,0.34797124203944996,0.14964032743830705,0.8299075008362616,0.4124227190198647,0.9935064935064936,0.7684623361512815,0.7472549492274438,0.694096762018462,0.15675767052658318,1.0,563.6129032258065,16,"{""bootstrap_stability"": true, ""compression"": true, ""geometry_dominance"": true, ""heldout_r2"": true, ""identity_destroyer"": true, ""model_consistency_nrmse"": false, ""model_consistency_r2"": true, ""pooled_destroyer"": true, ""step_transfer"": true, ""support_safe"": true, ""test_support"": true, ""train_support"": true}"
2025,1,pair_shuffle,RIDGE_minus,rejected,False,affine_y,"omega_RIDGE_minus: State(x,y) -> State(x + -0.29834874*e_0, (-0.045112385)*y + (0.64983361))",1537,341,-0.29834873975718357,-0.007083467750213623,1.0035354840513682,0.33724444601288084,0.04618692639198918,-0.2197772245288363,1.104435251397218,0.9896103896103896,0.7687019747430289,0.7424671828940708,0.6943874181305859,0.13852229034604574,1.0,878.2857142857143,16,"{""bootstrap_stability"": true, ""compression"": true, ""geometry_dominance"": true, ""heldout_r2"": false, ""identity_destroyer"": true, ""model_consistency_nrmse"": false, ""model_consistency_r2"": false, ""pooled_destroyer"": true, ""step_transfer"": true, ""support_safe"": true, ""test_support"": true, ""train_support"": true}"
2025,1,pair_shuffle,RIDGE_plus,rejected,False,affine_y,"omega_RIDGE_plus: State(x,y) -> State(x + 0.29655052*e_0, (0.029433413)*y + (-0.72272279))",1447,344,0.29655052434557416,-0.013364459817207797,1.0066600517638553,0.3604456257052362,0.052235625923796214,-0.01632368441799459,1.0081288034859408,0.9922077922077922,0.7685026592290345,0.7405412459797445,0.6966305727970145,0.16191845269210683,1.0,826.8571428571429,16,"{""bootstrap_stability"": true, ""compression"": true, ""geometry_dominance"": true, ""heldout_r2"": false, ""identity_destroyer"": true, ""model_consistency_nrmse"": false, ""model_consistency_r2"": false, ""pooled_destroyer"": true, ""step_transfer"": true, ""support_safe"": true, ""test_support"": true, ""train_support"": true}"
2025,1,pair_shuffle,NUB_minus,rejected,False,affine_y,"omega_NUB_minus: State(x,y) -> State(x + -0.29492737*e_1, (-0.006149442)*y + (-0.17293162))",1643,371,-0.2949273713107861,-0.002903872485711334,1.0014508837110843,0.3356617080976796,-0.00240768708335144,-0.012633597731798618,1.0062969729318472,0.9922077922077922,0.7667787433578,0.760849979518273,0.6803209177350854,0.21377471383974994,1.0,938.8571428571429,16,"{""bootstrap_stability"": true, ""compression"": true, ""geometry_dominance"": true, ""heldout_r2"": false, ""identity_destroyer"": true, ""model_consistency_nrmse"": false, ""model_consistency_r2"": false, ""pooled_destroyer"": false, ""step_transfer"": true, ""support_safe"": true, ""test_support"": true, ""train_support"": true}"
2025,1,pair_shuffle,NUB_plus,rejected,False,affine_y,"omega_NUB_plus: State(x,y) -> State(x + 0.29280787*e_1, (0.027773615)*y + (0.05861826))",1620,356,0.29280786854479757,-0.002510633811024565,1.0012545299827733,0.28661911987291583,0.0029652437871467816,0.03946605313938134,0.9800683378523248,0.9961038961038962,0.7706359708215595,0.7552601243313127,0.6817813844190581,0.20028823163342105,0.95,925.7142857142857,16,"{""bootstrap_stability"": true, ""compression"": true, ""geometry_dominance"": true, ""heldout_r2"": false, ""identity_destroyer"": true, ""model_consistency_nrmse"": false, ""model_consistency_r2"": false, ""pooled_destroyer"": false, ""step_transfer"": true, ""support_safe"": true, ""test_support"": true, ""train_support"": true}"
2025,1,pair_shuffle,CRACK_minus,rejected,False,affine_y,"omega_CRACK_minus: State(x,y) -> State(x + -0.29794104*e_2, (0.018371213)*y + (0.0025820317))",1593,367,-0.2979410356764709,-0.003058225207394516,1.0015279452952848,0.32066650037402283,-0.0010962456566696028,0.03321785389768228,0.9832508052894327,0.9948051948051948,0.7761010287430796,0.7467849555770751,0.6857790844127531,0.17848921476681787,1.0,910.2857142857143,16,"{""bootstrap_stability"": true, ""compression"": true, ""geometry_dominance"": true, ""heldout_r2"": false, ""identity_destroyer"": true, ""model_consistency_nrmse"": false, ""model_consistency_r2"": false, ""pooled_destroyer"": false, ""step_transfer"": true, ""support_safe"": true, ""test_support"": true, ""train_support"": true}"
2025,1,pair_shuffle,CRACK_plus,rejected,False,affine_y,"omega_CRACK_plus: State(x,y) -> State(x + 0.29571835*e_2, (-0.037258073)*y + (-0.051938292))",1567,358,0.29571835338286623,-0.009471821312813988,1.00472474902971,0.24701289290034945,-0.0022248621616691357,-0.07678509328964345,1.0376825590177583,0.990909090909091,0.7732657439571544,0.7468256395029984,0.6870525225405464,0.19108362324442726,1.0,895.4285714285714,16,"{""bootstrap_stability"": true, ""compression"": true, ""geometry_dominance"": true, ""heldout_r2"": false, ""identity_destroyer"": true, ""model_consistency_nrmse"": false, ""model_consistency_r2"": false, ""pooled_destroyer"": false, ""step_transfer"": true, ""support_safe"": true, ""test_support"": true, ""train_support"": true}"
2025,1,pair_shuffle,WEIGHT_minus,rejected,False,affine_y,"omega_WEIGHT_minus: State(x,y) -> State(x + -0.29465725*e_3, (0.025706162)*y + (0.34734868))",1450,301,-0.2946572538549352,-0.004173959540128669,1.002084806560866,0.2836597689725734,0.02270992184210634,-0.03977272607238658,1.0196924664193545,0.990909090909091,0.7690053157419118,0.7403430017898344,0.7056050801329494,0.12857933672185531,1.0,828.5714285714286,16,"{""bootstrap_stability"": true, ""compression"": true, ""geometry_dominance"": true, ""heldout_r2"": false, ""identity_destroyer"": true, ""model_consistency_nrmse"": false, ""model_consistency_r2"": false, ""pooled_destroyer"": true, ""step_transfer"": true, ""support_safe"": true, ""test_support"": true, ""train_support"": true}"
2025,1,pair_shuffle,WEIGHT_plus,rejected,False,affine_y,"omega_WEIGHT_plus: State(x,y) -> State(x + 0.29239344*e_3, (-0.018137332)*y + (-0.66000902))",1456,311,0.29239343518676614,0.0017856241281719587,0.9991067890229894,0.3532918945255998,0.02216965925392632,-0.04917056373613593,1.0242902731824295,0.9935064935064936,0.7684623361512815,0.7472549492274438,0.694096762018462,0.15675767052658318,1.0,832.0,16,"{""bootstrap_stability"": true, ""compression"": true, ""geometry_dominance"": true, ""heldout_r2"": false, ""identity_destroyer"": true, ""model_consistency_nrmse"": false, ""model_consistency_r2"": false, ""pooled_destroyer"": true, ""step_transfer"": true, ""support_safe"": true, ""test_support"": true, ""train_support"": true}"
2025,1,target_shuffle,RIDGE_minus,rejected,False,affine_y,"omega_RIDGE_minus: State(x,y) -> State(x + -0.29834874*e_0, (-0.030447132)*y + (-0.051207585))",1537,341,-0.29834873975718357,0.00032304154920137496,0.9998384661788118,0.3564014792958358,0.0016569380385056537,-0.39904994992404075,1.182814419054841,0.9896103896103896,0.7687019747430289,0.7424671828940708,0.6943874181305859,0.13852229034604574,1.0,878.2857142857143,16,"{""bootstrap_stability"": true, ""compression"": true, ""geometry_dominance"": true, ""heldout_r2"": false, ""identity_destroyer"": true, ""model_consistency_nrmse"": false, ""model_consistency_r2"": false, ""pooled_destroyer"": false, ""step_transfer"": true, ""support_safe"": true, ""test_support"": true, ""train_support"": true}"
2025,1,target_shuffle,RIDGE_plus,rejected,False,affine_y,"omega_RIDGE_plus: State(x,y) -> State(x + 0.29655052*e_0, (-0.024108285)*y + (0.069322806))",1447,344,0.29655052434557416,-0.0015100453578775763,1.000754737864317,0.2973616908423888,-0.0007340530182641142,-1.7476351350726826,1.6575992082143023,0.9922077922077922,0.7685026592290345,0.7405412459797445,0.6966305727970145,0.16191845269210683,1.0,826.8571428571429,16,"{""bootstrap_stability"": true, ""compression"": true, ""geometry_dominance"": true, ""heldout_r2"": false, ""identity_destroyer"": true, ""model_consistency_nrmse"": false, ""model_consistency_r2"": false, ""pooled_destroyer"": false, ""step_transfer"": true, ""support_safe"": true, ""test_support"": true, ""train_support"": true}"
2025,1,target_shuffle,NUB_minus,rejected,False,identity,"omega_NUB_minus: State(x,y) -> State(x + -0.29492737*e_1, y)",1643,371,-0.2949273713107861,-1.0408745116955291,1.4285917932339975,0.0,-0.42078312084794134,0.968760384770792,0.1767473202886202,0.9922077922077922,0.7667787433578,0.760849979518273,0.6803209177350854,0.21377471383974994,1.0,1516.6153846153845,16,"{""bootstrap_stability"": true, ""compression"": true, ""geometry_dominance"": true, ""heldout_r2"": false, ""identity_destroyer"": false, ""model_consistency_nrmse"": true, ""model_consistency_r2"": true, ""pooled_destroyer"": false, ""step_transfer"": true, ""support_safe"": true, ""test_support"": true, ""train_support"": true}"
2025,1,target_shuffle,NUB_plus,rejected,False,affine_y,"omega_NUB_plus: State(x,y) -> State(x + 0.29280787*e_1, (-0.016774629)*y + (-0.026798836))",1620,356,0.29280786854479757,0.0005424561922434679,0.9997287351115585,0.28629005231709087,0.0003218094711830841,-0.16315968079540522,1.0784988088984637,0.9961038961038962,0.7706359708215595,0.7552601243313127,0.6817813844190581,0.20028823163342105,1.0,925.7142857142857,16,"{""bootstrap_stability"": true, ""compression"": true, ""geometry_dominance"": true, ""heldout_r2"": false, ""identity_destroyer"": true, ""model_consistency_nrmse"": false, ""model_consistency_r2"": false, ""pooled_destroyer"": false, ""step_transfer"": true, ""support_safe"": true, ""test_support"": true, ""train_support"": true}"
2025,1,target_shuffle,CRACK_minus,rejected,False,identity,"omega_CRACK_minus: State(x,y) -> State(x + -0.29794104*e_2, y)",1593,367,-0.2979410356764709,-1.2281425480435453,1.492696401832451,0.0,-0.4908153378353033,0.9967408508748499,0.0570889579967104,0.9948051948051948,0.7761010287430796,0.7467849555770751,0.6857790844127531,0.17848921476681787,0.875,1470.4615384615386,16,"{""bootstrap_stability"": true, ""compression"": true, ""geometry_dominance"": true, ""heldout_r2"": false, ""identity_destroyer"": false, ""model_consistency_nrmse"": true, ""model_consistency_r2"": true, ""pooled_destroyer"": false, ""step_transfer"": true, ""support_safe"": true, ""test_support"": true, ""train_support"": true}"
2025,1,target_shuffle,CRACK_plus,rejected,False,affine_y,"omega_CRACK_plus: State(x,y) -> State(x + 0.29571835*e_2, (0.025080602)*y + (0.033634395))",1567,358,0.29571835338286623,-0.00043834514198137775,1.0002191485579455,0.25519944345880335,1.3047961026838625e-06,-0.5600334886396514,1.2490130057928346,0.990909090909091,0.7732657439571544,0.7468256395029984,0.6870525225405464,0.19108362324442726,1.0,895.4285714285714,16,"{""bootstrap_stability"": true, ""compression"": true, ""geometry_dominance"": true, ""heldout_r2"": false, ""identity_destroyer"": true, ""model_consistency_nrmse"": false, ""model_consistency_r2"": false, ""pooled_destroyer"": false, ""step_transfer"": true, ""support_safe"": true, ""test_support"": true, ""train_support"": true}"
2025,1,target_shuffle,WEIGHT_minus,rejected,False,affine_y,"omega_WEIGHT_minus: State(x,y) -> State(x + -0.29465725*e_3, (0.030834765)*y + (-0.077013881))",1450,301,-0.2946572538549352,-0.010072902477485046,1.0050238317957862,0.2906572134355881,-0.0026053520876813223,-0.41248526593572943,1.18848023371688,0.990909090909091,0.7690053157419118,0.7403430017898344,0.7056050801329494,0.12857933672185531,1.0,828.5714285714286,16,"{""bootstrap_stability"": true, ""compression"": true, ""geometry_dominance"": true, ""heldout_r2"": false, ""identity_destroyer"": true, ""model_consistency_nrmse"": false, ""model_consistency_r2"": false, ""pooled_destroyer"": false, ""step_transfer"": true, ""support_safe"": true, ""test_support"": true, ""train_support"": true}"
2025,1,target_shuffle,WEIGHT_plus,rejected,False,affine_y,"omega_WEIGHT_plus: State(x,y) -> State(x + 0.29239344*e_3, (0.04062064)*y + (-0.059596606))",1456,311,0.29239343518676614,-0.0031373544043593604,1.0015674487543809,0.3128108648642666,-0.0014602671914726933,-0.8745269960054309,1.369133666230376,0.9935064935064936,0.7684623361512815,0.7472549492274438,0.694096762018462,0.15675767052658318,1.0,832.0,16,"{""bootstrap_stability"": true, ""compression"": true, ""geometry_dominance"": true, ""heldout_r2"": false, ""identity_destroyer"": true, ""model_consistency_nrmse"": false, ""model_consistency_r2"": false, ""pooled_destroyer"": false, ""step_transfer"": true, ""support_safe"": true, ""test_support"": true, ""train_support"": true}"
2025,2,real,RIDGE_minus,promoted,True,context_affine,"omega_RIDGE_minus: State(x,y) -> State(x + -0.29474588*e_0, (0.051843725)*y + (1.4157212) + (-4.5692821)*x0 + (1.0527936)*x1 + (-0.33655257)*x2 + (-2.9768457)*x3)",1504,314,-0.2947458791842527,0.6654866748820265,0.5783712692708496,0.3943195253745158,0.2174907780206144,0.9779185295415227,0.1485983528121267,0.990909090909091,0.7693656036903175,0.7494502826989724,0.69074914749125,0.18715209075319836,1.0,582.1935483870968,16,"{""bootstrap_stability"": true, ""compression"": true, ""geometry_dominance"": true, ""heldout_r2"": true, ""identity_destroyer"": true, ""model_consistency_nrmse"": true, ""model_consistency_r2"": true, ""pooled_destroyer"": true, ""step_transfer"": true, ""support_safe"": true, ""test_support"": true, ""train_support"": true}"
2025,2,real,RIDGE_plus,promoted,True,context_affine,"omega_RIDGE_plus: State(x,y) -> State(x + 0.29487807*e_0, (0.011487834)*y + (-1.3934874) + (-4.7098688)*x0 + (1.1638392)*x1 + (-0.22729776)*x2 + (-3.2108949)*x3)",1506,317,0.29487806965902197,0.5701284861527741,0.6556458753376139,0.3753090107010495,0.2491829335053743,0.9750668595535188,0.15790231298648277,0.9922077922077922,0.7653275773940127,0.7547810478615559,0.6893664181730853,0.19323875323031522,1.0,582.9677419354839,16,"{""bootstrap_stability"": true, ""compression"": true, ""geometry_dominance"": true, ""heldout_r2"": true, ""identity_destroyer"": true, ""model_consistency_nrmse"": true, ""model_consistency_r2"": true, ""pooled_destroyer"": true, ""step_transfer"": true, ""support_safe"": true, ""test_support"": true, ""train_support"": true}"
2025,2,real,NUB_minus,promoted,True,context_affine,"omega_NUB_minus: State(x,y) -> State(x + -0.29777797*e_1, (0.042784026)*y + (-0.26986403) + (-4.1782621)*x0 + (1.1242333)*x1 + (-0.28324541)*x2 + (-2.6704854)*x3)",1637,358,-0.2977779690454294,0.5872828486697032,0.6424306587720552,0.2544230503908598,0.02352310719949125,0.9685136526554642,0.17744392732504477,0.9935064935064936,0.7704306352679735,0.7557511845894116,0.6844697387455843,0.18521600000000013,1.0,633.6774193548387,16,"{""bootstrap_stability"": true, ""compression"": true, ""geometry_dominance"": true, ""heldout_r2"": true, ""identity_destroyer"": true, ""model_consistency_nrmse"": true, ""model_consistency_r2"": true, ""pooled_destroyer"": true, ""step_transfer"": true, ""support_safe"": true, ""test_support"": true, ""train_support"": true}"
2025,2,real,NUB_plus,candidate,False,context_affine,"omega_NUB_plus: State(x,y) -> State(x + 0.29676791*e_1, (0.032697572)*y + (0.37039878) + (-4.4268282)*x0 + (1.0482075)*x1 + (-0.26347585)*x2 + (-2.8832084)*x3)",1629,375,0.2967679061744274,0.5984748819446111,0.6336600966254612,0.28066557560788646,-0.01123537284107404,0.9807446834958468,0.1387635272834804,0.990909090909091,0.7702643629508324,0.7485584465402357,0.6941868989322572,0.1631132802465964,1.0,630.5806451612904,16,"{""bootstrap_stability"": true, ""compression"": true, ""geometry_dominance"": true, ""heldout_r2"": true, ""identity_destroyer"": true, ""model_consistency_nrmse"": true, ""model_consistency_r2"": true, ""pooled_destroyer"": false, ""step_transfer"": true, ""support_safe"": true, ""test_support"": true, ""train_support"": true}"
2025,2,real,CRACK_minus,candidate,False,context_affine,"omega_CRACK_minus: State(x,y) -> State(x + -0.29939852*e_2, (0.014128889)*y + (0.10388893) + (-4.3477325)*x0 + (1.0551356)*x1 + (-0.28356195)*x2 + (-2.8158526)*x3)",1635,362,-0.29939852137062156,0.590611567020277,0.6398346919163754,0.23071656116475045,0.00015413271251437229,0.9691511719331186,0.17563834452328847,0.990909090909091,0.7741208934862944,0.7466041596217025,0.6955164381414207,0.17586929558188244,1.0,632.9032258064516,16,"{""bootstrap_stability"": true, ""compression"": true, ""geometry_dominance"": true, ""heldout_r2"": true, ""identity_destroyer"": true, ""model_consistency_nrmse"": true, ""model_consistency_r2"": true, ""pooled_destroyer"": false, ""step_transfer"": true, ""support_safe"": true, ""test_support"": true, ""train_support"": true}"
2025,2,real,CRACK_plus,candidate,False,context_affine,"omega_CRACK_plus: State(x,y) -> State(x + 0.29626125*e_2, (0.019313847)*y + (-0.056714001) + (-4.3750166)*x0 + (1.0798762)*x1 + (-0.28187307)*x2 + (-2.8219693)*x3)",1570,366,0.2962612459018308,0.59665024765333,0.635098222597631,0.23679258754514737,-0.005318204879197028,0.9659450770292848,0.18453975986414192,0.9948051948051948,0.7756766245852142,0.7391249128673743,0.7004055736826992,0.2099109612724749,1.0,607.741935483871,16,"{""bootstrap_stability"": true, ""compression"": true, ""geometry_dominance"": true, ""heldout_r2"": true, ""identity_destroyer"": true, ""model_consistency_nrmse"": true, ""model_consistency_r2"": true, ""pooled_destroyer"": false, ""step_transfer"": true, ""support_safe"": true, ""test_support"": true, ""train_support"": true}"
2025,2,real,WEIGHT_minus,promoted,True,context_affine,"omega_WEIGHT_minus: State(x,y) -> State(x + -0.29469777*e_3, (0.019182663)*y + (0.91092885) + (-4.6171826)*x0 + (1.0478554)*x1 + (-0.31089015)*x2 + (-3.1356311)*x3)",1457,319,-0.2946977681220271,0.6478768209350885,0.593399679023263,0.30822928166776686,0.1143686163855325,0.9721217016196672,0.16696795614827661,0.9922077922077922,0.7664343613780329,0.7487760582717223,0.6968193334305284,0.17537300865582142,1.0,564.0,16,"{""bootstrap_stability"": true, ""compression"": true, ""geometry_dominance"": true, ""heldout_r2"": true, ""identity_destroyer"": true, ""model_consistency_nrmse"": true, ""model_consistency_r2"": true, ""pooled_destroyer"": true, ""step_transfer"": true, ""support_safe"": true, ""test_support"": true, ""train_support"": true}"
2025,2,real,WEIGHT_plus,promoted,True,context_affine,"omega_WEIGHT_plus: State(x,y) -> State(x + 0.29244468*e_3, (-0.012658856)*y + (-0.88541376) + (-4.8037432)*x0 + (1.0152046)*x1 + (-0.36090201)*x2 + (-3.2314911)*x3)",1448,317,0.2924446815515612,0.6148517135490712,0.6206031634232368,0.28799104437472844,0.15310063343367528,0.9690910483922472,0.17580941842732078,0.990909090909091,0.7648497489782045,0.7462363126146736,0.6983447056105871,0.20248438772739588,1.0,560.516129032258,16,"{""bootstrap_stability"": true, ""compression"": true, ""geometry_dominance"": true, ""heldout_r2"": true, ""identity_destroyer"": true, ""model_consistency_nrmse"": true, ""model_consistency_r2"": true, ""pooled_destroyer"": true, ""step_transfer"": true, ""support_safe"": true, ""test_support"": true, ""train_support"": true}"
2025,2,pair_shuffle,RIDGE_minus,rejected,False,affine_y,"omega_RIDGE_minus: State(x,y) -> State(x + -0.29474588*e_0, (-0.0074966504)*y + (0.72894017))",1504,314,-0.2947458791842527,-0.010698165236869839,1.0053348522939358,0.3633702501268819,0.002480572967997276,-0.09818513450374744,1.0479432878279946,0.990909090909091,0.7693656036903175,0.7494502826989724,0.69074914749125,0.18715209075319836,1.0,859.4285714285714,16,"{""bootstrap_stability"": true, ""compression"": true, ""geometry_dominance"": true, ""heldout_r2"": false, ""identity_destroyer"": true, ""model_consistency_nrmse"": false, ""model_consistency_r2"": false, ""pooled_destroyer"": false, ""step_transfer"": true, ""support_safe"": true, ""test_support"": true, ""train_support"": true}"
2025,2,pair_shuffle,RIDGE_plus,rejected,False,affine_y,"omega_RIDGE_plus: State(x,y) -> State(x + 0.29487807*e_0, (0.033071793)*y + (-0.72012975))",1506,317,0.29487806965902197,-0.02505684353710702,1.0124509091986174,0.34095428607665573,0.07029277785484098,-0.05021965619082347,1.024802252237388,0.9922077922077922,0.7653275773940127,0.7547810478615559,0.6893664181730853,0.19323875323031522,1.0,860.5714285714286,16,"{""bootstrap_stability"": true, ""compression"": true, ""geometry_dominance"": true, ""heldout_r2"": false, ""identity_destroyer"": true, ""model_consistency_nrmse"": false, ""model_consistency_r2"": false, ""pooled_destroyer"": true, ""step_transfer"": true, ""support_safe"": true, ""test_support"": true, ""train_support"": true}"
2025,2,pair_shuffle,NUB_minus,rejected,False,affine_y,"omega_NUB_minus: State(x,y) -> State(x + -0.29777797*e_1, (0.016785663)*y + (-0.1282266))",1637,358,-0.2977779690454294,-0.007449280676052883,1.0037177295814061,0.32504291178611405,0.0019359044531222782,0.026219879547971114,0.9868029795516574,0.9935064935064936,0.7704306352679735,0.7557511845894116,0.6844697387455843,0.18521600000000013,1.0,935.4285714285714,16,"{""bootstrap_stability"": true, ""compression"": true, ""geometry_dominance"": true, ""heldout_r2"": false, ""identity_destroyer"": true, ""model_consistency_nrmse"": false, ""model_consistency_r2"": false, ""pooled_destroyer"": false, ""step_transfer"": true, ""support_safe"": true, ""test_support"": true, ""train_support"": true}"
2025,2,pair_shuffle,NUB_plus,rejected,False,affine_y,"omega_NUB_plus: State(x,y) -> State(x + 0.29676791*e_1, (-0.036038639)*y + (0.12240263))",1629,375,0.2967679061744274,-0.02505988763247946,1.0124524125273637,0.25571911747293624,-0.00792120469487233,-0.07652475051433738,1.0375571071099352,0.990909090909091,0.7702643629508324,0.7485584465402357,0.6941868989322572,0.1631132802465964,1.0,930.8571428571429,16,"{""bootstrap_stability"": true, ""compression"": true, ""geometry_dominance"": true, ""heldout_r2"": false, ""identity_destroyer"": true, ""model_consistency_nrmse"": false, ""model_consistency_r2"": false, ""pooled_destroyer"": false, ""step_transfer"": true, ""support_safe"": true, ""test_support"": true, ""train_support"": true}"
2025,2,pair_shuffle,CRACK_minus,rejected,False,affine_y,"omega_CRACK_minus: State(x,y) -> State(x + -0.29939852*e_2, (0.021505596)*y + (0.015618731))",1635,362,-0.29939852137062156,-0.0029227462685459393,1.0014603068861723,0.297477993487466,-0.001613275757278798,0.042522079557120396,0.978508007347349,0.990909090909091,0.7741208934862944,0.7466041596217025,0.6955164381414207,0.17586929558188244,1.0,934.2857142857143,16,"{""bootstrap_stability"": true, ""compression"": true, ""geometry_dominance"": true, ""heldout_r2"": false, ""identity_destroyer"": true, ""model_consistency_nrmse"": false, ""model_consistency_r2"": false, ""pooled_destroyer"": false, ""step_transfer"": true, ""support_safe"": true, ""test_support"": true, ""train_support"": true}"
2025,2,pair_shuffle,CRACK_plus,rejected,False,affine_y,"omega_CRACK_plus: State(x,y) -> State(x + 0.29626125*e_2, (0.0024473869)*y + (-0.11824699))",1570,366,0.2962612459018308,-5.957298521819254e-05,1.0000297860490048,0.30279212470302974,0.0013426534078954371,0.0048577890543712865,0.9975681485220089,0.9948051948051948,0.7756766245852142,0.7391249128673743,0.7004055736826992,0.2099109612724749,1.0,897.1428571428571,16,"{""bootstrap_stability"": true, ""compression"": true, ""geometry_dominance"": true, ""heldout_r2"": false, ""identity_destroyer"": true, ""model_consistency_nrmse"": false, ""model_consistency_r2"": false, ""pooled_destroyer"": false, ""step_transfer"": true, ""support_safe"": true, ""test_support"": true, ""train_support"": true}"
2025,2,pair_shuffle,WEIGHT_minus,rejected,False,affine_y,"omega_WEIGHT_minus: State(x,y) -> State(x + -0.29469777*e_3, (0.0061863034)*y + (0.45252959))",1457,319,-0.2946977681220271,-0.0009405908492716719,1.0004701848877215,0.30419957657320323,0.00811858698282224,-0.03956838879734237,1.0195922659560253,0.9922077922077922,0.7664343613780329,0.7487760582717223,0.6968193334305284,0.17537300865582142,1.0,832.5714285714286,16,"{""bootstrap_stability"": true, ""compression"": true, ""geometry_dominance"": true, ""heldout_r2"": false, ""identity_destroyer"": true, ""model_consistency_nrmse"": false, ""model_consistency_r2"": false, ""pooled_destroyer"": false, ""step_transfer"": true, ""support_safe"": true, ""test_support"": true, ""train_support"": true}"
2025,2,pair_shuffle,WEIGHT_plus,rejected,False,affine_y,"omega_WEIGHT_plus: State(x,y) -> State(x + 0.29244468*e_3, (-0.016797005)*y + (-0.55727428))",1448,317,0.2924446815515612,-0.01663133716830112,1.00828137797358,0.31342423057721697,0.04051886125382296,-0.0860104453049646,1.042118249194862,0.990909090909091,0.7648497489782045,0.7462363126146736,0.6983447056105871,0.20248438772739588,1.0,827.4285714285714,16,"{""bootstrap_stability"": true, ""compression"": true, ""geometry_dominance"": true, ""heldout_r2"": false, ""identity_destroyer"": true, ""model_consistency_nrmse"": false, ""model_consistency_r2"": false, ""pooled_destroyer"": true, ""step_transfer"": true, ""support_safe"": true, ""test_support"": true, ""train_support"": true}"
2025,2,target_shuffle,RIDGE_minus,rejected,False,affine_y,"omega_RIDGE_minus: State(x,y) -> State(x + -0.29474588*e_0, (-0.0026127942)*y + (-0.029642235))",1504,314,-0.2947458791842527,-0.0006605018235283922,1.000330196396934,0.30949206167108173,-0.0006452833832482421,-0.11376688326157414,1.0553515448709847,0.990909090909091,0.7693656036903175,0.7494502826989724,0.69074914749125,0.18715209075319836,1.0,859.4285714285714,16,"{""bootstrap_stability"": true, ""compression"": true, ""geometry_dominance"": true, ""heldout_r2"": false, ""identity_destroyer"": true, ""model_consistency_nrmse"": false, ""model_consistency_r2"": false, ""pooled_destroyer"": false, ""step_transfer"": true, ""support_safe"": true, ""test_support"": true, ""train_support"": true}"
2025,2,target_shuffle,RIDGE_plus,rejected,False,affine_y,"omega_RIDGE_plus: State(x,y) -> State(x + 0.29487807*e_0, (0.004500376)*y + (0.15216978))",1506,317,0.29487806965902197,-0.023717166676012313,1.0117890919929964,0.2766265164784041,-0.004408919538767127,-0.6079342757204464,1.2680434833713101,0.9922077922077922,0.7653275773940127,0.7547810478615559,0.6893664181730853,0.19323875323031522,1.0,860.5714285714286,16,"{""bootstrap_stability"": true, ""compression"": true, ""geometry_dominance"": true, ""heldout_r2"": false, ""identity_destroyer"": true, ""model_consistency_nrmse"": false, ""model_consistency_r2"": false, ""pooled_destroyer"": false, ""step_transfer"": true, ""support_safe"": true, ""test_support"": true, ""train_support"": true}"
2025,2,target_shuffle,NUB_minus,rejected,False,affine_y,"omega_NUB_minus: State(x,y) -> State(x + -0.29777797*e_1, (0.042113319)*y + (-0.0070910692))",1637,358,-0.2977779690454294,0.002758607720472095,0.9986197435858796,0.2591356497388629,0.0013372400509264022,0.05872510201478154,0.9701932271383978,0.9935064935064936,0.7704306352679735,0.7557511845894116,0.6844697387455843,0.18521600000000013,1.0,935.4285714285714,16,"{""bootstrap_stability"": true, ""compression"": true, ""geometry_dominance"": true, ""heldout_r2"": false, ""identity_destroyer"": true, ""model_consistency_nrmse"": false, ""model_consistency_r2"": false, ""pooled_destroyer"": false, ""step_transfer"": true, ""support_safe"": true, ""test_support"": true, ""train_support"": true}"
2025,2,target_shuffle,NUB_plus,rejected,False,affine_y,"omega_NUB_plus: State(x,y) -> State(x + 0.29676791*e_1, (0.034333265)*y + (0.018107653))",1629,375,0.2967679061744274,0.003499862692217248,0.998248534838786,0.283400908563202,0.0017327543971745792,0.05396862476768116,0.972641442275785,0.990909090909091,0.7702643629508324,0.7485584465402357,0.6941868989322572,0.1631132802465964,1.0,930.8571428571429,16,"{""bootstrap_stability"": true, ""compression"": true, ""geometry_dominance"": true, ""heldout_r2"": false, ""identity_destroyer"": true, ""model_consistency_nrmse"": false, ""model_consistency_r2"": false, ""pooled_destroyer"": false, ""step_transfer"": true, ""support_safe"": true, ""test_support"": true, ""train_support"": true}"
2025,2,target_shuffle,CRACK_minus,rejected,False,affine_y,"omega_CRACK_minus: State(x,y) -> State(x + -0.29939852*e_2, (-0.0064274019)*y + (0.047340339))",1635,362,-0.29939852137062156,-0.014538493806934172,1.0072430162611872,0.26183189457968303,-0.0018148436625292543,-0.0187291203462443,1.0093211185476325,0.990909090909091,0.7741208934862944,0.7466041596217025,0.6955164381414207,0.17586929558188244,1.0,934.2857142857143,16,"{""bootstrap_stability"": true, ""compression"": true, ""geometry_dominance"": true, ""heldout_r2"": false, ""identity_destroyer"": true, ""model_consistency_nrmse"": false, ""model_consistency_r2"": false, ""pooled_destroyer"": false, ""step_transfer"": true, ""support_safe"": true, ""test_support"": true, ""train_support"": true}"
2025,2,target_shuffle,CRACK_plus,rejected,False,affine_y,"omega_CRACK_plus: State(x,y) -> State(x + 0.29626125*e_2, (-0.0020185378)*y + (0.044658492))",1570,366,0.2962612459018308,-0.0028063466753192046,1.0014021902688846,0.23545474184938667,-0.0011736767278548027,-0.10458069344422571,1.0509903393676965,0.9948051948051948,0.7756766245852142,0.7391249128673743,0.7004055736826992,0.2099109612724749,1.0,897.1428571428571,16,"{""bootstrap_stability"": true, ""compression"": true, ""geometry_dominance"": true, ""heldout_r2"": false, ""identity_destroyer"": true, ""model_consistency_nrmse"": false, ""model_consistency_r2"": false, ""pooled_destroyer"": false, ""step_transfer"": true, ""support_safe"": true, ""test_support"": true, ""train_support"": true}"
2025,2,target_shuffle,WEIGHT_minus,rejected,False,identity,"omega_WEIGHT_minus: State(x,y) -> State(x + -0.29469777*e_3, y)",1457,319,-0.2946977681220271,-0.7905069953118276,1.3380982756553523,0.0,-0.33806401698217053,0.9871142554738285,0.11351539334456606,0.9922077922077922,0.7664343613780329,0.7487760582717223,0.6968193334305284,0.17537300865582142,1.0,1344.923076923077,16,"{""bootstrap_stability"": true, ""compression"": true, ""geometry_dominance"": true, ""heldout_r2"": false, ""identity_destroyer"": false, ""model_consistency_nrmse"": true, ""model_consistency_r2"": true, ""pooled_destroyer"": false, ""step_transfer"": true, ""support_safe"": true, ""test_support"": true, ""train_support"": true}"
2025,2,target_shuffle,WEIGHT_plus,rejected,False,affine_y,"omega_WEIGHT_plus: State(x,y) -> State(x + 0.29244468*e_3, (0.023719792)*y + (0.01030075))",1448,317,0.2924446815515612,0.0046685346244318415,0.9976630019077425,0.2600775600057646,0.0015651247839022918,0.04681681038330088,0.976311010701354,0.990909090909091,0.7648497489782045,0.7462363126146736,0.6983447056105871,0.20248438772739588,1.0,827.4285714285714,16,"{""bootstrap_stability"": true, ""compression"": true, ""geometry_dominance"": true, ""heldout_r2"": false, ""identity_destroyer"": true, ""model_consistency_nrmse"": false, ""model_consistency_r2"": false, ""pooled_destroyer"": false, ""step_transfer"": true, ""support_safe"": true, ""test_support"": true, ""train_support"": true}"
2025,3,real,RIDGE_minus,promoted,True,context_affine,"omega_RIDGE_minus: State(x,y) -> State(x + -0.29473345*e_0, (0.035274751)*y + (1.3841651) + (-4.649056)*x0 + (1.0763083)*x1 + (-0.36157722)*x2 + (-3.0235361)*x3)",1510,308,-0.29473345042885435,0.6055611830741185,0.6280436425328111,0.4000961733158215,0.22643005884579678,0.9858013943331015,0.11915790224277409,0.9883116883116884,0.7690227556272686,0.729670395054604,0.7133357702587089,0.20075958780410041,1.0,584.516129032258,16,"{""bootstrap_stability"": true, ""compression"": true, ""geometry_dominance"": true, ""heldout_r2"": true, ""identity_destroyer"": true, ""model_consistency_nrmse"": true, ""model_consistency_r2"": true, ""pooled_destroyer"": true, ""step_transfer"": true, ""support_safe"": true, ""test_support"": true, ""train_support"": true}"
2025,3,real,RIDGE_plus,promoted,True,context_affine,"omega_RIDGE_plus: State(x,y) -> State(x + 0.2942403*e_0, (0.019795146)*y + (-1.3490627) + (-4.6835803)*x0 + (1.1680201)*x1 + (-0.36239998)*x2 + (-3.1512821)*x3)",1491,320,0.29424029714677047,0.5208543894492725,0.6922034459252044,0.3812695290265406,0.260458289235719,0.9838604953609117,0.1270413501151822,0.9818181818181818,0.7660924485718538,0.7294076550720182,0.7167594220923255,0.21256218574582963,1.0,577.1612903225806,16,"{""bootstrap_stability"": true, ""compression"": true, ""geometry_dominance"": true, ""heldout_r2"": true, ""identity_destroyer"": true, ""model_consistency_nrmse"": true, ""model_consistency_r2"": true, ""pooled_destroyer"": true, ""step_transfer"": true, ""support_safe"": true, ""test_support"": true, ""train_support"": true}"
2025,3,real,NUB_minus,candidate,False,context_affine,"omega_NUB_minus: State(x,y) -> State(x + -0.29570915*e_1, (-0.011987575)*y + (-0.22847083) + (-4.7537246)*x0 + (1.0927885)*x1 + (-0.33657443)*x2 + (-3.2126802)*x3)",1636,350,-0.29570914766680545,0.571170063986622,0.6548510792641165,0.1959970708017973,0.00846657899986884,0.9870958071143596,0.11359662356619768,0.977922077922078,0.7725641447629092,0.7425577503375169,0.7040757382255075,0.22021696252465364,1.0,633.2903225806451,16,"{""bootstrap_stability"": true, ""compression"": true, ""geometry_dominance"": true, ""heldout_r2"": true, ""identity_destroyer"": true, ""model_consistency_nrmse"": true, ""model_consistency_r2"": true, ""pooled_destroyer"": false, ""step_transfer"": true, ""support_safe"": true, ""test_support"": true, ""train_support"": true}"
2025,3,real,NUB_plus,candidate,False,context_affine,"omega_NUB_plus: State(x,y) -> State(x + 0.29856709*e_1, (0.045275088)*y + (0.38887668) + (-4.3375341)*x0 + (1.1079658)*x1 + (-0.32168286)*x2 + (-2.8086867)*x3)",1629,366,0.2985670861748273,0.596642675224755,0.6351041841896847,0.2291024832113645,-0.005783748791441439,0.9841514934230445,0.12589085183981993,0.987012987012987,0.7756127511038,0.7492396085066573,0.6905190142228173,0.2052484209155444,1.0,630.5806451612904,16,"{""bootstrap_stability"": true, ""compression"": true, ""geometry_dominance"": true, ""heldout_r2"": true, ""identity_destroyer"": true, ""model_consistency_nrmse"": true, ""model_consistency_r2"": true, ""pooled_destroyer"": false, ""step_transfer"": true, ""support_safe"": true, ""test_support"": true, ""train_support"": true}"
2025,3,real,CRACK_minus,candidate,False,context_affine,"omega_CRACK_minus: State(x,y) -> State(x + -0.29766763*e_2, (0.0093364516)*y + (0.12524246) + (-4.3767797)*x0 + (1.0214389)*x1 + (-0.36860232)*x2 + (-2.8803582)*x3)",1576,347,-0.29766763253127526,0.5707919353711403,0.6551397290875128,0.24922774901937886,-0.006263448756531901,0.9780764588587719,0.1480660026516149,0.987012987012987,0.7752950100496514,0.751239344301853,0.688728935149183,0.20829333845267803,1.0,610.0645161290323,16,"{""bootstrap_stability"": true, ""compression"": true, ""geometry_dominance"": true, ""heldout_r2"": true, ""identity_destroyer"": true, ""model_consistency_nrmse"": true, ""model_consistency_r2"": true, ""pooled_destroyer"": false, ""step_transfer"": true, ""support_safe"": true, ""test_support"": true, ""train_support"": true}"
2025,3,real,CRACK_plus,candidate,False,context_affine,"omega_CRACK_plus: State(x,y) -> State(x + 0.29691205*e_2, (0.0068207555)*y + (-0.046409564) + (-4.3260647)*x0 + (1.0901637)*x1 + (-0.32172617)*x2 + (-2.7387826)*x3)",1544,363,0.29691205034934176,0.47816278071511786,0.7223830142555141,0.19788043024390903,-0.0010204008526358097,0.973438296756659,0.16297761577388764,0.9883116883116884,0.7717618374492028,0.7388655946250986,0.6986113354693174,0.2069201488388013,1.0,597.6774193548387,16,"{""bootstrap_stability"": true, ""compression"": true, ""geometry_dominance"": true, ""heldout_r2"": true, ""identity_destroyer"": true, ""model_consistency_nrmse"": true, ""model_consistency_r2"": true, ""pooled_destroyer"": false, ""step_transfer"": true, ""support_safe"": true, ""test_support"": true, ""train_support"": true}"
2025,3,real,WEIGHT_minus,promoted,True,context_affine,"omega_WEIGHT_minus: State(x,y) -> State(x + -0.29092381*e_3, (0.02848327)*y + (0.94958825) + (-4.525379)*x0 + (1.107197)*x1 + (-0.3471827)*x2 + (-3.0366446)*x3)",1486,290,-0.29092381488801355,0.5955262166673019,0.6359825338267538,0.32981389753499246,0.10489010443158711,0.9840700998026147,0.12621370843686242,0.9805194805194806,0.7697930592136388,0.7398198416451691,0.6962986736227837,0.22996008291788742,1.0,575.2258064516129,16,"{""bootstrap_stability"": true, ""compression"": true, ""geometry_dominance"": true, ""heldout_r2"": true, ""identity_destroyer"": true, ""model_consistency_nrmse"": true, ""model_consistency_r2"": true, ""pooled_destroyer"": true, ""step_transfer"": true, ""support_safe"": true, ""test_support"": true, ""train_support"": true}"
2025,3,real,WEIGHT_plus,promoted,True,context_affine,"omega_WEIGHT_plus: State(x,y) -> State(x + 0.29181596*e_3, (0.029460625)*y + (-0.91513584) + (-4.3550649)*x0 + (1.0127448)*x1 + (-0.3761758)*x2 + (-2.8456472)*x3)",1444,319,0.2918159593238628,0.6441710915270129,0.5965139633512254,0.3203319956058211,0.13430632832084718,0.9788689322717603,0.14536529065853282,0.9857142857142858,0.7662464229309747,0.737700020613855,0.6969565543373174,0.23603757472245906,1.0,558.9677419354839,16,"{""bootstrap_stability"": true, ""compression"": true, ""geometry_dominance"": true, ""heldout_r2"": true, ""identity_destroyer"": true, ""model_consistency_nrmse"": true, ""model_consistency_r2"": true, ""pooled_destroyer"": true, ""step_transfer"": true, ""support_safe"": true, ""test_support"": true, ""train_support"": true}"
2025,3,pair_shuffle,RIDGE_minus,rejected,False,affine_y,"omega_RIDGE_minus: State(x,y) -> State(x + -0.29473345*e_0, (0.0069241598)*y + (0.67536626))",1510,308,-0.29473345042885435,-0.002146496850913504,1.0010726731116544,0.3488060764018829,0.03428137864632599,-0.07614438009114499,1.0373737899576725,0.9883116883116884,0.7690227556272686,0.729670395054604,0.7133357702587089,0.20075958780410041,1.0,862.8571428571429,16,"{""bootstrap_stability"": true, ""compression"": true, ""geometry_dominance"": true, ""heldout_r2"": false, ""identity_destroyer"": true, ""model_consistency_nrmse"": false, ""model_consistency_r2"": false, ""pooled_destroyer"": true, ""step_transfer"": true, ""support_safe"": true, ""test_support"": true, ""train_support"": true}"
2025,3,pair_shuffle,RIDGE_plus,rejected,False,affine_y,"omega_RIDGE_plus: State(x,y) -> State(x + 0.2942403*e_0, (0.013333347)*y + (-0.70099824))",1491,320,0.29424029714677047,-0.014982348838180615,1.007463323817885,0.3784692745629188,0.053303593607447304,-0.07426526997372429,1.036467688822823,0.9818181818181818,0.7660924485718538,0.7294076550720182,0.7167594220923255,0.21256218574582963,1.0,852.0,16,"{""bootstrap_stability"": true, ""compression"": true, ""geometry_dominance"": true, ""heldout_r2"": false, ""identity_destroyer"": true, ""model_consistency_nrmse"": false, ""model_consistency_r2"": false, ""pooled_destroyer"": true, ""step_transfer"": true, ""support_safe"": true, ""test_support"": true, ""train_support"": true}"
2025,3,pair_shuffle,NUB_minus,rejected,False,affine_y,"omega_NUB_minus: State(x,y) -> State(x + -0.29570915*e_1, (-0.0075924143)*y + (-0.064275509))",1636,350,-0.29570914766680545,-0.001451710697412345,1.0007255921067535,0.31816659293374777,-0.0003164862533437223,-0.024810518295201422,1.0123292538967752,0.977922077922078,0.7725641447629092,0.7425577503375169,0.7040757382255075,0.22021696252465364,1.0,934.8571428571429,16,"{""bootstrap_stability"": true, ""compression"": true, ""geometry_dominance"": true, ""heldout_r2"": false, ""identity_destroyer"": true, ""model_consistency_nrmse"": false, ""model_consistency_r2"": false, ""pooled_destroyer"": false, ""step_transfer"": true, ""support_safe"": true, ""test_support"": true, ""train_support"": true}"
2025,3,pair_shuffle,NUB_plus,rejected,False,affine_y,"omega_NUB_plus: State(x,y) -> State(x + 0.29856709*e_1, (-0.020155504)*y + (0.15712129))",1629,366,0.2985670861748273,-0.0066872424755850535,1.0033380499490612,0.29827836916980704,-0.0024585645763551983,-0.04280476549755474,1.0211781262333983,0.987012987012987,0.7756127511038,0.7492396085066573,0.6905190142228173,0.2052484209155444,1.0,930.8571428571429,16,"{""bootstrap_stability"": true, ""compression"": true, ""geometry_dominance"": true, ""heldout_r2"": false, ""identity_destroyer"": true, ""model_consistency_nrmse"": false, ""model_consistency_r2"": false, ""pooled_destroyer"": false, ""step_transfer"": true, ""support_safe"": true, ""test_support"": true, ""train_support"": true}"
2025,3,pair_shuffle,CRACK_minus,rejected,False,affine_y,"omega_CRACK_minus: State(x,y) -> State(x + -0.29766763*e_2, (0.017259079)*y + (0.0072892902))",1576,347,-0.29766763253127526,-0.010454478110029308,1.0052136479923206,0.30378669890827287,-0.0006086621796123345,0.034108301797925566,0.9827978928559394,0.987012987012987,0.7752950100496514,0.751239344301853,0.688728935149183,0.20829333845267803,1.0,900.5714285714286,16,"{""bootstrap_stability"": true, ""compression"": true, ""geometry_dominance"": true, ""heldout_r2"": false, ""identity_destroyer"": true, ""model_consistency_nrmse"": false, ""model_consistency_r2"": false, ""pooled_destroyer"": false, ""step_transfer"": true, ""support_safe"": true, ""test_support"": true, ""train_support"": true}"
2025,3,pair_shuffle,CRACK_plus,rejected,False,affine_y,"omega_CRACK_plus: State(x,y) -> State(x + 0.29691205*e_2, (-0.0085690821)*y + (-0.035453133))",1544,363,0.29691205034934176,0.00039255522583037106,0.9998037031208523,0.3043839507137787,-0.0001678896532466313,-0.017739128564042694,1.008830574756754,0.9883116883116884,0.7717618374492028,0.7388655946250986,0.6986113354693174,0.2069201488388013,1.0,882.2857142857143,16,"{""bootstrap_stability"": true, ""compression"": true, ""geometry_dominance"": true, ""heldout_r2"": false, ""identity_destroyer"": true, ""model_consistency_nrmse"": false, ""model_consistency_r2"": false, ""pooled_destroyer"": false, ""step_transfer"": true, ""support_safe"": true, ""test_support"": true, ""train_support"": true}"
2025,3,pair_shuffle,WEIGHT_minus,rejected,False,affine_y,"omega_WEIGHT_minus: State(x,y) -> State(x + -0.29092381*e_3, (0.041162613)*y + (0.42150603))",1486,290,-0.29092381488801355,-0.005879442701423487,1.0029354130258954,0.3556548333780776,0.009681631275928599,0.02819539200197474,0.9858015053741931,0.9805194805194806,0.7697930592136388,0.7398198416451691,0.6962986736227837,0.22996008291788742,1.0,849.1428571428571,16,"{""bootstrap_stability"": true, ""compression"": true, ""geometry_dominance"": true, ""heldout_r2"": false, ""identity_destroyer"": true, ""model_consistency_nrmse"": false, ""model_consistency_r2"": false, ""pooled_destroyer"": false, ""step_transfer"": true, ""support_safe"": true, ""test_support"": true, ""train_support"": true}"
2025,3,pair_shuffle,WEIGHT_plus,rejected,False,affine_y,"omega_WEIGHT_plus: State(x,y) -> State(x + 0.29181596*e_3, (-0.027879865)*y + (-0.65734532))",1444,319,0.2918159593238628,0.0005520141516484056,0.9997239548237061,0.3194641502063027,0.028370677944252257,-0.08227720763126856,1.040325529645057,0.9857142857142858,0.7662464229309747,0.737700020613855,0.6969565543373174,0.23603757472245906,1.0,825.1428571428571,16,"{""bootstrap_stability"": true, ""compression"": true, ""geometry_dominance"": true, ""heldout_r2"": false, ""identity_destroyer"": true, ""model_consistency_nrmse"": false, ""model_consistency_r2"": false, ""pooled_destroyer"": true, ""step_transfer"": true, ""support_safe"": true, ""test_support"": true, ""train_support"": true}"
2025,3,target_shuffle,RIDGE_minus,rejected,False,context_affine,"omega_RIDGE_minus: State(x,y) -> State(x + -0.29473345*e_0, (0.004666527)*y + (-0.023467003) + (0.27834937)*x0 + (-0.029675886)*x1 + (-0.22291701)*x2 + (0.26685646)*x3)",1510,308,-0.29473345042885435,-0.0029487783103852028,1.0014733038430856,0.3086069451978013,0.005304893797420234,0.7260378052161756,0.5234139803098734,0.9883116883116884,0.7690227556272686,0.729670395054604,0.7133357702587089,0.20075958780410041,0.875,584.516129032258,16,"{""bootstrap_stability"": true, ""compression"": true, ""geometry_dominance"": true, ""heldout_r2"": false, ""identity_destroyer"": true, ""model_consistency_nrmse"": false, ""model_consistency_r2"": false, ""pooled_destroyer"": false, ""step_transfer"": true, ""support_safe"": true, ""test_support"": true, ""train_support"": true}"
2025,3,target_shuffle,RIDGE_plus,rejected,False,affine_y,"omega_RIDGE_plus: State(x,y) -> State(x + 0.2942403*e_0, (-0.027502693)*y + (0.039092594))",1491,320,0.29424029714677047,-0.002962740181694734,1.0014802744845726,0.3107597650196628,-0.001023106344602051,-0.07483871297287292,1.0367442852376247,0.9818181818181818,0.7660924485718538,0.7294076550720182,0.7167594220923255,0.21256218574582963,1.0,852.0,16,"{""bootstrap_stability"": true, ""compression"": true, ""geometry_dominance"": true, ""heldout_r2"": false, ""identity_destroyer"": true, ""model_consistency_nrmse"": false, ""model_consistency_r2"": false, ""pooled_destroyer"": false, ""step_transfer"": true, ""support_safe"": true, ""test_support"": true, ""train_support"": true}"
2025,3,target_shuffle,NUB_minus,rejected,False,affine_y,"omega_NUB_minus: State(x,y) -> State(x + -0.29570915*e_1, (-0.012670339)*y + (-0.0010496206))",1636,350,-0.29570914766680545,-0.003054885111812178,1.001526277793954,0.2622620726570776,-0.0002476656001488543,-0.04094206734721695,1.020265684685718,0.977922077922078,0.7725641447629092,0.7425577503375169,0.7040757382255075,0.22021696252465364,0.625,934.8571428571429,16,"{""bootstrap_stability"": true, ""compression"": true, ""geometry_dominance"": true, ""heldout_r2"": false, ""identity_destroyer"": true, ""model_consistency_nrmse"": false, ""model_consistency_r2"": false, ""pooled_destroyer"": false, ""step_transfer"": true, ""support_safe"": true, ""test_support"": true, ""train_support"": true}"
2025,3,target_shuffle,NUB_plus,rejected,False,context_affine,"omega_NUB_plus: State(x,y) -> State(x + 0.29856709*e_1, (-0.017007539)*y + (-0.02345049) + (0.24670234)*x0 + (0.0095773368)*x1 + (-0.25822144)*x2 + (0.19773314)*x3)",1629,366,0.2985670861748273,0.0016714093793580576,0.9991639458170225,0.31993917139788686,0.002383069217286292,0.729837929455146,0.5197711713291283,0.987012987012987,0.7756127511038,0.7492396085066573,0.6905190142228173,0.2052484209155444,1.0,630.5806451612904,16,"{""bootstrap_stability"": true, ""compression"": true, ""geometry_dominance"": true, ""heldout_r2"": false, ""identity_destroyer"": true, ""model_consistency_nrmse"": false, ""model_consistency_r2"": false, ""pooled_destroyer"": false, ""step_transfer"": true, ""support_safe"": true, ""test_support"": true, ""train_support"": true}"
2025,3,target_shuffle,CRACK_minus,rejected,False,context_affine,"omega_CRACK_minus: State(x,y) -> State(x + -0.29766763*e_2, (-0.0019467184)*y + (0.031423421) + (0.20345343)*x0 + (0.11751624)*x1 + (-0.26172836)*x2 + (0.26069087)*x3)",1576,347,-0.29766763253127526,-0.007235734041153963,1.0036113461102132,0.27689205881255474,-0.0024308818423472885,0.669353287382209,0.5750188802272418,0.987012987012987,0.7752950100496514,0.751239344301853,0.688728935149183,0.20829333845267803,1.0,610.0645161290323,16,"{""bootstrap_stability"": true, ""compression"": true, ""geometry_dominance"": true, ""heldout_r2"": false, ""identity_destroyer"": true, ""model_consistency_nrmse"": false, ""model_consistency_r2"": false, ""pooled_destroyer"": false, ""step_transfer"": true, ""support_safe"": true, ""test_support"": true, ""train_support"": true}"
2025,3,target_shuffle,CRACK_plus,rejected,False,affine_y,"omega_CRACK_plus: State(x,y) -> State(x + 0.29691205*e_2, (0.0032627602)*y + (0.056617641))",1544,363,0.29691205034934176,-0.007708745631054725,1.0038469732140725,0.2883102158781504,-0.0010955009596271834,-0.17377987606636136,1.0834112220511478,0.9883116883116884,0.7717618374492028,0.7388655946250986,0.6986113354693174,0.2069201488388013,1.0,882.2857142857143,16,"{""bootstrap_stability"": true, ""compression"": true, ""geometry_dominance"": true, ""heldout_r2"": false, ""identity_destroyer"": true, ""model_consistency_nrmse"": false, ""model_consistency_r2"": false, ""pooled_destroyer"": false, ""step_transfer"": true, ""support_safe"": true, ""test_support"": true, ""train_support"": true}"
2025,3,target_shuffle,WEIGHT_minus,rejected,False,affine_y,"omega_WEIGHT_minus: State(x,y) -> State(x + -0.29092381*e_3, (0.0020884156)*y + (-0.007236183))",1486,290,-0.29092381488801355,0.0001592782305905871,0.9999203577132578,0.2985498243864786,0.0005517784451243953,0.001481600693435392,0.9992589250572469,0.9805194805194806,0.7697930592136388,0.7398198416451691,0.6962986736227837,0.22996008291788742,0.75,849.1428571428571,16,"{""bootstrap_stability"": true, ""compression"": true, ""geometry_dominance"": true, ""heldout_r2"": false, ""identity_destroyer"": true, ""model_consistency_nrmse"": false, ""model_consistency_r2"": false, ""pooled_destroyer"": false, ""step_transfer"": true, ""support_safe"": true, ""test_support"": true, ""train_support"": true}"
2025,3,target_shuffle,WEIGHT_plus,rejected,False,affine_y,"omega_WEIGHT_plus: State(x,y) -> State(x + 0.29181596*e_3, (-0.018365997)*y + (-0.065954633))",1444,319,0.2918159593238628,-0.0047646537266252675,1.0023794958630314,0.26553204719188567,-0.0008973015739768016,-0.5033028690462378,1.2260925205897955,0.9857142857142858,0.7662464229309747,0.737700020613855,0.6969565543373174,0.23603757472245906,1.0,825.1428571428571,16,"{""bootstrap_stability"": true, ""compression"": true, ""geometry_dominance"": true, ""heldout_r2"": false, ""identity_destroyer"": true, ""model_consistency_nrmse"": false, ""model_consistency_r2"": false, ""pooled_destroyer"": false, ""step_transfer"": true, ""support_safe"": true, ""test_support"": true, ""train_support"": true}"
2025,4,real,RIDGE_minus,promoted,True,context_affine,"omega_RIDGE_minus: State(x,y) -> State(x + -0.29607426*e_0, (0.045456449)*y + (1.3482658) + (-4.5528227)*x0 + (1.0802812)*x1 + (-0.33845104)*x2 + (-2.9794605)*x3)",1530,331,-0.2960742628966507,0.6270872790109526,0.6106658013914382,0.3557391243232372,0.23339980597686227,0.9834705369487297,0.1285669594074245,0.9843953185955787,0.7667829585802698,0.7548389728608494,0.6902118865816035,0.1939786082133902,1.0,592.258064516129,16,"{""bootstrap_stability"": true, ""compression"": true, ""geometry_dominance"": true, ""heldout_r2"": true, ""identity_destroyer"": true, ""model_consistency_nrmse"": true, ""model_consistency_r2"": true, ""pooled_destroyer"": true, ""step_transfer"": true, ""support_safe"": true, ""test_support"": true, ""train_support"": true}"
2025,4,real,RIDGE_plus,promoted,True,context_affine,"omega_RIDGE_plus: State(x,y) -> State(x + 0.29591006*e_0, (0.063715936)*y + (-1.3121467) + (-4.3110167)*x0 + (1.1127262)*x1 + (-0.3144288)*x2 + (-2.8026967)*x3)",1528,326,0.2959100595552846,0.6707658604907586,0.5737892814520339,0.3971830355218731,0.2563198995787969,0.9792515329790408,0.14404328176266737,0.9895968790637191,0.7673873689359187,0.7426328178439704,0.7029568689681822,0.20026952753408728,1.0,591.483870967742,16,"{""bootstrap_stability"": true, ""compression"": true, ""geometry_dominance"": true, ""heldout_r2"": true, ""identity_destroyer"": true, ""model_consistency_nrmse"": true, ""model_consistency_r2"": true, ""pooled_destroyer"": true, ""step_transfer"": true, ""support_safe"": true, ""test_support"": true, ""train_support"": true}"
2025,4,real,NUB_minus,candidate,False,context_affine,"omega_NUB_minus: State(x,y) -> State(x + -0.29121984*e_1, (0.005590286)*y + (-0.25551501) + (-4.5441165)*x0 + (1.0831406)*x1 + (-0.26577293)*x2 + (-3.0809807)*x3)",1630,368,-0.2912198381130065,0.580214400782374,0.6479086349305943,0.2327341394480019,-0.002306005303170724,0.9850429243409365,0.1222991237052151,0.988296488946684,0.7684465122170479,0.7457440516385603,0.6932879990019511,0.17973333333333352,1.0,630.9677419354839,16,"{""bootstrap_stability"": true, ""compression"": true, ""geometry_dominance"": true, ""heldout_r2"": true, ""identity_destroyer"": true, ""model_consistency_nrmse"": true, ""model_consistency_r2"": true, ""pooled_destroyer"": false, ""step_transfer"": true, ""support_safe"": true, ""test_support"": true, ""train_support"": true}"
2025,4,real,NUB_plus,promoted,True,context_affine,"omega_NUB_plus: State(x,y) -> State(x + 0.29269535*e_1, (-9.4409727e-05)*y + (0.36458776) + (-4.5437166)*x0 + (1.0836665)*x1 + (-0.30629599)*x2 + (-2.9889722)*x3)",1606,381,0.29269535195944574,0.5731896952277338,0.6533072055107507,0.24431650809605648,0.027999922604243208,0.9838332725006933,0.12714844670426256,0.9869960988296489,0.7657090226337013,0.7382303247000805,0.6993933872991402,0.1694746617139826,1.0,621.6774193548387,16,"{""bootstrap_stability"": true, ""compression"": true, ""geometry_dominance"": true, ""heldout_r2"": true, ""identity_destroyer"": true, ""model_consistency_nrmse"": true, ""model_consistency_r2"": true, ""pooled_destroyer"": true, ""step_transfer"": true, ""support_safe"": true, ""test_support"": true, ""train_support"": true}"
2025,4,real,CRACK_minus,candidate,False,context_affine,"omega_CRACK_minus: State(x,y) -> State(x + -0.29994236*e_2, (-0.018005084)*y + (0.061831118) + (-4.438935)*x0 + (1.0616763)*x1 + (-0.39711364)*x2 + (-2.9180099)*x3)",1568,341,-0.29994235927258456,0.5484775675731453,0.6719541892323128,0.2312475797129093,0.00024238254377078372,0.9748772495185912,0.158501578797843,0.9895968790637191,0.7719456215667471,0.7473185567529006,0.6938663727260688,0.2231960268770084,1.0,606.9677419354839,16,"{""bootstrap_stability"": true, ""compression"": true, ""geometry_dominance"": true, ""heldout_r2"": true, ""identity_destroyer"": true, ""model_consistency_nrmse"": true, ""model_consistency_r2"": true, ""pooled_destroyer"": false, ""step_transfer"": true, ""support_safe"": true, ""test_support"": true, ""train_support"": true}"
2025,4,real,CRACK_plus,candidate,False,context_affine,"omega_CRACK_plus: State(x,y) -> State(x + 0.29834006*e_2, (-0.016024131)*y + (-0.042076947) + (-4.3617893)*x0 + (1.095505)*x1 + (-0.28288013)*x2 + (-2.7949117)*x3)",1559,350,0.2983400629582865,0.5932721695574751,0.637752170080608,0.24054819760996135,0.005459216849651953,0.9711793218613267,0.16976654010338227,0.9869960988296489,0.7697268441409852,0.7461683318201213,0.6957860923175574,0.20070910082658558,1.0,603.483870967742,16,"{""bootstrap_stability"": true, ""compression"": true, ""geometry_dominance"": true, ""heldout_r2"": true, ""identity_destroyer"": true, ""model_consistency_nrmse"": true, ""model_consistency_r2"": true, ""pooled_destroyer"": false, ""step_transfer"": true, ""support_safe"": true, ""test_support"": true, ""train_support"": true}"
2025,4,real,WEIGHT_minus,promoted,True,context_affine,"omega_WEIGHT_minus: State(x,y) -> State(x + -0.29770876*e_3, (0.041973149)*y + (0.93926804) + (-4.4267853)*x0 + (0.97699805)*x1 + (-0.3224079)*x2 + (-2.9807473)*x3)",1444,320,-0.2977087616291832,0.5843410655620086,0.6447161657954541,0.34210884054905355,0.13147129707930638,0.98290405911118,0.130751446985569,0.9856957087126138,0.76683252202625,0.7426208233058194,0.6959908568312687,0.18543146187860113,1.0,558.9677419354839,16,"{""bootstrap_stability"": true, ""compression"": true, ""geometry_dominance"": true, ""heldout_r2"": true, ""identity_destroyer"": true, ""model_consistency_nrmse"": true, ""model_consistency_r2"": true, ""pooled_destroyer"": true, ""step_transfer"": true, ""support_safe"": true, ""test_support"": true, ""train_support"": true}"
2025,4,real,WEIGHT_plus,promoted,True,context_affine,"omega_WEIGHT_plus: State(x,y) -> State(x + 0.29492634*e_3, (0.0066673628)*y + (-0.89038942) + (-4.5777951)*x0 + (1.0754132)*x1 + (-0.34725732)*x2 + (-3.0318821)*x3)",1493,310,0.29492634355017533,0.5557333640840694,0.6665332969296662,0.3306456853631264,0.11629211862763005,0.9806561268643567,0.13908225312973388,0.9856957087126138,0.7631342605512953,0.7423265683460761,0.6971697154052645,0.208923680384134,1.0,577.9354838709677,16,"{""bootstrap_stability"": true, ""compression"": true, ""geometry_dominance"": true, ""heldout_r2"": true, ""identity_destroyer"": true, ""model_consistency_nrmse"": true, ""model_consistency_r2"": true, ""pooled_destroyer"": true, ""step_transfer"": true, ""support_safe"": true, ""test_support"": true, ""train_support"": true}"
2025,4,pair_shuffle,RIDGE_minus,rejected,False,affine_y,"omega_RIDGE_minus: State(x,y) -> State(x + -0.29607426*e_0, (0.034213428)*y + (0.67287522))",1530,331,-0.2960742628966507,0.0017902334128021558,0.9991044823176393,0.3286555845945753,0.020976345808005656,-0.010816562780824324,1.0053937352007047,0.9843953185955787,0.7667829585802698,0.7548389728608494,0.6902118865816035,0.1939786082133902,1.0,874.2857142857143,16,"{""bootstrap_stability"": true, ""compression"": true, ""geometry_dominance"": true, ""heldout_r2"": false, ""identity_destroyer"": true, ""model_consistency_nrmse"": false, ""model_consistency_r2"": false, ""pooled_destroyer"": true, ""step_transfer"": true, ""support_safe"": true, ""test_support"": true, ""train_support"": true}"
2025,4,pair_shuffle,RIDGE_plus,rejected,False,affine_y,"omega_RIDGE_plus: State(x,y) -> State(x + 0.29591006*e_0, (-0.022955605)*y + (-0.63278203))",1528,326,0.2959100595552846,-0.006562191903112691,1.0032757307455977,0.37040444655648114,0.04273246976084662,-0.1964891861741549,1.0938414812824366,0.9895968790637191,0.7673873689359187,0.7426328178439704,0.7029568689681822,0.20026952753408728,1.0,873.1428571428571,16,"{""bootstrap_stability"": true, ""compression"": true, ""geometry_dominance"": true, ""heldout_r2"": false, ""identity_destroyer"": true, ""model_consistency_nrmse"": false, ""model_consistency_r2"": false, ""pooled_destroyer"": true, ""step_transfer"": true, ""support_safe"": true, ""test_support"": true, ""train_support"": true}"
2025,4,pair_shuffle,NUB_minus,rejected,False,affine_y,"omega_NUB_minus: State(x,y) -> State(x + -0.29121984*e_1, (-0.010229444)*y + (-0.12690102))",1630,368,-0.2912198381130065,-0.001962831571230783,1.000980934669203,0.2795087243799383,0.0027793523334344746,-0.033345396595559684,1.0165359789970838,0.988296488946684,0.7684465122170479,0.7457440516385603,0.6932879990019511,0.17973333333333352,1.0,931.4285714285714,16,"{""bootstrap_stability"": true, ""compression"": true, ""geometry_dominance"": true, ""heldout_r2"": false, ""identity_destroyer"": true, ""model_consistency_nrmse"": false, ""model_consistency_r2"": false, ""pooled_destroyer"": false, ""step_transfer"": true, ""support_safe"": true, ""test_support"": true, ""train_support"": true}"
2025,4,pair_shuffle,NUB_plus,rejected,False,affine_y,"omega_NUB_plus: State(x,y) -> State(x + 0.29269535*e_1, (0.042240075)*y + (0.21614637))",1606,381,0.29269535195944574,-0.007464670881127455,1.0037253961523178,0.3296123003570585,-0.0032388662303605765,0.0826141423252571,0.9578026193714145,0.9869960988296489,0.7657090226337013,0.7382303247000805,0.6993933872991402,0.1694746617139826,1.0,917.7142857142857,16,"{""bootstrap_stability"": true, ""compression"": true, ""geometry_dominance"": true, ""heldout_r2"": false, ""identity_destroyer"": true, ""model_consistency_nrmse"": false, ""model_consistency_r2"": false, ""pooled_destroyer"": false, ""step_transfer"": true, ""support_safe"": true, ""test_support"": true, ""train_support"": true}"
2025,4,pair_shuffle,CRACK_minus,rejected,False,affine_y,"omega_CRACK_minus: State(x,y) -> State(x + -0.29994236*e_2, (0.012967585)*y + (0.012801233))",1568,341,-0.29994235927258456,-0.005401549904702652,1.0026971376765281,0.3474204692275923,-0.003921919838425868,0.02506705468127346,0.9873869278650224,0.9895968790637191,0.7719456215667471,0.7473185567529006,0.6938663727260688,0.2231960268770084,1.0,896.0,16,"{""bootstrap_stability"": true, ""compression"": true, ""geometry_dominance"": true, ""heldout_r2"": false, ""identity_destroyer"": true, ""model_consistency_nrmse"": false, ""model_consistency_r2"": false, ""pooled_destroyer"": false, ""step_transfer"": true, ""support_safe"": true, ""test_support"": true, ""train_support"": true}"
2025,4,pair_shuffle,CRACK_plus,rejected,False,affine_y,"omega_CRACK_plus: State(x,y) -> State(x + 0.29834006*e_2, (0.039304892)*y + (-0.029355406))",1559,350,0.2983400629582865,-0.0072908442094954395,1.0036388016659654,0.29432625735770546,5.290486559634699e-05,0.0734916072938725,0.9625530596835313,0.9869960988296489,0.7697268441409852,0.7461683318201213,0.6957860923175574,0.20070910082658558,1.0,890.8571428571429,16,"{""bootstrap_stability"": true, ""compression"": true, ""geometry_dominance"": true, ""heldout_r2"": false, ""identity_destroyer"": true, ""model_consistency_nrmse"": false, ""model_consistency_r2"": false, ""pooled_destroyer"": false, ""step_transfer"": true, ""support_safe"": true, ""test_support"": true, ""train_support"": true}"
2025,4,pair_shuffle,WEIGHT_minus,rejected,False,affine_y,"omega_WEIGHT_minus: State(x,y) -> State(x + -0.29770876*e_3, (-0.033583785)*y + (0.37246968))",1444,320,-0.2977087616291832,-0.003853850467797848,1.001925072282253,0.32484224891880487,0.005032106832970013,-0.11855012338055304,1.0576153002772573,0.9856957087126138,0.76683252202625,0.7426208233058194,0.6959908568312687,0.18543146187860113,1.0,825.1428571428571,16,"{""bootstrap_stability"": true, ""compression"": true, ""geometry_dominance"": true, ""heldout_r2"": false, ""identity_destroyer"": true, ""model_consistency_nrmse"": false, ""model_consistency_r2"": false, ""pooled_destroyer"": false, ""step_transfer"": true, ""support_safe"": true, ""test_support"": true, ""train_support"": true}"
2025,4,pair_shuffle,WEIGHT_plus,rejected,False,context_affine,"omega_WEIGHT_plus: State(x,y) -> State(x + 0.29492634*e_3, (-0.042883841)*y + (-0.6156968) + (-0.343785)*x0 + (0.16665891)*x1 + (0.13718802)*x2 + (-0.25991488)*x3)",1493,310,0.29492634355017533,-0.01679863755732014,1.0083643377060298,0.35633460783568943,0.04096316045587604,-0.00585679760176383,1.0029241235516093,0.9856957087126138,0.7631342605512953,0.7423265683460761,0.6971697154052645,0.208923680384134,1.0,577.9354838709677,16,"{""bootstrap_stability"": true, ""compression"": true, ""geometry_dominance"": true, ""heldout_r2"": false, ""identity_destroyer"": true, ""model_consistency_nrmse"": false, ""model_consistency_r2"": false, ""pooled_destroyer"": true, ""step_transfer"": true, ""support_safe"": true, ""test_support"": true, ""train_support"": true}"
2025,4,target_shuffle,RIDGE_minus,rejected,False,affine_y,"omega_RIDGE_minus: State(x,y) -> State(x + -0.29607426*e_0, (-0.0098295856)*y + (-0.05828363))",1530,331,-0.2960742628966507,-0.003725112272664477,1.0018608248018606,0.3091630830208578,-3.111654468225893e-05,-1.0861706192092173,1.4443582032201074,0.9843953185955787,0.7667829585802698,0.7548389728608494,0.6902118865816035,0.1939786082133902,1.0,874.2857142857143,16,"{""bootstrap_stability"": true, ""compression"": true, ""geometry_dominance"": true, ""heldout_r2"": false, ""identity_destroyer"": true, ""model_consistency_nrmse"": false, ""model_consistency_r2"": false, ""pooled_destroyer"": false, ""step_transfer"": true, ""support_safe"": true, ""test_support"": true, ""train_support"": true}"
2025,4,target_shuffle,RIDGE_plus,rejected,False,affine_y,"omega_RIDGE_plus: State(x,y) -> State(x + 0.29591006*e_0, (0.011850573)*y + (0.0040536325))",1528,326,0.2959100595552846,-0.006989122271167769,1.003488476401781,0.30848693608518957,-0.001762472675328316,0.015763474868823346,0.9920869544204158,0.9895968790637191,0.7673873689359187,0.7426328178439704,0.7029568689681822,0.20026952753408728,1.0,873.1428571428571,16,"{""bootstrap_stability"": true, ""compression"": true, ""geometry_dominance"": true, ""heldout_r2"": false, ""identity_destroyer"": true, ""model_consistency_nrmse"": false, ""model_consistency_r2"": false, ""pooled_destroyer"": false, ""step_transfer"": true, ""support_safe"": true, ""test_support"": true, ""train_support"": true}"
2025,4,target_shuffle,NUB_minus,rejected,False,identity,"omega_NUB_minus: State(x,y) -> State(x + -0.29121984*e_1, y)",1630,368,-0.2912198381130065,-0.9960891628730177,1.412830196050827,0.0,-0.4101511416411202,0.9883331229560522,0.10801331882665097,0.988296488946684,0.7684465122170479,0.7457440516385603,0.6932879990019511,0.17973333333333352,1.0,1504.6153846153845,16,"{""bootstrap_stability"": true, ""compression"": true, ""geometry_dominance"": true, ""heldout_r2"": false, ""identity_destroyer"": false, ""model_consistency_nrmse"": true, ""model_consistency_r2"": true, ""pooled_destroyer"": false, ""step_transfer"": true, ""support_safe"": true, ""test_support"": true, ""train_support"": true}"
2025,4,target_shuffle,NUB_plus,rejected,False,context_affine,"omega_NUB_plus: State(x,y) -> State(x + 0.29269535*e_1, (0.012586371)*y + (0.010049555) + (-0.053227669)*x0 + (-0.061266967)*x1 + (0.11903724)*x2 + (-0.045073711)*x3)",1606,381,0.29269535195944574,0.006289771931100252,0.9968501532672299,0.2880589696243554,0.003565653233047348,0.6810704000653982,0.5647385235085365,0.9869960988296489,0.7657090226337013,0.7382303247000805,0.6993933872991402,0.1694746617139826,1.0,621.6774193548387,16,"{""bootstrap_stability"": true, ""compression"": true, ""geometry_dominance"": true, ""heldout_r2"": false, ""identity_destroyer"": true, ""model_consistency_nrmse"": false, ""model_consistency_r2"": false, ""pooled_destroyer"": false, ""step_transfer"": true, ""support_safe"": true, ""test_support"": true, ""train_support"": true}"
2025,4,target_shuffle,CRACK_minus,rejected,False,affine_y,"omega_CRACK_minus: State(x,y) -> State(x + -0.29994236*e_2, (-0.027701771)*y + (0.061355702))",1568,341,-0.29994235927258456,0.004606925048747601,0.9976938783771565,0.325328229965377,0.002097215142300936,-0.6706674307748701,1.2925430092553478,0.9895968790637191,0.7719456215667471,0.7473185567529006,0.6938663727260688,0.2231960268770084,1.0,896.0,16,"{""bootstrap_stability"": true, ""compression"": true, ""geometry_dominance"": true, ""heldout_r2"": false, ""identity_destroyer"": true, ""model_consistency_nrmse"": false, ""model_consistency_r2"": false, ""pooled_destroyer"": false, ""step_transfer"": true, ""support_safe"": true, ""test_support"": true, ""train_support"": true}"
2025,4,target_shuffle,CRACK_plus,rejected,False,affine_y,"omega_CRACK_plus: State(x,y) -> State(x + 0.29834006*e_2, (0.0035339479)*y + (-0.0014109142))",1559,350,0.2983400629582865,-0.012038048339557905,1.0060010180608951,0.30711506116381554,0.0011778427488587223,-0.2606376328983069,1.1227812043752365,0.9869960988296489,0.7697268441409852,0.7461683318201213,0.6957860923175574,0.20070910082658558,1.0,890.8571428571429,16,"{""bootstrap_stability"": true, ""compression"": true, ""geometry_dominance"": true, ""heldout_r2"": false, ""identity_destroyer"": true, ""model_consistency_nrmse"": false, ""model_consistency_r2"": false, ""pooled_destroyer"": false, ""step_transfer"": true, ""support_safe"": true, ""test_support"": true, ""train_support"": true}"
2025,4,target_shuffle,WEIGHT_minus,rejected,False,identity,"omega_WEIGHT_minus: State(x,y) -> State(x + -0.29770876*e_3, y)",1444,320,-0.2977087616291832,-0.9375671735741846,1.3919652199585248,0.0,-0.3895178796698638,0.9999994828977988,0.0007190981860777516,0.9856957087126138,0.76683252202625,0.7426208233058194,0.6959908568312687,0.18543146187860113,1.0,1332.923076923077,16,"{""bootstrap_stability"": true, ""compression"": true, ""geometry_dominance"": true, ""heldout_r2"": false, ""identity_destroyer"": false, ""model_consistency_nrmse"": true, ""model_consistency_r2"": true, ""pooled_destroyer"": false, ""step_transfer"": true, ""support_safe"": true, ""test_support"": true, ""train_support"": true}"
2025,4,target_shuffle,WEIGHT_plus,rejected,False,affine_y,"omega_WEIGHT_plus: State(x,y) -> State(x + 0.29492634*e_3, (-0.020831561)*y + (-0.064068663))",1493,310,0.29492634355017533,-0.013415439527049156,1.006685372659725,0.2447831329182049,-0.0013561506607799062,-1.0585434408938807,1.4347625033063418,0.9856957087126138,0.7631342605512953,0.7423265683460761,0.6971697154052645,0.208923680384134,1.0,853.1428571428571,16,"{""bootstrap_stability"": true, ""compression"": true, ""geometry_dominance"": true, ""heldout_r2"": false, ""identity_destroyer"": true, ""model_consistency_nrmse"": false, ""model_consistency_r2"": false, ""pooled_destroyer"": false, ""step_transfer"": true, ""support_safe"": true, ""test_support"": true, ""train_support"": true}"
2025,5,real,RIDGE_minus,promoted,True,context_affine,"omega_RIDGE_minus: State(x,y) -> State(x + -0.29621001*e_0, (0.051330954)*y + (1.2748375) + (-4.4028349)*x0 + (1.1147671)*x1 + (-0.31475694)*x2 + (-2.7906899)*x3)",1511,310,-0.29621001181598716,0.6453489003111917,0.5955259017782587,0.3821873284120089,0.25651948313944206,0.973177026995128,0.16377720538851548,0.9830949284785435,0.7700829453725271,0.7343852322062483,0.7074563248256147,0.17775523280649283,1.0,584.9032258064516,16,"{""bootstrap_stability"": true, ""compression"": true, ""geometry_dominance"": true, ""heldout_r2"": true, ""identity_destroyer"": true, ""model_consistency_nrmse"": true, ""model_consistency_r2"": true, ""pooled_destroyer"": true, ""step_transfer"": true, ""support_safe"": true, ""test_support"": true, ""train_support"": true}"
2025,5,real,RIDGE_plus,promoted,True,context_affine,"omega_RIDGE_plus: State(x,y) -> State(x + 0.29450184*e_0, (0.031643409)*y + (-1.3928229) + (-4.4598162)*x0 + (1.1792697)*x1 + (-0.33196991)*x2 + (-2.9053638)*x3)",1489,308,0.2945018378905212,0.6565478276199306,0.5860479266920663,0.3664106610777652,0.24684886167830886,0.9736676025703569,0.1622726022150478,0.9869960988296489,0.7670809592907246,0.7440786901940348,0.7030168946602857,0.18458646616541377,1.0,576.3870967741935,16,"{""bootstrap_stability"": true, ""compression"": true, ""geometry_dominance"": true, ""heldout_r2"": true, ""identity_destroyer"": true, ""model_consistency_nrmse"": true, ""model_consistency_r2"": true, ""pooled_destroyer"": true, ""step_transfer"": true, ""support_safe"": true, ""test_support"": true, ""train_support"": true}"
2025,5,real,NUB_minus,candidate,False,context_affine,"omega_NUB_minus: State(x,y) -> State(x + -0.29715846*e_1, (0.012223514)*y + (-0.33290379) + (-4.3128369)*x0 + (1.1063265)*x1 + (-0.32170595)*x2 + (-2.7533732)*x3)",1654,344,-0.2971584629069145,0.6168255279485026,0.6190108820137957,0.23565988419234324,0.0059621242997284106,0.9776263568016477,0.1495782176600335,0.9843953185955787,0.7740917994598678,0.7492633104619437,0.6993905255395942,0.22873967076582735,1.0,640.258064516129,16,"{""bootstrap_stability"": true, ""compression"": true, ""geometry_dominance"": true, ""heldout_r2"": true, ""identity_destroyer"": true, ""model_consistency_nrmse"": true, ""model_consistency_r2"": true, ""pooled_destroyer"": false, ""step_transfer"": true, ""support_safe"": true, ""test_support"": true, ""train_support"": true}"
2025,5,real,NUB_plus,candidate,False,context_affine,"omega_NUB_plus: State(x,y) -> State(x + 0.2964044*e_1, (0.051038707)*y + (0.26986238) + (-4.1153218)*x0 + (1.0670454)*x1 + (-0.31692454)*x2 + (-2.6571222)*x3)",1637,365,0.2964044008304378,0.5928131741410619,0.6381119226741795,0.2563739766813759,0.015139910224364663,0.97473835041169,0.15893913800039938,0.9856957087126138,0.7680404005649033,0.7440104097747258,0.7023639808785909,0.20926288323548634,1.0,633.6774193548387,16,"{""bootstrap_stability"": true, ""compression"": true, ""geometry_dominance"": true, ""heldout_r2"": true, ""identity_destroyer"": true, ""model_consistency_nrmse"": true, ""model_consistency_r2"": true, ""pooled_destroyer"": false, ""step_transfer"": true, ""support_safe"": true, ""test_support"": true, ""train_support"": true}"
2025,5,real,CRACK_minus,candidate,False,context_affine,"omega_CRACK_minus: State(x,y) -> State(x + -0.3004231*e_2, (-0.0117621)*y + (0.019289137) + (-4.2561948)*x0 + (1.113294)*x1 + (-0.36281802)*x2 + (-2.6996297)*x3)",1580,341,-0.300423100128385,0.5799892972580803,0.6480823271328416,0.2192765863390983,0.0003397276497732999,0.96405846519631,0.18958252768567577,0.9869960988296489,0.7707812044038715,0.7608497122564695,0.6856481582316749,0.24558006935727494,1.0,611.6129032258065,16,"{""bootstrap_stability"": true, ""compression"": true, ""geometry_dominance"": true, ""heldout_r2"": true, ""identity_destroyer"": true, ""model_consistency_nrmse"": true, ""model_consistency_r2"": true, ""pooled_destroyer"": false, ""step_transfer"": true, ""support_safe"": true, ""test_support"": true, ""train_support"": true}"
2025,5,real,CRACK_plus,candidate,False,context_affine,"omega_CRACK_plus: State(x,y) -> State(x + 0.29736154*e_2, (-0.0084592532)*y + (-0.091865676) + (-4.3620518)*x0 + (1.0850332)*x1 + (-0.28837195)*x2 + (-2.8590726)*x3)",1556,344,0.29736153671835813,0.658957529149363,0.5839884167093017,0.2328491679155916,0.003234666458199552,0.9644614130691801,0.18851680808569793,0.9778933680104032,0.7726636354306888,0.7484126095211071,0.6876444790049547,0.25081678273579217,1.0,602.3225806451613,16,"{""bootstrap_stability"": true, ""compression"": true, ""geometry_dominance"": true, ""heldout_r2"": true, ""identity_destroyer"": true, ""model_consistency_nrmse"": true, ""model_consistency_r2"": true, ""pooled_destroyer"": false, ""step_transfer"": true, ""support_safe"": true, ""test_support"": true, ""train_support"": true}"
2025,5,real,WEIGHT_minus,promoted,True,context_affine,"omega_WEIGHT_minus: State(x,y) -> State(x + -0.29583477*e_3, (0.088874046)*y + (0.88872836) + (-4.2178166)*x0 + (0.97495663)*x1 + (-0.26859926)*x2 + (-2.861478)*x3)",1488,320,-0.29583476705781453,0.6060948056650644,0.6276186695238882,0.28633630818836814,0.09102495460999235,0.9832365411466844,0.12947377670136784,0.9843953185955787,0.7663731247085558,0.7354666849135172,0.7013614333148146,0.23713422499830203,1.0,576.0,16,"{""bootstrap_stability"": true, ""compression"": true, ""geometry_dominance"": true, ""heldout_r2"": true, ""identity_destroyer"": true, ""model_consistency_nrmse"": true, ""model_consistency_r2"": true, ""pooled_destroyer"": true, ""step_transfer"": true, ""support_safe"": true, ""test_support"": true, ""train_support"": true}"
2025,5,real,WEIGHT_plus,promoted,True,context_affine,"omega_WEIGHT_plus: State(x,y) -> State(x + 0.29224956*e_3, (0.0691961)*y + (-0.91835495) + (-4.2477159)*x0 + (0.98376458)*x1 + (-0.32464851)*x2 + (-2.8493818)*x3)",1486,292,0.29224956059981855,0.6645164252286713,0.579209439470153,0.2970456679491313,0.10838165530250704,0.9696957482655997,0.174081164214858,0.9830949284785435,0.7687393064169725,0.7356966656218036,0.701168414166407,0.23215697055084047,1.0,575.2258064516129,16,"{""bootstrap_stability"": true, ""compression"": true, ""geometry_dominance"": true, ""heldout_r2"": true, ""identity_destroyer"": true, ""model_consistency_nrmse"": true, ""model_consistency_r2"": true, ""pooled_destroyer"": true, ""step_transfer"": true, ""support_safe"": true, ""test_support"": true, ""train_support"": true}"
2025,5,pair_shuffle,RIDGE_minus,rejected,False,affine_y,"omega_RIDGE_minus: State(x,y) -> State(x + -0.29621001*e_0, (-0.041217581)*y + (0.5151072))",1511,310,-0.29621001181598716,-0.012428078685382093,1.0061948512516758,0.3600065387551969,0.04631691455675726,-0.22749159467954527,1.1079221970335034,0.9830949284785435,0.7700829453725271,0.7343852322062483,0.7074563248256147,0.17775523280649283,1.0,863.4285714285714,16,"{""bootstrap_stability"": true, ""compression"": true, ""geometry_dominance"": true, ""heldout_r2"": false, ""identity_destroyer"": true, ""model_consistency_nrmse"": false, ""model_consistency_r2"": false, ""pooled_destroyer"": true, ""step_transfer"": true, ""support_safe"": true, ""test_support"": true, ""train_support"": true}"
2025,5,pair_shuffle,RIDGE_plus,rejected,False,affine_y,"omega_RIDGE_plus: State(x,y) -> State(x + 0.29450184*e_0, (-0.0024758492)*y + (-0.7544819))",1489,308,0.2945018378905212,-0.0003757418658938416,1.000187853288518,0.3132867867973561,0.02650134159465649,-0.060332701365704455,1.0297245754888558,0.9869960988296489,0.7670809592907246,0.7440786901940348,0.7030168946602857,0.18458646616541377,1.0,850.8571428571429,16,"{""bootstrap_stability"": true, ""compression"": true, ""geometry_dominance"": true, ""heldout_r2"": false, ""identity_destroyer"": true, ""model_consistency_nrmse"": false, ""model_consistency_r2"": false, ""pooled_destroyer"": true, ""step_transfer"": true, ""support_safe"": true, ""test_support"": true, ""train_support"": true}"
2025,5,pair_shuffle,NUB_minus,rejected,False,context_affine,"omega_NUB_minus: State(x,y) -> State(x + -0.29715846*e_1, (-0.069690462)*y + (-0.17059856) + (-0.64281076)*x0 + (0.26137642)*x1 + (-0.1403127)*x2 + (-0.54916834)*x3)",1654,344,-0.2971584629069145,-0.01016430233237986,1.005069302253521,0.29157384331871805,-0.0007791746975827622,0.11942520481148333,0.9383894688179938,0.9843953185955787,0.7740917994598678,0.7492633104619437,0.6993905255395942,0.22873967076582735,0.95,640.258064516129,16,"{""bootstrap_stability"": true, ""compression"": true, ""geometry_dominance"": true, ""heldout_r2"": false, ""identity_destroyer"": true, ""model_consistency_nrmse"": false, ""model_consistency_r2"": false, ""pooled_destroyer"": false, ""step_transfer"": true, ""support_safe"": true, ""test_support"": true, ""train_support"": true}"
2025,5,pair_shuffle,NUB_plus,rejected,False,affine_y,"omega_NUB_plus: State(x,y) -> State(x + 0.2964044*e_1, (0.013159331)*y + (0.06306559))",1637,365,0.2964044008304378,-0.0005278940199107129,1.0002639121851347,0.3150848557723748,0.0015995423304071886,0.010997095627140574,0.9944862514750314,0.9856957087126138,0.7680404005649033,0.7440104097747258,0.7023639808785909,0.20926288323548634,1.0,935.4285714285714,16,"{""bootstrap_stability"": true, ""compression"": true, ""geometry_dominance"": true, ""heldout_r2"": false, ""identity_destroyer"": true, ""model_consistency_nrmse"": false, ""model_consistency_r2"": false, ""pooled_destroyer"": false, ""step_transfer"": true, ""support_safe"": true, ""test_support"": true, ""train_support"": true}"
2025,5,pair_shuffle,CRACK_minus,rejected,False,affine_y,"omega_CRACK_minus: State(x,y) -> State(x + -0.3004231*e_2, (-0.043746767)*y + (-0.10339991))",1580,341,-0.300423100128385,-0.017376751415672187,1.0086509561863668,0.2960610640012896,-0.0013317993884318015,-0.09706844078901455,1.0474103497622191,0.9869960988296489,0.7707812044038715,0.7608497122564695,0.6856481582316749,0.24558006935727494,1.0,902.8571428571429,16,"{""bootstrap_stability"": true, ""compression"": true, ""geometry_dominance"": true, ""heldout_r2"": false, ""identity_destroyer"": true, ""model_consistency_nrmse"": false, ""model_consistency_r2"": false, ""pooled_destroyer"": false, ""step_transfer"": true, ""support_safe"": true, ""test_support"": true, ""train_support"": true}"
2025,5,pair_shuffle,CRACK_plus,rejected,False,affine_y,"omega_CRACK_plus: State(x,y) -> State(x + 0.29736154*e_2, (0.001377789)*y + (-0.14476651))",1556,344,0.29736153671835813,-0.020030960790583974,1.0099658215952576,0.2636049857204731,-0.0001688715441172727,-0.0019165068416187037,1.0009577947354318,0.9778933680104032,0.7726636354306888,0.7484126095211071,0.6876444790049547,0.25081678273579217,1.0,889.1428571428571,16,"{""bootstrap_stability"": true, ""compression"": true, ""geometry_dominance"": true, ""heldout_r2"": false, ""identity_destroyer"": true, ""model_consistency_nrmse"": false, ""model_consistency_r2"": false, ""pooled_destroyer"": false, ""step_transfer"": true, ""support_safe"": true, ""test_support"": true, ""train_support"": true}"
2025,5,pair_shuffle,WEIGHT_minus,rejected,False,affine_y,"omega_WEIGHT_minus: State(x,y) -> State(x + -0.29583477*e_3, (0.015594203)*y + (0.37741532))",1488,320,-0.29583476705781453,0.00031104411399185405,0.9998444658475678,0.3236608454008702,0.015840746816981128,-0.046191927455004,1.0228352396427316,0.9843953185955787,0.7663731247085558,0.7354666849135172,0.7013614333148146,0.23713422499830203,1.0,850.2857142857143,16,"{""bootstrap_stability"": true, ""compression"": true, ""geometry_dominance"": true, ""heldout_r2"": false, ""identity_destroyer"": true, ""model_consistency_nrmse"": false, ""model_consistency_r2"": false, ""pooled_destroyer"": false, ""step_transfer"": true, ""support_safe"": true, ""test_support"": true, ""train_support"": true}"
2025,5,pair_shuffle,WEIGHT_plus,rejected,False,affine_y,"omega_WEIGHT_plus: State(x,y) -> State(x + 0.29224956*e_3, (-0.0039740394)*y + (-0.58584903))",1486,292,0.29224956059981855,-0.0025292388616122707,1.0012638208092872,0.27401950641825895,0.018906686203240902,-0.02893453491570841,1.0143641037200144,0.9830949284785435,0.7687393064169725,0.7356966656218036,0.701168414166407,0.23215697055084047,0.95,849.1428571428571,16,"{""bootstrap_stability"": true, ""compression"": true, ""geometry_dominance"": true, ""heldout_r2"": false, ""identity_destroyer"": true, ""model_consistency_nrmse"": false, ""model_consistency_r2"": false, ""pooled_destroyer"": false, ""step_transfer"": true, ""support_safe"": true, ""test_support"": true, ""train_support"": true}"
2025,5,target_shuffle,RIDGE_minus,rejected,False,affine_y,"omega_RIDGE_minus: State(x,y) -> State(x + -0.29621001*e_0, (0.03550862)*y + (0.01387082))",1511,310,-0.29621001181598716,0.0008742659779149564,0.9995627714266299,0.29543622933633423,0.0001815261725756876,-0.16647506767975884,1.0800347529962908,0.9830949284785435,0.7700829453725271,0.7343852322062483,0.7074563248256147,0.17775523280649283,1.0,863.4285714285714,16,"{""bootstrap_stability"": true, ""compression"": true, ""geometry_dominance"": true, ""heldout_r2"": false, ""identity_destroyer"": true, ""model_consistency_nrmse"": false, ""model_consistency_r2"": false, ""pooled_destroyer"": false, ""step_transfer"": true, ""support_safe"": true, ""test_support"": true, ""train_support"": true}"
2025,5,target_shuffle,RIDGE_plus,rejected,False,affine_y,"omega_RIDGE_plus: State(x,y) -> State(x + 0.29450184*e_0, (0.0062757066)*y + (-0.12446002))",1489,308,0.2945018378905212,-0.013093411381006836,1.00652541516894,0.29701918631869073,-0.0018967540650580094,-0.26683386803518117,1.1255371464483885,0.9869960988296489,0.7670809592907246,0.7440786901940348,0.7030168946602857,0.18458646616541377,0.5,850.8571428571429,16,"{""bootstrap_stability"": false, ""compression"": true, ""geometry_dominance"": true, ""heldout_r2"": false, ""identity_destroyer"": true, ""model_consistency_nrmse"": false, ""model_consistency_r2"": false, ""pooled_destroyer"": false, ""step_transfer"": true, ""support_safe"": true, ""test_support"": true, ""train_support"": true}"
2025,5,target_shuffle,NUB_minus,rejected,False,affine_y,"omega_NUB_minus: State(x,y) -> State(x + -0.29715846*e_1, (-0.023621426)*y + (-0.025530433))",1654,344,-0.2971584629069145,0.000797233692716226,0.9996013036742618,0.30367052449195203,0.0013276918593571178,-0.04781978073365667,1.0236306857131905,0.9843953185955787,0.7740917994598678,0.7492633104619437,0.6993905255395942,0.22873967076582735,1.0,945.1428571428571,16,"{""bootstrap_stability"": true, ""compression"": true, ""geometry_dominance"": true, ""heldout_r2"": false, ""identity_destroyer"": true, ""model_consistency_nrmse"": false, ""model_consistency_r2"": false, ""pooled_destroyer"": false, ""step_transfer"": true, ""support_safe"": true, ""test_support"": true, ""train_support"": true}"
2025,5,target_shuffle,NUB_plus,rejected,False,context_affine,"omega_NUB_plus: State(x,y) -> State(x + 0.2964044*e_1, (0.0030235319)*y + (-0.016324821) + (-0.013900846)*x0 + (-0.1187072)*x1 + (0.017241601)*x2 + (0.022027892)*x3)",1637,365,0.2964044008304378,-0.02554192850280179,1.0126904406099635,0.2765900383319049,-0.0004908214598355328,0.7120693637323114,0.5365916848663316,0.9856957087126138,0.7680404005649033,0.7440104097747258,0.7023639808785909,0.20926288323548634,1.0,633.6774193548387,16,"{""bootstrap_stability"": true, ""compression"": true, ""geometry_dominance"": true, ""heldout_r2"": false, ""identity_destroyer"": true, ""model_consistency_nrmse"": false, ""model_consistency_r2"": false, ""pooled_destroyer"": false, ""step_transfer"": true, ""support_safe"": true, ""test_support"": true, ""train_support"": true}"
2025,5,target_shuffle,CRACK_minus,rejected,False,identity,"omega_CRACK_minus: State(x,y) -> State(x + -0.3004231*e_2, y)",1580,341,-0.300423100128385,-1.0646381069425206,1.4368848621036134,0.0,-0.4342605932522615,0.9999911065440593,0.0029821897895198506,0.9869960988296489,0.7707812044038715,0.7608497122564695,0.6856481582316749,0.24558006935727494,1.0,1458.4615384615386,16,"{""bootstrap_stability"": true, ""compression"": true, ""geometry_dominance"": true, ""heldout_r2"": false, ""identity_destroyer"": false, ""model_consistency_nrmse"": true, ""model_consistency_r2"": true, ""pooled_destroyer"": false, ""step_transfer"": true, ""support_safe"": true, ""test_support"": true, ""train_support"": true}"
2025,5,target_shuffle,CRACK_plus,rejected,False,context_affine,"omega_CRACK_plus: State(x,y) -> State(x + 0.29736154*e_2, (-0.0033209444)*y + (-0.21117693) + (0.067984229)*x0 + (-0.061177821)*x1 + (0.041102083)*x2 + (0.10574263)*x3)",1556,344,0.29736153671835813,-0.028013209317264476,1.0139098625209562,0.259213407512851,-0.008588787973289299,-0.8769206487698802,1.3700075360266746,0.9778933680104032,0.7726636354306888,0.7484126095211071,0.6876444790049547,0.25081678273579217,1.0,602.3225806451613,16,"{""bootstrap_stability"": true, ""compression"": true, ""geometry_dominance"": true, ""heldout_r2"": false, ""identity_destroyer"": true, ""model_consistency_nrmse"": false, ""model_consistency_r2"": false, ""pooled_destroyer"": false, ""step_transfer"": true, ""support_safe"": true, ""test_support"": true, ""train_support"": true}"
2025,5,target_shuffle,WEIGHT_minus,rejected,False,affine_y,"omega_WEIGHT_minus: State(x,y) -> State(x + -0.29583477*e_3, (0.063704955)*y + (-0.017480364))",1488,320,-0.29583476705781453,-0.019438152477153192,1.009672299549291,0.2825516019870688,-0.0026999828975969088,-0.01977860700927847,1.009840882025123,0.9843953185955787,0.7663731247085558,0.7354666849135172,0.7013614333148146,0.23713422499830203,1.0,850.2857142857143,16,"{""bootstrap_stability"": true, ""compression"": true, ""geometry_dominance"": true, ""heldout_r2"": false, ""identity_destroyer"": true, ""model_consistency_nrmse"": false, ""model_consistency_r2"": false, ""pooled_destroyer"": false, ""step_transfer"": true, ""support_safe"": true, ""test_support"": true, ""train_support"": true}"
2025,5,target_shuffle,WEIGHT_plus,rejected,False,affine_y,"omega_WEIGHT_plus: State(x,y) -> State(x + 0.29224956*e_3, (0.012402658)*y + (-0.13629308))",1486,292,0.29224956059981855,-0.00481664806467097,1.002405430983228,0.3525949371948338,-0.0011917939792014782,-0.5907223159564325,1.2612384056777024,0.9830949284785435,0.7687393064169725,0.7356966656218036,0.701168414166407,0.23215697055084047,1.0,849.1428571428571,16,"{""bootstrap_stability"": true, ""compression"": true, ""geometry_dominance"": true, ""heldout_r2"": false, ""identity_destroyer"": true, ""model_consistency_nrmse"": false, ""model_consistency_r2"": false, ""pooled_destroyer"": false, ""step_transfer"": true, ""support_safe"": true, ""test_support"": true, ""train_support"": true}"
42,1,real,RIDGE_minus,promoted,True,context_affine,"omega_RIDGE_minus: State(x,y) -> State(x + -0.29559341*e_0, (0.019159369)*y + (1.3615481) + (-4.7684192)*x0 + (1.0745016)*x1 + (-0.30845796)*x2 + (-3.1725111)*x3)",1498,324,-0.2955934061272961,0.5964317437305442,0.6352702230306846,0.3827547078895239,0.26943936104419347,0.9802095076376011,0.14067868481898355,0.987012987012987,0.7705679646259316,0.7403766349405754,0.7002076536355536,0.1775285040945834,1.0,579.8709677419355,16,"{""bootstrap_stability"": true, ""compression"": true, ""geometry_dominance"": true, ""heldout_r2"": true, ""identity_destroyer"": true, ""model_consistency_nrmse"": true, ""model_consistency_r2"": true, ""pooled_destroyer"": true, ""step_transfer"": true, ""support_safe"": true, ""test_support"": true, ""train_support"": true}"
42,1,real,RIDGE_plus,promoted,True,context_affine,"omega_RIDGE_plus: State(x,y) -> State(x + 0.29583469*e_0, (0.021899168)*y + (-1.3655903) + (-4.4196786)*x0 + (1.2040191)*x1 + (-0.33743266)*x2 + (-2.814067)*x3)",1486,324,0.29583469415926156,0.5924407626075703,0.6384036633607532,0.4160071623785876,0.2552011707241201,0.9700218649166837,0.17314195067434193,0.987012987012987,0.7666483313903878,0.7503003177916844,0.6906037835658112,0.19593243527678253,1.0,575.2258064516129,16,"{""bootstrap_stability"": true, ""compression"": true, ""geometry_dominance"": true, ""heldout_r2"": true, ""identity_destroyer"": true, ""model_consistency_nrmse"": true, ""model_consistency_r2"": true, ""pooled_destroyer"": true, ""step_transfer"": true, ""support_safe"": true, ""test_support"": true, ""train_support"": true}"
42,1,real,NUB_minus,candidate,False,context_affine,"omega_NUB_minus: State(x,y) -> State(x + -0.29670343*e_1, (0.0088123983)*y + (-0.28030498) + (-4.3865658)*x0 + (1.0844214)*x1 + (-0.33570212)*x2 + (-2.8249552)*x3)",1634,356,-0.29670342877926803,0.5704805014303111,0.6553773711150613,0.24083925969685227,0.0017218123102675038,0.9732540892629322,0.16354177061860292,0.9844155844155844,0.7664951778889981,0.7584798604979164,0.6892664098415842,0.2106413518627255,1.0,632.516129032258,16,"{""bootstrap_stability"": true, ""compression"": true, ""geometry_dominance"": true, ""heldout_r2"": true, ""identity_destroyer"": true, ""model_consistency_nrmse"": true, ""model_consistency_r2"": true, ""pooled_destroyer"": false, ""step_transfer"": true, ""support_safe"": true, ""test_support"": true, ""train_support"": true}"
42,1,real,NUB_plus,candidate,False,context_affine,"omega_NUB_plus: State(x,y) -> State(x + 0.29492247*e_1, (0.031783469)*y + (0.27811484) + (-4.2099441)*x0 + (1.1275506)*x1 + (-0.38885051)*x2 + (-2.6537119)*x3)",1585,366,0.29492247259425486,0.5833805932990604,0.6454606159177643,0.22586155222663298,0.010516809528803002,0.9711818500064077,0.16975909399378983,0.9883116883116884,0.7679283333189314,0.7560885390920568,0.6918334423098378,0.24995077125041043,1.0,613.5483870967741,16,"{""bootstrap_stability"": true, ""compression"": true, ""geometry_dominance"": true, ""heldout_r2"": true, ""identity_destroyer"": true, ""model_consistency_nrmse"": true, ""model_consistency_r2"": true, ""pooled_destroyer"": false, ""step_transfer"": true, ""support_safe"": true, ""test_support"": true, ""train_support"": true}"
42,1,real,CRACK_minus,candidate,False,context_affine,"omega_CRACK_minus: State(x,y) -> State(x + -0.29897267*e_2, (-0.0065283507)*y + (0.14069986) + (-4.480604)*x0 + (1.129067)*x1 + (-0.41689027)*x2 + (-2.822725)*x3)",1600,339,-0.2989726654668059,0.5961508205778028,0.6354912898082846,0.2097871691675051,0.01836685634671288,0.9732280276747762,0.16362142990826026,0.9844155844155844,0.7741396901780997,0.7295288256480463,0.7148256896015888,0.2392464476306823,1.0,619.3548387096774,16,"{""bootstrap_stability"": true, ""compression"": true, ""geometry_dominance"": true, ""heldout_r2"": true, ""identity_destroyer"": true, ""model_consistency_nrmse"": true, ""model_consistency_r2"": true, ""pooled_destroyer"": false, ""step_transfer"": true, ""support_safe"": true, ""test_support"": true, ""train_support"": true}"
42,1,real,CRACK_plus,candidate,False,context_affine,"omega_CRACK_plus: State(x,y) -> State(x + 0.29610846*e_2, (0.029823618)*y + (-0.10189413) + (-4.3090671)*x0 + (1.042899)*x1 + (-0.2923876)*x2 + (-2.726192)*x3)",1615,350,0.29610846388803913,0.6106732515004678,0.6239605344086532,0.21576101774970755,0.004916188320773406,0.9691058515193389,0.1757673134591897,0.987012987012987,0.7765051216039429,0.7344394503094238,0.7167770695869586,0.2632000346230429,1.0,625.1612903225806,16,"{""bootstrap_stability"": true, ""compression"": true, ""geometry_dominance"": true, ""heldout_r2"": true, ""identity_destroyer"": true, ""model_consistency_nrmse"": true, ""model_consistency_r2"": true, ""pooled_destroyer"": false, ""step_transfer"": true, ""support_safe"": true, ""test_support"": true, ""train_support"": true}"
42,1,real,WEIGHT_minus,promoted,True,context_affine,"omega_WEIGHT_minus: State(x,y) -> State(x + -0.29711653*e_3, (0.035908396)*y + (0.85708067) + (-4.4002644)*x0 + (1.0836265)*x1 + (-0.33135167)*x2 + (-2.904127)*x3)",1434,296,-0.297116533263895,0.5910037440042024,0.6395281510581043,0.31711339677078515,0.14148872984577196,0.9747945031041265,0.15876239131442157,0.9844155844155844,0.7663150505629523,0.732814098181096,0.7068800385918079,0.21276809820066045,1.0,555.0967741935484,16,"{""bootstrap_stability"": true, ""compression"": true, ""geometry_dominance"": true, ""heldout_r2"": true, ""identity_destroyer"": true, ""model_consistency_nrmse"": true, ""model_consistency_r2"": true, ""pooled_destroyer"": true, ""step_transfer"": true, ""support_safe"": true, ""test_support"": true, ""train_support"": true}"
42,1,real,WEIGHT_plus,promoted,True,context_affine,"omega_WEIGHT_plus: State(x,y) -> State(x + 0.29434133*e_3, (0.065630579)*y + (-0.87539845) + (-4.3125751)*x0 + (1.0070441)*x1 + (-0.35932993)*x2 + (-2.8568301)*x3)",1441,298,0.29434132643163774,0.6045950958077635,0.6288122964702872,0.31715293752823875,0.11796152633467591,0.9703094432644651,0.1723094795289419,0.990909090909091,0.7678319314728523,0.7290396248117699,0.7085464292285462,0.19127903040151714,1.0,557.8064516129032,16,"{""bootstrap_stability"": true, ""compression"": true, ""geometry_dominance"": true, ""heldout_r2"": true, ""identity_destroyer"": true, ""model_consistency_nrmse"": true, ""model_consistency_r2"": true, ""pooled_destroyer"": true, ""step_transfer"": true, ""support_safe"": true, ""test_support"": true, ""train_support"": true}"
42,1,pair_shuffle,RIDGE_minus,rejected,False,context_affine,"omega_RIDGE_minus: State(x,y) -> State(x + -0.29559341*e_0, (-0.09627641)*y + (0.65568603) + (-0.90735871)*x0 + (0.17687035)*x1 + (-0.012496669)*x2 + (-0.74084768)*x3)",1498,324,-0.2955934061272961,-0.00852834736994712,1.0042551206590618,0.35680259415421306,0.04910193391254252,0.012681405883394725,0.9936390663196598,0.987012987012987,0.7705679646259316,0.7403766349405754,0.7002076536355536,0.1775285040945834,1.0,579.8709677419355,16,"{""bootstrap_stability"": true, ""compression"": true, ""geometry_dominance"": true, ""heldout_r2"": false, ""identity_destroyer"": true, ""model_consistency_nrmse"": false, ""model_consistency_r2"": false, ""pooled_destroyer"": true, ""step_transfer"": true, ""support_safe"": true, ""test_support"": true, ""train_support"": true}"
42,1,pair_shuffle,RIDGE_plus,rejected,False,affine_y,"omega_RIDGE_plus: State(x,y) -> State(x + 0.29583469*e_0, (0.02969756)*y + (-0.71729011))",1486,324,0.29583469415926156,-0.012633186749105851,1.0062967687263564,0.34412983326289687,0.049481950024272116,-0.03410676022340797,1.0169103993093038,0.987012987012987,0.7666483313903878,0.7503003177916844,0.6906037835658112,0.19593243527678253,1.0,849.1428571428571,16,"{""bootstrap_stability"": true, ""compression"": true, ""geometry_dominance"": true, ""heldout_r2"": false, ""identity_destroyer"": true, ""model_consistency_nrmse"": false, ""model_consistency_r2"": false, ""pooled_destroyer"": true, ""step_transfer"": true, ""support_safe"": true, ""test_support"": true, ""train_support"": true}"
42,1,pair_shuffle,NUB_minus,rejected,False,affine_y,"omega_NUB_minus: State(x,y) -> State(x + -0.29670343*e_1, (0.02844411)*y + (-0.1855293))",1634,356,-0.29670342877926803,-0.012849698258498243,1.0064043413352797,0.3189669970945146,-0.00560554657913908,0.05379485465308831,0.9727307671431557,0.9844155844155844,0.7664951778889981,0.7584798604979164,0.6892664098415842,0.2106413518627255,1.0,933.7142857142857,16,"{""bootstrap_stability"": true, ""compression"": true, ""geometry_dominance"": true, ""heldout_r2"": false, ""identity_destroyer"": true, ""model_consistency_nrmse"": false, ""model_consistency_r2"": false, ""pooled_destroyer"": false, ""step_transfer"": true, ""support_safe"": true, ""test_support"": true, ""train_support"": true}"
42,1,pair_shuffle,NUB_plus,rejected,False,affine_y,"omega_NUB_plus: State(x,y) -> State(x + 0.29492247*e_1, (-0.0068329083)*y + (0.0065326651))",1585,366,0.29492247259425486,-0.0028671213813920016,1.0014325346129873,0.28938576317652065,0.002055687887607505,-0.0276501196435619,1.0137307924905714,0.9883116883116884,0.7679283333189314,0.7560885390920568,0.6918334423098378,0.24995077125041043,1.0,905.7142857142857,16,"{""bootstrap_stability"": true, ""compression"": true, ""geometry_dominance"": true, ""heldout_r2"": false, ""identity_destroyer"": true, ""model_consistency_nrmse"": false, ""model_consistency_r2"": false, ""pooled_destroyer"": false, ""step_transfer"": true, ""support_safe"": true, ""test_support"": true, ""train_support"": true}"
42,1,pair_shuffle,CRACK_minus,rejected,False,affine_y,"omega_CRACK_minus: State(x,y) -> State(x + -0.29897267*e_2, (0.019868448)*y + (0.013211123))",1600,339,-0.2989726654668059,-0.018235247825711065,1.0090764330940007,0.3114611766934267,0.003696125888976523,0.03903642093590576,0.980287498167805,0.9844155844155844,0.7741396901780997,0.7295288256480463,0.7148256896015888,0.2392464476306823,1.0,914.2857142857143,16,"{""bootstrap_stability"": true, ""compression"": true, ""geometry_dominance"": true, ""heldout_r2"": false, ""identity_destroyer"": true, ""model_consistency_nrmse"": false, ""model_consistency_r2"": false, ""pooled_destroyer"": false, ""step_transfer"": true, ""support_safe"": true, ""test_support"": true, ""train_support"": true}"
42,1,pair_shuffle,CRACK_plus,rejected,False,affine_y,"omega_CRACK_plus: State(x,y) -> State(x + 0.29610846*e_2, (-0.014092613)*y + (-0.11543356))",1615,350,0.29610846388803913,0.00188936182885735,0.9990548724525308,0.3254367880225015,-0.00024917705340827753,-0.028516299476957663,1.0141579262999219,0.987012987012987,0.7765051216039429,0.7344394503094238,0.7167770695869586,0.2632000346230429,1.0,922.8571428571429,16,"{""bootstrap_stability"": true, ""compression"": true, ""geometry_dominance"": true, ""heldout_r2"": false, ""identity_destroyer"": true, ""model_consistency_nrmse"": false, ""model_consistency_r2"": false, ""pooled_destroyer"": false, ""step_transfer"": true, ""support_safe"": true, ""test_support"": true, ""train_support"": true}"
42,1,pair_shuffle,WEIGHT_minus,rejected,False,affine_y,"omega_WEIGHT_minus: State(x,y) -> State(x + -0.29711653*e_3, (0.022171711)*y + (0.37959683))",1434,296,-0.297116533263895,-0.009719570239806519,1.0048480334059506,0.3156216832012025,0.02780418921139029,-0.025672669911750212,1.012754990070032,0.9844155844155844,0.7663150505629523,0.732814098181096,0.7068800385918079,0.21276809820066045,0.9,819.4285714285714,16,"{""bootstrap_stability"": true, ""compression"": true, ""geometry_dominance"": true, ""heldout_r2"": false, ""identity_destroyer"": true, ""model_consistency_nrmse"": false, ""model_consistency_r2"": false, ""pooled_destroyer"": true, ""step_transfer"": true, ""support_safe"": true, ""test_support"": true, ""train_support"": true}"
42,1,pair_shuffle,WEIGHT_plus,rejected,False,affine_y,"omega_WEIGHT_plus: State(x,y) -> State(x + 0.29434133*e_3, (-0.0079567265)*y + (-0.60115457))",1441,298,0.29434132643163774,-0.0034593153249200537,1.001728164386387,0.30995156256754514,0.0241780548299282,-0.04780376171185563,1.023622861073284,0.990909090909091,0.7678319314728523,0.7290396248117699,0.7085464292285462,0.19127903040151714,1.0,823.4285714285714,16,"{""bootstrap_stability"": true, ""compression"": true, ""geometry_dominance"": true, ""heldout_r2"": false, ""identity_destroyer"": true, ""model_consistency_nrmse"": false, ""model_consistency_r2"": false, ""pooled_destroyer"": true, ""step_transfer"": true, ""support_safe"": true, ""test_support"": true, ""train_support"": true}"
42,1,target_shuffle,RIDGE_minus,rejected,False,affine_y,"omega_RIDGE_minus: State(x,y) -> State(x + -0.29559341*e_0, (-0.013182923)*y + (0.025644297))",1498,324,-0.2955934061272961,-0.006465668606406627,1.0032276255199548,0.2554346176918026,-0.0011119454584307335,-0.028617448342308283,1.014207793473462,0.987012987012987,0.7705679646259316,0.7403766349405754,0.7002076536355536,0.1775285040945834,1.0,856.0,16,"{""bootstrap_stability"": true, ""compression"": true, ""geometry_dominance"": true, ""heldout_r2"": false, ""identity_destroyer"": true, ""model_consistency_nrmse"": false, ""model_consistency_r2"": false, ""pooled_destroyer"": false, ""step_transfer"": true, ""support_safe"": true, ""test_support"": true, ""train_support"": true}"
42,1,target_shuffle,RIDGE_plus,rejected,False,affine_y,"omega_RIDGE_plus: State(x,y) -> State(x + 0.29583469*e_0, (0.01979101)*y + (-0.05524133))",1486,324,0.29583469415926156,0.00048304955191491583,0.9997584460498871,0.2878212147644736,0.00029222592477992475,-0.16251723057613998,1.0782009231011354,0.987012987012987,0.7666483313903878,0.7503003177916844,0.6906037835658112,0.19593243527678253,1.0,849.1428571428571,16,"{""bootstrap_stability"": true, ""compression"": true, ""geometry_dominance"": true, ""heldout_r2"": false, ""identity_destroyer"": true, ""model_consistency_nrmse"": false, ""model_consistency_r2"": false, ""pooled_destroyer"": false, ""step_transfer"": true, ""support_safe"": true, ""test_support"": true, ""train_support"": true}"
42,1,target_shuffle,NUB_minus,rejected,False,identity,"omega_NUB_minus: State(x,y) -> State(x + -0.29670343*e_1, y)",1634,356,-0.29670342877926803,-1.1392586526230346,1.4626204745671498,0.0,-0.4622062669028143,0.9997155997113097,0.01686417174634759,0.9844155844155844,0.7664951778889981,0.7584798604979164,0.6892664098415842,0.2106413518627255,1.0,1508.3076923076924,16,"{""bootstrap_stability"": true, ""compression"": true, ""geometry_dominance"": true, ""heldout_r2"": false, ""identity_destroyer"": false, ""model_consistency_nrmse"": true, ""model_consistency_r2"": true, ""pooled_destroyer"": false, ""step_transfer"": true, ""support_safe"": true, ""test_support"": true, ""train_support"": true}"
42,1,target_shuffle,NUB_plus,rejected,False,affine_y,"omega_NUB_plus: State(x,y) -> State(x + 0.29492247*e_1, (0.019696151)*y + (0.059915919))",1585,366,0.29492247259425486,-0.0017003324197046865,1.0008498051254766,0.2485378288788272,0.0017391666736912242,-1.1192853663363675,1.4557765509639067,0.9883116883116884,0.7679283333189314,0.7560885390920568,0.6918334423098378,0.24995077125041043,1.0,905.7142857142857,16,"{""bootstrap_stability"": true, ""compression"": true, ""geometry_dominance"": true, ""heldout_r2"": false, ""identity_destroyer"": true, ""model_consistency_nrmse"": false, ""model_consistency_r2"": false, ""pooled_destroyer"": false, ""step_transfer"": true, ""support_safe"": true, ""test_support"": true, ""train_support"": true}"
42,1,target_shuffle,CRACK_minus,rejected,False,affine_y,"omega_CRACK_minus: State(x,y) -> State(x + -0.29897267*e_2, (0.0063769442)*y + (-0.002633379))",1600,339,-0.2989726654668059,-0.002251410381591823,1.0011250722969594,0.3041365271766942,-0.0007279320580334346,0.0125866561421073,0.9936867433240179,0.9844155844155844,0.7741396901780997,0.7295288256480463,0.7148256896015888,0.2392464476306823,1.0,914.2857142857143,16,"{""bootstrap_stability"": true, ""compression"": true, ""geometry_dominance"": true, ""heldout_r2"": false, ""identity_destroyer"": true, ""model_consistency_nrmse"": false, ""model_consistency_r2"": false, ""pooled_destroyer"": false, ""step_transfer"": true, ""support_safe"": true, ""test_support"": true, ""train_support"": true}"
42,1,target_shuffle,CRACK_plus,rejected,False,identity,"omega_CRACK_plus: State(x,y) -> State(x + 0.29610846*e_2, y)",1615,350,0.29610846388803913,-1.0896909002172888,1.4455763211319175,0.0,-0.44286069497559805,0.9991768585362262,0.028690442028206416,0.987012987012987,0.7765051216039429,0.7344394503094238,0.7167770695869586,0.2632000346230429,1.0,1490.7692307692307,16,"{""bootstrap_stability"": true, ""compression"": true, ""geometry_dominance"": true, ""heldout_r2"": false, ""identity_destroyer"": false, ""model_consistency_nrmse"": true, ""model_consistency_r2"": true, ""pooled_destroyer"": false, ""step_transfer"": true, ""support_safe"": true, ""test_support"": true, ""train_support"": true}"
42,1,target_shuffle,WEIGHT_minus,rejected,False,affine_y,"omega_WEIGHT_minus: State(x,y) -> State(x + -0.29711653*e_3, (-0.042565159)*y + (-0.0203136))",1434,296,-0.297116533263895,-0.007687747633489783,1.003836514395392,0.2742199768990269,-0.0027074027089425273,-0.8795389528428583,1.3709627831720517,0.9844155844155844,0.7663150505629523,0.732814098181096,0.7068800385918079,0.21276809820066045,1.0,819.4285714285714,16,"{""bootstrap_stability"": true, ""compression"": true, ""geometry_dominance"": true, ""heldout_r2"": false, ""identity_destroyer"": true, ""model_consistency_nrmse"": false, ""model_consistency_r2"": false, ""pooled_destroyer"": false, ""step_transfer"": true, ""support_safe"": true, ""test_support"": true, ""train_support"": true}"
42,1,target_shuffle,WEIGHT_plus,rejected,False,affine_y,"omega_WEIGHT_plus: State(x,y) -> State(x + 0.29434133*e_3, (-0.0098559841)*y + (0.080830534))",1441,298,0.29434132643163774,-0.0004937599713461527,1.0002468495183308,0.2708532163278318,-0.00025359991125111625,-4.194127056973859,2.279062758454418,0.990909090909091,0.7678319314728523,0.7290396248117699,0.7085464292285462,0.19127903040151714,1.0,823.4285714285714,16,"{""bootstrap_stability"": true, ""compression"": true, ""geometry_dominance"": true, ""heldout_r2"": false, ""identity_destroyer"": true, ""model_consistency_nrmse"": false, ""model_consistency_r2"": false, ""pooled_destroyer"": false, ""step_transfer"": true, ""support_safe"": true, ""test_support"": true, ""train_support"": true}"
42,2,real,RIDGE_minus,promoted,True,context_affine,"omega_RIDGE_minus: State(x,y) -> State(x + -0.29540515*e_0, (0.016125472)*y + (1.3676591) + (-4.7631389)*x0 + (1.1803732)*x1 + (-0.27365791)*x2 + (-3.1744623)*x3)",1512,334,-0.29540515334315826,0.6457487098355017,0.595190129424622,0.40398735042802647,0.27648410324582573,0.9851718533694648,0.12177087759614479,0.9883116883116884,0.768755300783796,0.7535082871070161,0.6904023362056122,0.20959161527671205,1.0,585.2903225806451,16,"{""bootstrap_stability"": true, ""compression"": true, ""geometry_dominance"": true, ""heldout_r2"": true, ""identity_destroyer"": true, ""model_consistency_nrmse"": true, ""model_consistency_r2"": true, ""pooled_destroyer"": true, ""step_transfer"": true, ""support_safe"": true, ""test_support"": true, ""train_support"": true}"
42,2,real,RIDGE_plus,promoted,True,context_affine,"omega_RIDGE_plus: State(x,y) -> State(x + 0.29456076*e_0, (0.0023624335)*y + (-1.386908) + (-4.8853842)*x0 + (1.1931973)*x1 + (-0.2923686)*x2 + (-3.2788968)*x3)",1471,333,0.29456075886519034,0.6072330225922988,0.6267112392543325,0.386353655436116,0.24981698240791284,0.9852875222910761,0.12129500281925859,0.9883116883116884,0.7685751100987127,0.7461158299516668,0.6898706470020853,0.19877903118779025,1.0,569.4193548387096,16,"{""bootstrap_stability"": true, ""compression"": true, ""geometry_dominance"": true, ""heldout_r2"": true, ""identity_destroyer"": true, ""model_consistency_nrmse"": true, ""model_consistency_r2"": true, ""pooled_destroyer"": true, ""step_transfer"": true, ""support_safe"": true, ""test_support"": true, ""train_support"": true}"
42,2,real,NUB_minus,candidate,False,context_affine,"omega_NUB_minus: State(x,y) -> State(x + -0.29653482*e_1, (0.016143597)*y + (-0.26756761) + (-4.3995123)*x0 + (1.1042874)*x1 + (-0.32189237)*x2 + (-2.9292891)*x3)",1662,335,-0.2965348249427634,0.49860621897625623,0.7080916473336936,0.20805729648562754,0.006655553010571356,0.98124737305653,0.13694023128164365,0.9883116883116884,0.7717380885445477,0.7420598639467947,0.6959756556022878,0.23307096858127901,1.0,643.3548387096774,16,"{""bootstrap_stability"": true, ""compression"": true, ""geometry_dominance"": true, ""heldout_r2"": true, ""identity_destroyer"": true, ""model_consistency_nrmse"": true, ""model_consistency_r2"": true, ""pooled_destroyer"": false, ""step_transfer"": true, ""support_safe"": true, ""test_support"": true, ""train_support"": true}"
42,2,real,NUB_plus,candidate,False,context_affine,"omega_NUB_plus: State(x,y) -> State(x + 0.29521351*e_1, (0.050669854)*y + (0.35521702) + (-4.2909222)*x0 + (1.0295747)*x1 + (-0.281907)*x2 + (-2.8247417)*x3)",1661,346,0.29521350603893337,0.5881763925241772,0.6417348420304315,0.2635844532011583,0.006478940704169648,0.9832095365914527,0.12957802054572076,0.987012987012987,0.7716456717275332,0.7542439906943983,0.6908664789782737,0.22506452350615833,1.0,642.9677419354839,16,"{""bootstrap_stability"": true, ""compression"": true, ""geometry_dominance"": true, ""heldout_r2"": true, ""identity_destroyer"": true, ""model_consistency_nrmse"": true, ""model_consistency_r2"": true, ""pooled_destroyer"": false, ""step_transfer"": true, ""support_safe"": true, ""test_support"": true, ""train_support"": true}"
42,2,real,CRACK_minus,candidate,False,context_affine,"omega_CRACK_minus: State(x,y) -> State(x + -0.29852412*e_2, (0.023249089)*y + (0.10288611) + (-4.3853914)*x0 + (1.0526744)*x1 + (-0.35866152)*x2 + (-2.8499882)*x3)",1568,357,-0.298524120495985,0.5885419815960584,0.6414499344484661,0.28279706582179104,-0.013453433552543711,0.9811179530543606,0.13741196070808176,0.990909090909091,0.7700511882778742,0.7402420038163692,0.6917029840848141,0.19589520395972018,1.0,606.9677419354839,16,"{""bootstrap_stability"": true, ""compression"": true, ""geometry_dominance"": true, ""heldout_r2"": true, ""identity_destroyer"": true, ""model_consistency_nrmse"": true, ""model_consistency_r2"": true, ""pooled_destroyer"": false, ""step_transfer"": true, ""support_safe"": true, ""test_support"": true, ""train_support"": true}"
42,2,real,CRACK_plus,candidate,False,context_affine,"omega_CRACK_plus: State(x,y) -> State(x + 0.29797639*e_2, (0.04562522)*y + (-0.04623159) + (-4.2303857)*x0 + (1.0355795)*x1 + (-0.23480858)*x2 + (-2.7544563)*x3)",1540,351,0.29797639318836733,0.6267090099901029,0.6109754414130711,0.22445234684162169,-0.0026309765299479333,0.9784824631487962,0.14668857096312513,0.9844155844155844,0.7698735144425755,0.7392153581154133,0.6985085595482884,0.18804770657889075,1.0,596.1290322580645,16,"{""bootstrap_stability"": true, ""compression"": true, ""geometry_dominance"": true, ""heldout_r2"": true, ""identity_destroyer"": true, ""model_consistency_nrmse"": true, ""model_consistency_r2"": true, ""pooled_destroyer"": false, ""step_transfer"": true, ""support_safe"": true, ""test_support"": true, ""train_support"": true}"
42,2,real,WEIGHT_minus,promoted,True,context_affine,"omega_WEIGHT_minus: State(x,y) -> State(x + -0.29268862*e_3, (0.060928177)*y + (0.94143284) + (-4.4795282)*x0 + (0.98146522)*x1 + (-0.31890565)*x2 + (-3.0607494)*x3)",1482,306,-0.2926886230150871,0.5328291299548649,0.6834989905223965,0.298787295653255,0.08708047575971438,0.9859611663438157,0.1184855841703297,0.9818181818181818,0.770050556858972,0.7490187090113365,0.6953783241746685,0.18313550437929066,1.0,573.6774193548387,16,"{""bootstrap_stability"": true, ""compression"": true, ""geometry_dominance"": true, ""heldout_r2"": true, ""identity_destroyer"": true, ""model_consistency_nrmse"": true, ""model_consistency_r2"": true, ""pooled_destroyer"": true, ""step_transfer"": true, ""support_safe"": true, ""test_support"": true, ""train_support"": true}"
42,2,real,WEIGHT_plus,promoted,True,context_affine,"omega_WEIGHT_plus: State(x,y) -> State(x + 0.29106538*e_3, (0.025592307)*y + (-0.93637721) + (-4.5136034)*x0 + (1.0669204)*x1 + (-0.32105439)*x2 + (-3.0933027)*x3)",1470,317,0.29106537949358025,0.6314450400103861,0.6070872754304886,0.30399712960399694,0.1628807766390117,0.9825788948568929,0.13198903417749205,0.9857142857142858,0.7669633963107976,0.7389519838891815,0.7070801101466326,0.22110381881864927,1.0,569.0322580645161,16,"{""bootstrap_stability"": true, ""compression"": true, ""geometry_dominance"": true, ""heldout_r2"": true, ""identity_destroyer"": true, ""model_consistency_nrmse"": true, ""model_consistency_r2"": true, ""pooled_destroyer"": true, ""step_transfer"": true, ""support_safe"": true, ""test_support"": true, ""train_support"": true}"
42,2,pair_shuffle,RIDGE_minus,rejected,False,affine_y,"omega_RIDGE_minus: State(x,y) -> State(x + -0.29540515*e_0, (-0.035782634)*y + (0.64137923))",1512,334,-0.29540515334315826,-0.019013744834732282,1.0094621066858986,0.33523431288965816,0.049894764010681894,-0.18375500280064605,1.0880050564223709,0.9883116883116884,0.768755300783796,0.7535082871070161,0.6904023362056122,0.20959161527671205,1.0,864.0,16,"{""bootstrap_stability"": true, ""compression"": true, ""geometry_dominance"": true, ""heldout_r2"": false, ""identity_destroyer"": true, ""model_consistency_nrmse"": false, ""model_consistency_r2"": false, ""pooled_destroyer"": true, ""step_transfer"": true, ""support_safe"": true, ""test_support"": true, ""train_support"": true}"
42,2,pair_shuffle,RIDGE_plus,rejected,False,affine_y,"omega_RIDGE_plus: State(x,y) -> State(x + 0.29456076*e_0, (0.031976024)*y + (-0.73765501))",1471,333,0.29456075886519034,-0.005375941493905412,1.0026843678316248,0.3459242878597182,0.046510559470585106,-0.01696598394231552,1.008447313419157,0.9883116883116884,0.7685751100987127,0.7461158299516668,0.6898706470020853,0.19877903118779025,1.0,840.5714285714286,16,"{""bootstrap_stability"": true, ""compression"": true, ""geometry_dominance"": true, ""heldout_r2"": false, ""identity_destroyer"": true, ""model_consistency_nrmse"": false, ""model_consistency_r2"": false, ""pooled_destroyer"": true, ""step_transfer"": true, ""support_safe"": true, ""test_support"": true, ""train_support"": true}"
42,2,pair_shuffle,NUB_minus,rejected,False,affine_y,"omega_NUB_minus: State(x,y) -> State(x + -0.29653482*e_1, (0.0025147387)*y + (-0.046102569))",1662,335,-0.2965348249427634,-0.02852392353165456,1.0141616851033441,0.29461864629486684,0.002385190560862026,-0.0023863180165188957,1.001192448042093,0.9883116883116884,0.7717380885445477,0.7420598639467947,0.6959756556022878,0.23307096858127901,1.0,949.7142857142857,16,"{""bootstrap_stability"": true, ""compression"": true, ""geometry_dominance"": true, ""heldout_r2"": false, ""identity_destroyer"": true, ""model_consistency_nrmse"": false, ""model_consistency_r2"": false, ""pooled_destroyer"": false, ""step_transfer"": true, ""support_safe"": true, ""test_support"": true, ""train_support"": true}"
42,2,pair_shuffle,NUB_plus,rejected,False,affine_y,"omega_NUB_plus: State(x,y) -> State(x + 0.29521351*e_1, (-0.023416986)*y + (0.19904266))",1661,346,0.29521350603893337,-0.01201918374388633,1.0059916419851043,0.34027567192510305,-0.005951854532659282,-0.04935548630783981,1.0243805378412065,0.987012987012987,0.7716456717275332,0.7542439906943983,0.6908664789782737,0.22506452350615833,1.0,949.1428571428571,16,"{""bootstrap_stability"": true, ""compression"": true, ""geometry_dominance"": true, ""heldout_r2"": false, ""identity_destroyer"": true, ""model_consistency_nrmse"": false, ""model_consistency_r2"": false, ""pooled_destroyer"": false, ""step_transfer"": true, ""support_safe"": true, ""test_support"": true, ""train_support"": true}"
42,2,pair_shuffle,CRACK_minus,rejected,False,affine_y,"omega_CRACK_minus: State(x,y) -> State(x + -0.29852412*e_2, (-0.01028586)*y + (0.011481274))",1568,357,-0.298524120495985,-0.009728045738402136,1.0048522507007698,0.34120720292455875,-0.0006598459578449135,-0.02119517478034605,1.010542020294231,0.990909090909091,0.7700511882778742,0.7402420038163692,0.6917029840848141,0.19589520395972018,1.0,896.0,16,"{""bootstrap_stability"": true, ""compression"": true, ""geometry_dominance"": true, ""heldout_r2"": false, ""identity_destroyer"": true, ""model_consistency_nrmse"": false, ""model_consistency_r2"": false, ""pooled_destroyer"": false, ""step_transfer"": true, ""support_safe"": true, ""test_support"": true, ""train_support"": true}"
42,2,pair_shuffle,CRACK_plus,rejected,False,affine_y,"omega_CRACK_plus: State(x,y) -> State(x + 0.29797639*e_2, (0.027215521)*y + (-0.10618904))",1540,351,0.29797639318836733,-0.0006081957355414946,1.0003040516440695,0.2839439367115261,0.0010273635253867015,0.053117389131224324,0.9730789335242931,0.9844155844155844,0.7698735144425755,0.7392153581154133,0.6985085595482884,0.18804770657889075,1.0,880.0,16,"{""bootstrap_stability"": true, ""compression"": true, ""geometry_dominance"": true, ""heldout_r2"": false, ""identity_destroyer"": true, ""model_consistency_nrmse"": false, ""model_consistency_r2"": false, ""pooled_destroyer"": false, ""step_transfer"": true, ""support_safe"": true, ""test_support"": true, ""train_support"": true}"
42,2,pair_shuffle,WEIGHT_minus,rejected,False,affine_y,"omega_WEIGHT_minus: State(x,y) -> State(x + -0.29268862*e_3, (-0.0052586269)*y + (0.40607998))",1482,306,-0.2926886230150871,-0.006284542759148026,1.0031373498973846,0.3435641519701658,0.000609310790629494,-0.07663549814220727,1.0376104751505775,0.9818181818181818,0.770050556858972,0.7490187090113365,0.6953783241746685,0.18313550437929066,1.0,846.8571428571429,16,"{""bootstrap_stability"": true, ""compression"": true, ""geometry_dominance"": true, ""heldout_r2"": false, ""identity_destroyer"": true, ""model_consistency_nrmse"": false, ""model_consistency_r2"": false, ""pooled_destroyer"": false, ""step_transfer"": true, ""support_safe"": true, ""test_support"": true, ""train_support"": true}"
42,2,pair_shuffle,WEIGHT_plus,rejected,False,affine_y,"omega_WEIGHT_plus: State(x,y) -> State(x + 0.29106538*e_3, (-0.0044474651)*y + (-0.57523599))",1470,317,0.29106537949358025,-0.03600725722913256,1.0178444170054344,0.3517041292829843,0.05660488821682666,-0.044524000810571396,1.0220195696808214,0.9857142857142858,0.7669633963107976,0.7389519838891815,0.7070801101466326,0.22110381881864927,0.95,840.0,16,"{""bootstrap_stability"": true, ""compression"": true, ""geometry_dominance"": true, ""heldout_r2"": false, ""identity_destroyer"": true, ""model_consistency_nrmse"": false, ""model_consistency_r2"": false, ""pooled_destroyer"": true, ""step_transfer"": true, ""support_safe"": true, ""test_support"": true, ""train_support"": true}"
42,2,target_shuffle,RIDGE_minus,rejected,False,affine_y,"omega_RIDGE_minus: State(x,y) -> State(x + -0.29540515*e_0, (0.022007476)*y + (-0.080704365))",1512,334,-0.29540515334315826,-0.013661661191094243,1.006807658488499,0.3186817448826104,-0.004024318303180698,-1.929629748600994,1.7116161218570576,0.9883116883116884,0.768755300783796,0.7535082871070161,0.6904023362056122,0.20959161527671205,1.0,864.0,16,"{""bootstrap_stability"": true, ""compression"": true, ""geometry_dominance"": true, ""heldout_r2"": false, ""identity_destroyer"": true, ""model_consistency_nrmse"": false, ""model_consistency_r2"": false, ""pooled_destroyer"": false, ""step_transfer"": true, ""support_safe"": true, ""test_support"": true, ""train_support"": true}"
42,2,target_shuffle,RIDGE_plus,rejected,False,affine_y,"omega_RIDGE_plus: State(x,y) -> State(x + 0.29456076*e_0, (0.0085152515)*y + (0.039285084))",1471,333,0.29456075886519034,-0.0005674653008080899,1.0002836924097125,0.2673726767524046,-0.0003198685826334308,-0.5578975188327824,1.2481576498314555,0.9883116883116884,0.7685751100987127,0.7461158299516668,0.6898706470020853,0.19877903118779025,1.0,840.5714285714286,16,"{""bootstrap_stability"": true, ""compression"": true, ""geometry_dominance"": true, ""heldout_r2"": false, ""identity_destroyer"": true, ""model_consistency_nrmse"": false, ""model_consistency_r2"": false, ""pooled_destroyer"": false, ""step_transfer"": true, ""support_safe"": true, ""test_support"": true, ""train_support"": true}"
42,2,target_shuffle,NUB_minus,rejected,False,affine_y,"omega_NUB_minus: State(x,y) -> State(x + -0.29653482*e_1, (-0.053587164)*y + (0.0077005598))",1662,335,-0.2965348249427634,0.0011867846306762297,0.9994064315228933,0.3086486765806118,0.0007082571536679015,-0.39407442232884793,1.1807092878134091,0.9883116883116884,0.7717380885445477,0.7420598639467947,0.6959756556022878,0.23307096858127901,1.0,949.7142857142857,16,"{""bootstrap_stability"": true, ""compression"": true, ""geometry_dominance"": true, ""heldout_r2"": false, ""identity_destroyer"": true, ""model_consistency_nrmse"": false, ""model_consistency_r2"": false, ""pooled_destroyer"": false, ""step_transfer"": true, ""support_safe"": true, ""test_support"": true, ""train_support"": true}"
42,2,target_shuffle,NUB_plus,rejected,False,affine_y,"omega_NUB_plus: State(x,y) -> State(x + 0.29521351*e_1, (-0.043621944)*y + (0.010291205))",1661,346,0.29521350603893337,1.2997263394098901e-05,0.9999935013471867,0.3131145888264775,0.0002412911755117521,-0.4138109522423743,1.1890378262453951,0.987012987012987,0.7716456717275332,0.7542439906943983,0.6908664789782737,0.22506452350615833,1.0,949.1428571428571,16,"{""bootstrap_stability"": true, ""compression"": true, ""geometry_dominance"": true, ""heldout_r2"": false, ""identity_destroyer"": true, ""model_consistency_nrmse"": false, ""model_consistency_r2"": false, ""pooled_destroyer"": false, ""step_transfer"": true, ""support_safe"": true, ""test_support"": true, ""train_support"": true}"
42,2,target_shuffle,CRACK_minus,rejected,False,identity,"omega_CRACK_minus: State(x,y) -> State(x + -0.29852412*e_2, y)",1568,357,-0.298524120495985,-1.0064632073233426,1.4164968080879472,0.0,-0.4156582660693515,0.9953021908352231,0.0685405658335038,0.990909090909091,0.7700511882778742,0.7402420038163692,0.6917029840848141,0.19589520395972018,1.0,1447.3846153846155,16,"{""bootstrap_stability"": true, ""compression"": true, ""geometry_dominance"": true, ""heldout_r2"": false, ""identity_destroyer"": false, ""model_consistency_nrmse"": true, ""model_consistency_r2"": true, ""pooled_destroyer"": false, ""step_transfer"": true, ""support_safe"": true, ""test_support"": true, ""train_support"": true}"
42,2,target_shuffle,CRACK_plus,rejected,False,affine_y,"omega_CRACK_plus: State(x,y) -> State(x + 0.29797639*e_2, (0.011692254)*y + (-0.039541427))",1540,351,0.29797639318836733,-0.0006391211530460961,1.0003195095333521,0.3080497052613841,-0.0001865488330563718,-0.6166537692643292,1.2714770030418674,0.9844155844155844,0.7698735144425755,0.7392153581154133,0.6985085595482884,0.18804770657889075,1.0,880.0,16,"{""bootstrap_stability"": true, ""compression"": true, ""geometry_dominance"": true, ""heldout_r2"": false, ""identity_destroyer"": true, ""model_consistency_nrmse"": false, ""model_consistency_r2"": false, ""pooled_destroyer"": false, ""step_transfer"": true, ""support_safe"": true, ""test_support"": true, ""train_support"": true}"
42,2,target_shuffle,WEIGHT_minus,rejected,False,context_affine,"omega_WEIGHT_minus: State(x,y) -> State(x + -0.29268862*e_3, (0.049059512)*y + (0.015014631) + (0.060745235)*x0 + (-0.054647446)*x1 + (0.025470748)*x2 + (0.021361527)*x3)",1482,306,-0.2926886230150871,-0.012226610704568097,1.0060947324703415,0.2771493947546889,-0.004681649927803278,-3.4752033440254015,2.1154676419235066,0.9818181818181818,0.770050556858972,0.7490187090113365,0.6953783241746685,0.18313550437929066,1.0,573.6774193548387,16,"{""bootstrap_stability"": true, ""compression"": true, ""geometry_dominance"": true, ""heldout_r2"": false, ""identity_destroyer"": true, ""model_consistency_nrmse"": false, ""model_consistency_r2"": false, ""pooled_destroyer"": false, ""step_transfer"": true, ""support_safe"": true, ""test_support"": true, ""train_support"": true}"
42,2,target_shuffle,WEIGHT_plus,rejected,False,identity,"omega_WEIGHT_plus: State(x,y) -> State(x + 0.29106538*e_3, y)",1470,317,0.29106537949358025,-1.1274415674680438,1.4585751840299643,0.0,-0.4566064482155302,0.731624940724847,0.5180492826702426,0.9857142857142858,0.7669633963107976,0.7389519838891815,0.7070801101466326,0.22110381881864927,1.0,1356.923076923077,16,"{""bootstrap_stability"": true, ""compression"": true, ""geometry_dominance"": true, ""heldout_r2"": false, ""identity_destroyer"": false, ""model_consistency_nrmse"": false, ""model_consistency_r2"": false, ""pooled_destroyer"": false, ""step_transfer"": true, ""support_safe"": true, ""test_support"": true, ""train_support"": true}"
42,3,real,RIDGE_minus,promoted,True,context_affine,"omega_RIDGE_minus: State(x,y) -> State(x + -0.29771147*e_0, (0.034339458)*y + (1.3193331) + (-4.6420041)*x0 + (1.1172398)*x1 + (-0.37183779)*x2 + (-2.9723021)*x3)",1521,358,-0.2977114658131297,0.530469204600708,0.6852231719661063,0.35070196256407665,0.19416044301302024,0.9825233033698937,0.13219945775269387,0.9922077922077922,0.7726675512350492,0.7446241390542905,0.6991307996757159,0.17632123131691246,1.0,588.7741935483871,16,"{""bootstrap_stability"": true, ""compression"": true, ""geometry_dominance"": true, ""heldout_r2"": true, ""identity_destroyer"": true, ""model_consistency_nrmse"": true, ""model_consistency_r2"": true, ""pooled_destroyer"": true, ""step_transfer"": true, ""support_safe"": true, ""test_support"": true, ""train_support"": true}"
42,3,real,RIDGE_plus,promoted,True,context_affine,"omega_RIDGE_plus: State(x,y) -> State(x + 0.29692438*e_0, (0.022835779)*y + (-1.4084039) + (-4.6074265)*x0 + (1.1979753)*x1 + (-0.3222986)*x2 + (-3.024951)*x3)",1536,337,0.29692438474496424,0.5565767640824892,0.6659003198058331,0.4188795790759783,0.27016769279689046,0.9819752680665904,0.13425621748511157,0.9922077922077922,0.7713720054793949,0.7521040988541896,0.691911129019838,0.18565954543068605,1.0,594.5806451612904,16,"{""bootstrap_stability"": true, ""compression"": true, ""geometry_dominance"": true, ""heldout_r2"": true, ""identity_destroyer"": true, ""model_consistency_nrmse"": true, ""model_consistency_r2"": true, ""pooled_destroyer"": true, ""step_transfer"": true, ""support_safe"": true, ""test_support"": true, ""train_support"": true}"
42,3,real,NUB_minus,candidate,False,context_affine,"omega_NUB_minus: State(x,y) -> State(x + -0.29734912*e_1, (0.01701602)*y + (-0.27120998) + (-4.4589404)*x0 + (1.1523947)*x1 + (-0.29066124)*x2 + (-2.8657072)*x3)",1626,388,-0.29734912322415075,0.5337253210867986,0.6828430851324494,0.2126180751429419,0.011812621453844166,0.9827494824019727,0.13134122581287014,0.9922077922077922,0.7692314839483867,0.7478177705314064,0.6878832204929657,0.18134764997106592,1.0,629.4193548387096,16,"{""bootstrap_stability"": true, ""compression"": true, ""geometry_dominance"": true, ""heldout_r2"": true, ""identity_destroyer"": true, ""model_consistency_nrmse"": true, ""model_consistency_r2"": true, ""pooled_destroyer"": false, ""step_transfer"": true, ""support_safe"": true, ""test_support"": true, ""train_support"": true}"
42,3,real,NUB_plus,promoted,True,context_affine,"omega_NUB_plus: State(x,y) -> State(x + 0.29646967*e_1, (-0.0038783325)*y + (0.31272467) + (-4.4705154)*x0 + (1.1809917)*x1 + (-0.31885742)*x2 + (-2.8687745)*x3)",1614,373,0.29646967490753573,0.5104204227612424,0.6996996335848388,0.2120106697447521,0.027110212423836554,0.9808231537416512,0.13848049053331962,0.9935064935064936,0.7727924469277858,0.7529760736540803,0.6895845099048414,0.16979428645128003,1.0,624.7741935483871,16,"{""bootstrap_stability"": true, ""compression"": true, ""geometry_dominance"": true, ""heldout_r2"": true, ""identity_destroyer"": true, ""model_consistency_nrmse"": true, ""model_consistency_r2"": true, ""pooled_destroyer"": true, ""step_transfer"": true, ""support_safe"": true, ""test_support"": true, ""train_support"": true}"
42,3,real,CRACK_minus,candidate,False,context_affine,"omega_CRACK_minus: State(x,y) -> State(x + -0.30096876*e_2, (-0.016951146)*y + (0.04725769) + (-4.4324897)*x0 + (1.1005405)*x1 + (-0.37560523)*x2 + (-2.8333272)*x3)",1580,379,-0.30096876201920036,0.5842283343131909,0.6448035869059733,0.2617136838869549,0.0036717760275690836,0.9753770182548779,0.1569171174382262,0.9922077922077922,0.7729355389443671,0.7564730021490043,0.6811748886546299,0.15956730364508803,1.0,611.6129032258065,16,"{""bootstrap_stability"": true, ""compression"": true, ""geometry_dominance"": true, ""heldout_r2"": true, ""identity_destroyer"": true, ""model_consistency_nrmse"": true, ""model_consistency_r2"": true, ""pooled_destroyer"": false, ""step_transfer"": true, ""support_safe"": true, ""test_support"": true, ""train_support"": true}"
42,3,real,CRACK_plus,candidate,False,context_affine,"omega_CRACK_plus: State(x,y) -> State(x + 0.29796642*e_2, (0.0089141493)*y + (-0.07142813) + (-4.2847747)*x0 + (1.1436421)*x1 + (-0.31072689)*x2 + (-2.7130605)*x3)",1541,378,0.2979664218980391,0.557858935799856,0.6649368873811589,0.24652134082667856,0.00494916076006856,0.9750688083805935,0.15789614187625514,0.9922077922077922,0.7753939307792014,0.7612454248703475,0.6779514534657418,0.21540325666425708,1.0,596.516129032258,16,"{""bootstrap_stability"": true, ""compression"": true, ""geometry_dominance"": true, ""heldout_r2"": true, ""identity_destroyer"": true, ""model_consistency_nrmse"": true, ""model_consistency_r2"": true, ""pooled_destroyer"": false, ""step_transfer"": true, ""support_safe"": true, ""test_support"": true, ""train_support"": true}"
42,3,real,WEIGHT_minus,promoted,True,context_affine,"omega_WEIGHT_minus: State(x,y) -> State(x + -0.29674563*e_3, (0.076826618)*y + (0.87082845) + (-4.1874989)*x0 + (1.0295928)*x1 + (-0.33927251)*x2 + (-2.797947)*x3)",1464,303,-0.296745626595712,0.5021792784431323,0.7055641158370143,0.3207521022024782,0.1089199168175415,0.9805945100281295,0.1393035892282411,0.9922077922077922,0.7718126548509917,0.7449666901117225,0.6947321241050409,0.19285184935659963,1.0,566.7096774193549,16,"{""bootstrap_stability"": true, ""compression"": true, ""geometry_dominance"": true, ""heldout_r2"": true, ""identity_destroyer"": true, ""model_consistency_nrmse"": true, ""model_consistency_r2"": true, ""pooled_destroyer"": true, ""step_transfer"": true, ""support_safe"": true, ""test_support"": true, ""train_support"": true}"
42,3,real,WEIGHT_plus,promoted,True,context_affine,"omega_WEIGHT_plus: State(x,y) -> State(x + 0.29372679*e_3, (0.042133697)*y + (-0.89146727) + (-4.420357)*x0 + (1.03351)*x1 + (-0.34949196)*x2 + (-2.8601794)*x3)",1470,325,0.29372679013300573,0.5462992290476358,0.6735731370477627,0.3589779620894483,0.14429327452424068,0.9775186845614674,0.1499377051929654,0.990909090909091,0.7662644346927593,0.7491443211142177,0.6890888414382773,0.1926558671385786,1.0,569.0322580645161,16,"{""bootstrap_stability"": true, ""compression"": true, ""geometry_dominance"": true, ""heldout_r2"": true, ""identity_destroyer"": true, ""model_consistency_nrmse"": true, ""model_consistency_r2"": true, ""pooled_destroyer"": true, ""step_transfer"": true, ""support_safe"": true, ""test_support"": true, ""train_support"": true}"
42,3,pair_shuffle,RIDGE_minus,rejected,False,affine_y,"omega_RIDGE_minus: State(x,y) -> State(x + -0.29771147*e_0, (0.0053656071)*y + (0.61036178))",1521,358,-0.2977114658131297,0.0010543500414855744,0.9994726859492032,0.3008359014321237,0.03786067199295171,-0.15275650542245978,1.0736649875182014,0.9922077922077922,0.7726675512350492,0.7446241390542905,0.6991307996757159,0.17632123131691246,1.0,869.1428571428571,16,"{""bootstrap_stability"": true, ""compression"": true, ""geometry_dominance"": true, ""heldout_r2"": false, ""identity_destroyer"": true, ""model_consistency_nrmse"": false, ""model_consistency_r2"": false, ""pooled_destroyer"": true, ""step_transfer"": true, ""support_safe"": true, ""test_support"": true, ""train_support"": true}"
42,3,pair_shuffle,RIDGE_plus,rejected,False,affine_y,"omega_RIDGE_plus: State(x,y) -> State(x + 0.29692438*e_0, (-0.019378557)*y + (-0.72563494))",1536,337,0.29692438474496424,-0.006164665464642116,1.0030775969308867,0.3810385838398523,0.04592221970117906,-0.11649792471276266,1.0566446539460477,0.9922077922077922,0.7713720054793949,0.7521040988541896,0.691911129019838,0.18565954543068605,1.0,877.7142857142857,16,"{""bootstrap_stability"": true, ""compression"": true, ""geometry_dominance"": true, ""heldout_r2"": false, ""identity_destroyer"": true, ""model_consistency_nrmse"": false, ""model_consistency_r2"": false, ""pooled_destroyer"": true, ""step_transfer"": true, ""support_safe"": true, ""test_support"": true, ""train_support"": true}"
42,3,pair_shuffle,NUB_minus,rejected,False,affine_y,"omega_NUB_minus: State(x,y) -> State(x + -0.29734912*e_1, (0.048082037)*y + (-0.16497755))",1626,388,-0.29734912322415075,-0.004731178638970324,1.0023627979124976,0.31334330082453704,-0.0023867158605385174,0.09314468280116028,0.9522895133302895,0.9922077922077922,0.7692314839483867,0.7478177705314064,0.6878832204929657,0.18134764997106592,1.0,929.1428571428571,16,"{""bootstrap_stability"": true, ""compression"": true, ""geometry_dominance"": true, ""heldout_r2"": false, ""identity_destroyer"": true, ""model_consistency_nrmse"": false, ""model_consistency_r2"": false, ""pooled_destroyer"": false, ""step_transfer"": true, ""support_safe"": true, ""test_support"": true, ""train_support"": true}"
42,3,pair_shuffle,NUB_plus,rejected,False,affine_y,"omega_NUB_plus: State(x,y) -> State(x + 0.29646967*e_1, (0.0073359998)*y + (0.087801929))",1614,373,0.29646967490753573,-0.012838839903892785,1.0063989466925594,0.31053817763798724,0.010499646651606765,-0.0027616348385512968,1.0013798654050077,0.9935064935064936,0.7727924469277858,0.7529760736540803,0.6895845099048414,0.16979428645128003,0.95,922.2857142857143,16,"{""bootstrap_stability"": true, ""compression"": true, ""geometry_dominance"": true, ""heldout_r2"": false, ""identity_destroyer"": true, ""model_consistency_nrmse"": false, ""model_consistency_r2"": false, ""pooled_destroyer"": false, ""step_transfer"": true, ""support_safe"": true, ""test_support"": true, ""train_support"": true}"
42,3,pair_shuffle,CRACK_minus,rejected,False,affine_y,"omega_CRACK_minus: State(x,y) -> State(x + -0.30096876*e_2, (-0.014783603)*y + (-0.090005175))",1580,379,-0.30096876201920036,-0.0016119515117367644,1.0008056512189252,0.3067432381011827,0.0010464093560300593,-0.04188364472647765,1.0207270177312238,0.9922077922077922,0.7729355389443671,0.7564730021490043,0.6811748886546299,0.15956730364508803,1.0,902.8571428571429,16,"{""bootstrap_stability"": true, ""compression"": true, ""geometry_dominance"": true, ""heldout_r2"": false, ""identity_destroyer"": true, ""model_consistency_nrmse"": false, ""model_consistency_r2"": false, ""pooled_destroyer"": false, ""step_transfer"": true, ""support_safe"": true, ""test_support"": true, ""train_support"": true}"
42,3,pair_shuffle,CRACK_plus,rejected,False,affine_y,"omega_CRACK_plus: State(x,y) -> State(x + 0.29796642*e_2, (0.0039987108)*y + (-0.12802271))",1541,378,0.2979664218980391,-0.0006295993569911396,1.0003147501446685,0.32436586509324516,-0.0017168635714499135,0.003158037367478439,0.9984197326938814,0.9922077922077922,0.7753939307792014,0.7612454248703475,0.6779514534657418,0.21540325666425708,1.0,880.5714285714286,16,"{""bootstrap_stability"": true, ""compression"": true, ""geometry_dominance"": true, ""heldout_r2"": false, ""identity_destroyer"": true, ""model_consistency_nrmse"": false, ""model_consistency_r2"": false, ""pooled_destroyer"": false, ""step_transfer"": true, ""support_safe"": true, ""test_support"": true, ""train_support"": true}"
42,3,pair_shuffle,WEIGHT_minus,rejected,False,affine_y,"omega_WEIGHT_minus: State(x,y) -> State(x + -0.29674563*e_3, (0.027757995)*y + (0.36510397))",1464,303,-0.296745626595712,-0.010047276507529013,1.0050110827784582,0.35785455524091586,0.020486604760100387,-0.049326323156206664,1.0243663032119938,0.9922077922077922,0.7718126548509917,0.7449666901117225,0.6947321241050409,0.19285184935659963,1.0,836.5714285714286,16,"{""bootstrap_stability"": true, ""compression"": true, ""geometry_dominance"": true, ""heldout_r2"": false, ""identity_destroyer"": true, ""model_consistency_nrmse"": false, ""model_consistency_r2"": false, ""pooled_destroyer"": true, ""step_transfer"": true, ""support_safe"": true, ""test_support"": true, ""train_support"": true}"
42,3,pair_shuffle,WEIGHT_plus,rejected,False,affine_y,"omega_WEIGHT_plus: State(x,y) -> State(x + 0.29372679*e_3, (0.027855356)*y + (-0.65741329))",1470,325,0.29372679013300573,-0.005850076974177831,1.0029207730295437,0.3547373114987714,0.0228580566851573,0.039783407618817046,0.9799064202163302,0.990909090909091,0.7662644346927593,0.7491443211142177,0.6890888414382773,0.1926558671385786,1.0,840.0,16,"{""bootstrap_stability"": true, ""compression"": true, ""geometry_dominance"": true, ""heldout_r2"": false, ""identity_destroyer"": true, ""model_consistency_nrmse"": false, ""model_consistency_r2"": false, ""pooled_destroyer"": true, ""step_transfer"": true, ""support_safe"": true, ""test_support"": true, ""train_support"": true}"
42,3,target_shuffle,RIDGE_minus,rejected,False,identity,"omega_RIDGE_minus: State(x,y) -> State(x + -0.29771147*e_0, y)",1521,358,-0.2977114658131297,-1.1891414159699805,1.4795747415963751,0.0,-0.48041349607440575,0.9929307716504544,0.08407870330556728,0.9922077922077922,0.7726675512350492,0.7446241390542905,0.6991307996757159,0.17632123131691246,1.0,1404.0,16,"{""bootstrap_stability"": true, ""compression"": true, ""geometry_dominance"": true, ""heldout_r2"": false, ""identity_destroyer"": false, ""model_consistency_nrmse"": true, ""model_consistency_r2"": true, ""pooled_destroyer"": false, ""step_transfer"": true, ""support_safe"": true, ""test_support"": true, ""train_support"": true}"
42,3,target_shuffle,RIDGE_plus,rejected,False,affine_y,"omega_RIDGE_plus: State(x,y) -> State(x + 0.29692438*e_0, (0.00097387154)*y + (-0.095071155))",1536,337,0.29692438474496424,-0.02235219181358028,1.011114331721977,0.29342173800978827,-0.0055259640398300355,-0.11597072763331195,1.0563951569527912,0.9922077922077922,0.7713720054793949,0.7521040988541896,0.691911129019838,0.18565954543068605,0.875,877.7142857142857,16,"{""bootstrap_stability"": true, ""compression"": true, ""geometry_dominance"": true, ""heldout_r2"": false, ""identity_destroyer"": true, ""model_consistency_nrmse"": false, ""model_consistency_r2"": false, ""pooled_destroyer"": false, ""step_transfer"": true, ""support_safe"": true, ""test_support"": true, ""train_support"": true}"
42,3,target_shuffle,NUB_minus,rejected,False,context_affine,"omega_NUB_minus: State(x,y) -> State(x + -0.29734912*e_1, (0.018810006)*y + (-0.026576242) + (-0.078947413)*x0 + (0.050081706)*x1 + (-0.075722199)*x2 + (-0.11296519)*x3)",1626,388,-0.29734912322415075,0.001851674985874907,0.9990737335222687,0.25288583522070024,0.00247024398976541,0.6912296611972962,0.5556710706908393,0.9922077922077922,0.7692314839483867,0.7478177705314064,0.6878832204929657,0.18134764997106592,1.0,629.4193548387096,16,"{""bootstrap_stability"": true, ""compression"": true, ""geometry_dominance"": true, ""heldout_r2"": false, ""identity_destroyer"": true, ""model_consistency_nrmse"": false, ""model_consistency_r2"": false, ""pooled_destroyer"": false, ""step_transfer"": true, ""support_safe"": true, ""test_support"": true, ""train_support"": true}"
42,3,target_shuffle,NUB_plus,rejected,False,context_affine,"omega_NUB_plus: State(x,y) -> State(x + 0.29646967*e_1, (0.0055972452)*y + (-0.042485456) + (-0.11219345)*x0 + (0.16228273)*x1 + (-0.11278848)*x2 + (-0.1145194)*x3)",1614,373,0.29646967490753573,-0.0019892895815225575,1.0009941506230307,0.27605350376221965,0.001553106272672395,0.44932387492719295,0.7420755521325353,0.9935064935064936,0.7727924469277858,0.7529760736540803,0.6895845099048414,0.16979428645128003,1.0,624.7741935483871,16,"{""bootstrap_stability"": true, ""compression"": true, ""geometry_dominance"": true, ""heldout_r2"": false, ""identity_destroyer"": true, ""model_consistency_nrmse"": false, ""model_consistency_r2"": false, ""pooled_destroyer"": false, ""step_transfer"": true, ""support_safe"": true, ""test_support"": true, ""train_support"": true}"
42,3,target_shuffle,CRACK_minus,rejected,False,context_affine,"omega_CRACK_minus: State(x,y) -> State(x + -0.30096876*e_2, (-0.039983309)*y + (-0.073419165) + (-0.18795592)*x0 + (0.095762174)*x1 + (-0.1470328)*x2 + (-0.041593558)*x3)",1580,379,-0.30096876201920036,-0.011221218087985374,1.005594957270563,0.29115570844043903,-0.001426235961049513,-0.09397395779439655,1.045932099992345,0.9922077922077922,0.7729355389443671,0.7564730021490043,0.6811748886546299,0.15956730364508803,1.0,611.6129032258065,16,"{""bootstrap_stability"": true, ""compression"": true, ""geometry_dominance"": true, ""heldout_r2"": false, ""identity_destroyer"": true, ""model_consistency_nrmse"": false, ""model_consistency_r2"": false, ""pooled_destroyer"": false, ""step_transfer"": true, ""support_safe"": true, ""test_support"": true, ""train_support"": true}"
42,3,target_shuffle,CRACK_plus,rejected,False,context_affine,"omega_CRACK_plus: State(x,y) -> State(x + 0.29796642*e_2, (-0.039340727)*y + (-0.04489635) + (-0.014378018)*x0 + (0.078756818)*x1 + (-0.03713247)*x2 + (0.079031439)*x3)",1541,378,0.2979664218980391,-0.019167867060319033,1.00953844258667,0.31302859746572115,-0.00469695326651912,-0.03605716552672078,1.0178689333734088,0.9922077922077922,0.7753939307792014,0.7612454248703475,0.6779514534657418,0.21540325666425708,1.0,596.516129032258,16,"{""bootstrap_stability"": true, ""compression"": true, ""geometry_dominance"": true, ""heldout_r2"": false, ""identity_destroyer"": true, ""model_consistency_nrmse"": false, ""model_consistency_r2"": false, ""pooled_destroyer"": false, ""step_transfer"": true, ""support_safe"": true, ""test_support"": true, ""train_support"": true}"
42,3,target_shuffle,WEIGHT_minus,rejected,False,affine_y,"omega_WEIGHT_minus: State(x,y) -> State(x + -0.29674563*e_3, (-0.061819746)*y + (0.19163706))",1464,303,-0.296745626595712,-0.015067764229071301,1.007505714241399,0.23788833396504688,0.005590159025171953,-3.2574640916278765,2.063362326792819,0.9922077922077922,0.7718126548509917,0.7449666901117225,0.6947321241050409,0.19285184935659963,0.5,836.5714285714286,16,"{""bootstrap_stability"": false, ""compression"": true, ""geometry_dominance"": true, ""heldout_r2"": false, ""identity_destroyer"": true, ""model_consistency_nrmse"": false, ""model_consistency_r2"": false, ""pooled_destroyer"": false, ""step_transfer"": true, ""support_safe"": true, ""test_support"": true, ""train_support"": true}"
42,3,target_shuffle,WEIGHT_plus,rejected,False,affine_y,"omega_WEIGHT_plus: State(x,y) -> State(x + 0.29372679*e_3, (-0.08905634)*y + (-0.026000547))",1470,325,0.29372679013300573,-0.019003370308347867,1.009456968031995,0.3216764609694645,-0.007811514263215804,-0.2152621607653349,1.1023892963764366,0.990909090909091,0.7662644346927593,0.7491443211142177,0.6890888414382773,0.1926558671385786,1.0,840.0,16,"{""bootstrap_stability"": true, ""compression"": true, ""geometry_dominance"": true, ""heldout_r2"": false, ""identity_destroyer"": true, ""model_consistency_nrmse"": false, ""model_consistency_r2"": false, ""pooled_destroyer"": false, ""step_transfer"": true, ""support_safe"": true, ""test_support"": true, ""train_support"": true}"
42,4,real,RIDGE_minus,promoted,True,context_affine,"omega_RIDGE_minus: State(x,y) -> State(x + -0.2930835*e_0, (0.047699697)*y + (1.3384694) + (-4.6183603)*x0 + (1.0227436)*x1 + (-0.32633889)*x2 + (-3.0013645)*x3)",1513,332,-0.293083499011486,0.6580535605169878,0.584761865619683,0.3763039087242902,0.224495380197595,0.9843496225732646,0.12510146852349638,0.9869960988296489,0.763782606334575,0.7401576376432442,0.693854976902351,0.22541093323338898,1.0,585.6774193548387,16,"{""bootstrap_stability"": true, ""compression"": true, ""geometry_dominance"": true, ""heldout_r2"": true, ""identity_destroyer"": true, ""model_consistency_nrmse"": true, ""model_consistency_r2"": true, ""pooled_destroyer"": true, ""step_transfer"": true, ""support_safe"": true, ""test_support"": true, ""train_support"": true}"
42,4,real,RIDGE_plus,promoted,True,context_affine,"omega_RIDGE_plus: State(x,y) -> State(x + 0.29389949*e_0, (0.060959041)*y + (-1.3371347) + (-4.4834385)*x0 + (1.0721605)*x1 + (-0.25406849)*x2 + (-3.0547368)*x3)",1507,329,0.29389949418997285,0.6865772149447954,0.5598417500108442,0.4138721358488228,0.2911974881778383,0.9862945298113382,0.11707036426295843,0.9856957087126138,0.7652936531949177,0.7493023665861319,0.6903312088896758,0.2026269421752362,1.0,583.3548387096774,16,"{""bootstrap_stability"": true, ""compression"": true, ""geometry_dominance"": true, ""heldout_r2"": true, ""identity_destroyer"": true, ""model_consistency_nrmse"": true, ""model_consistency_r2"": true, ""pooled_destroyer"": true, ""step_transfer"": true, ""support_safe"": true, ""test_support"": true, ""train_support"": true}"
42,4,real,NUB_minus,candidate,False,context_affine,"omega_NUB_minus: State(x,y) -> State(x + -0.29279088*e_1, (0.051391688)*y + (-0.26530911) + (-4.2848029)*x0 + (1.1099802)*x1 + (-0.31599775)*x2 + (-2.8058277)*x3)",1643,382,-0.2927908799957286,0.6019084669037087,0.6309449525087678,0.2566871242228001,-0.003857824036441378,0.9849872159538293,0.12252666667371115,0.9908972691807543,0.7690582389255445,0.7432640599944442,0.6963967673851685,0.21770778189518175,1.0,636.0,16,"{""bootstrap_stability"": true, ""compression"": true, ""geometry_dominance"": true, ""heldout_r2"": true, ""identity_destroyer"": true, ""model_consistency_nrmse"": true, ""model_consistency_r2"": true, ""pooled_destroyer"": false, ""step_transfer"": true, ""support_safe"": true, ""test_support"": true, ""train_support"": true}"
42,4,real,NUB_plus,candidate,False,context_affine,"omega_NUB_plus: State(x,y) -> State(x + 0.29174464*e_1, (0.018138989)*y + (0.34696861) + (-4.4916517)*x0 + (1.100865)*x1 + (-0.31447861)*x2 + (-2.913738)*x3)",1623,381,0.2917446447178188,0.5663625462105191,0.6585115441580968,0.22105455320498024,0.015993593472552962,0.9852246936881424,0.12155371780351938,0.9843953185955787,0.7678175851651612,0.7383400959409475,0.70257603700737,0.18940098286624973,1.0,628.258064516129,16,"{""bootstrap_stability"": true, ""compression"": true, ""geometry_dominance"": true, ""heldout_r2"": true, ""identity_destroyer"": true, ""model_consistency_nrmse"": true, ""model_consistency_r2"": true, ""pooled_destroyer"": false, ""step_transfer"": true, ""support_safe"": true, ""test_support"": true, ""train_support"": true}"
42,4,real,CRACK_minus,candidate,False,context_affine,"omega_CRACK_minus: State(x,y) -> State(x + -0.29764337*e_2, (-0.0097734733)*y + (0.042176428) + (-4.3523115)*x0 + (1.0515856)*x1 + (-0.29761122)*x2 + (-2.8342761)*x3)",1585,342,-0.29764337083637865,0.5735841404767311,0.6530052522937843,0.2426851413194009,-0.005653038191820052,0.9730709656706864,0.16410068351263393,0.9921976592977894,0.767703249405301,0.7629953902920619,0.676258960490534,0.22412631578947378,1.0,613.5483870967741,16,"{""bootstrap_stability"": true, ""compression"": true, ""geometry_dominance"": true, ""heldout_r2"": true, ""identity_destroyer"": true, ""model_consistency_nrmse"": true, ""model_consistency_r2"": true, ""pooled_destroyer"": false, ""step_transfer"": true, ""support_safe"": true, ""test_support"": true, ""train_support"": true}"
42,4,real,CRACK_plus,candidate,False,context_affine,"omega_CRACK_plus: State(x,y) -> State(x + 0.29664078*e_2, (-0.010170836)*y + (-0.099083314) + (-4.5021591)*x0 + (1.1013215)*x1 + (-0.27165393)*x2 + (-2.9231671)*x3)",1569,343,0.2966407826398772,0.5385438330587036,0.6793056506030967,0.25411298055533976,-0.005107367492908969,0.9795000933601019,0.14317788460477437,0.9869960988296489,0.7677793908828701,0.7510378173630503,0.6876838504058211,0.2012251795521757,1.0,607.3548387096774,16,"{""bootstrap_stability"": true, ""compression"": true, ""geometry_dominance"": true, ""heldout_r2"": true, ""identity_destroyer"": true, ""model_consistency_nrmse"": true, ""model_consistency_r2"": true, ""pooled_destroyer"": false, ""step_transfer"": true, ""support_safe"": true, ""test_support"": true, ""train_support"": true}"
42,4,real,WEIGHT_minus,promoted,True,context_affine,"omega_WEIGHT_minus: State(x,y) -> State(x + -0.29295839*e_3, (0.018280197)*y + (0.91986096) + (-4.5522666)*x0 + (1.0175791)*x1 + (-0.31746104)*x2 + (-3.0686303)*x3)",1469,298,-0.29295839057956663,0.6442321783791767,0.5964627579495835,0.28628743108536986,0.11361701084263293,0.9827058747109378,0.131507130183356,0.988296488946684,0.7667091519063347,0.744665234941712,0.7021736600478908,0.20480106010669072,1.0,568.6451612903226,16,"{""bootstrap_stability"": true, ""compression"": true, ""geometry_dominance"": true, ""heldout_r2"": true, ""identity_destroyer"": true, ""model_consistency_nrmse"": true, ""model_consistency_r2"": true, ""pooled_destroyer"": true, ""step_transfer"": true, ""support_safe"": true, ""test_support"": true, ""train_support"": true}"
42,4,real,WEIGHT_plus,promoted,True,context_affine,"omega_WEIGHT_plus: State(x,y) -> State(x + 0.292177*e_3, (0.040604016)*y + (-0.94065729) + (-4.4957478)*x0 + (0.98969491)*x1 + (-0.34158356)*x2 + (-3.0426701)*x3)",1455,310,0.2921769956673823,0.6656906210776228,0.5781949315951993,0.3200890120504496,0.1313371881171164,0.9856491506556658,0.1197950305494105,0.9817945383615084,0.7689195909020926,0.7475955411624216,0.6964537417338019,0.20061323566987418,1.0,563.2258064516129,16,"{""bootstrap_stability"": true, ""compression"": true, ""geometry_dominance"": true, ""heldout_r2"": true, ""identity_destroyer"": true, ""model_consistency_nrmse"": true, ""model_consistency_r2"": true, ""pooled_destroyer"": true, ""step_transfer"": true, ""support_safe"": true, ""test_support"": true, ""train_support"": true}"
42,4,pair_shuffle,RIDGE_minus,rejected,False,affine_y,"omega_RIDGE_minus: State(x,y) -> State(x + -0.2930835*e_0, (0.0040483402)*y + (0.60615409))",1513,332,-0.293083499011486,-0.0025433796189182623,1.001270882238627,0.346601588596086,0.015071953953189016,-0.09397201107791453,1.0459311693787094,0.9869960988296489,0.763782606334575,0.7401576376432442,0.693854976902351,0.22541093323338898,1.0,864.5714285714286,16,"{""bootstrap_stability"": true, ""compression"": true, ""geometry_dominance"": true, ""heldout_r2"": false, ""identity_destroyer"": true, ""model_consistency_nrmse"": false, ""model_consistency_r2"": false, ""pooled_destroyer"": false, ""step_transfer"": true, ""support_safe"": true, ""test_support"": true, ""train_support"": true}"
42,4,pair_shuffle,RIDGE_plus,rejected,False,affine_y,"omega_RIDGE_plus: State(x,y) -> State(x + 0.29389949*e_0, (-0.010725061)*y + (-0.60302024))",1507,329,0.29389949418997285,-0.007084205989300596,1.0035358518704256,0.37791021101502326,0.034625053025657965,-0.13692245163557604,1.0662656571584663,0.9856957087126138,0.7652936531949177,0.7493023665861319,0.6903312088896758,0.2026269421752362,1.0,861.1428571428571,16,"{""bootstrap_stability"": true, ""compression"": true, ""geometry_dominance"": true, ""heldout_r2"": false, ""identity_destroyer"": true, ""model_consistency_nrmse"": false, ""model_consistency_r2"": false, ""pooled_destroyer"": true, ""step_transfer"": true, ""support_safe"": true, ""test_support"": true, ""train_support"": true}"
42,4,pair_shuffle,NUB_minus,rejected,False,affine_y,"omega_NUB_minus: State(x,y) -> State(x + -0.29279088*e_1, (0.038754848)*y + (-0.094803321))",1643,382,-0.2927908799957286,-0.004615330401212869,1.0023050086681262,0.31791887482971903,-0.0028281977150272503,0.07009949203509147,0.9643134905023928,0.9908972691807543,0.7690582389255445,0.7432640599944442,0.6963967673851685,0.21770778189518175,1.0,938.8571428571429,16,"{""bootstrap_stability"": true, ""compression"": true, ""geometry_dominance"": true, ""heldout_r2"": false, ""identity_destroyer"": true, ""model_consistency_nrmse"": false, ""model_consistency_r2"": false, ""pooled_destroyer"": false, ""step_transfer"": true, ""support_safe"": true, ""test_support"": true, ""train_support"": true}"
42,4,pair_shuffle,NUB_plus,rejected,False,affine_y,"omega_NUB_plus: State(x,y) -> State(x + 0.29174464*e_1, (0.015460885)*y + (0.095653163))",1623,381,0.2917446447178188,-0.0013525805421754633,1.0006760617413486,0.29559520138367873,0.002358849915459927,0.02640222442576945,0.9867105834915476,0.9843953185955787,0.7678175851651612,0.7383400959409475,0.70257603700737,0.18940098286624973,1.0,927.4285714285714,16,"{""bootstrap_stability"": true, ""compression"": true, ""geometry_dominance"": true, ""heldout_r2"": false, ""identity_destroyer"": true, ""model_consistency_nrmse"": false, ""model_consistency_r2"": false, ""pooled_destroyer"": false, ""step_transfer"": true, ""support_safe"": true, ""test_support"": true, ""train_support"": true}"
42,4,pair_shuffle,CRACK_minus,rejected,False,affine_y,"omega_CRACK_minus: State(x,y) -> State(x + -0.29764337*e_2, (-0.030612704)*y + (-0.044610986))",1585,342,-0.29764337083637865,-0.005642840155824835,1.002817451062667,0.2756485509115697,-0.000890735242707243,-0.06301374011415284,1.03102557684771,0.9921976592977894,0.767703249405301,0.7629953902920619,0.676258960490534,0.22412631578947378,1.0,905.7142857142857,16,"{""bootstrap_stability"": true, ""compression"": true, ""geometry_dominance"": true, ""heldout_r2"": false, ""identity_destroyer"": true, ""model_consistency_nrmse"": false, ""model_consistency_r2"": false, ""pooled_destroyer"": false, ""step_transfer"": true, ""support_safe"": true, ""test_support"": true, ""train_support"": true}"
42,4,pair_shuffle,CRACK_plus,rejected,False,affine_y,"omega_CRACK_plus: State(x,y) -> State(x + 0.29664078*e_2, (0.029259939)*y + (-0.10592283))",1569,343,0.2966407826398772,-0.0019387004317870105,1.000968880850842,0.30534368804727696,0.001050917364951156,0.057569666116580875,0.9707885114088542,0.9869960988296489,0.7677793908828701,0.7510378173630503,0.6876838504058211,0.2012251795521757,1.0,896.5714285714286,16,"{""bootstrap_stability"": true, ""compression"": true, ""geometry_dominance"": true, ""heldout_r2"": false, ""identity_destroyer"": true, ""model_consistency_nrmse"": false, ""model_consistency_r2"": false, ""pooled_destroyer"": false, ""step_transfer"": true, ""support_safe"": true, ""test_support"": true, ""train_support"": true}"
42,4,pair_shuffle,WEIGHT_minus,rejected,False,context_affine,"omega_WEIGHT_minus: State(x,y) -> State(x + -0.29295839*e_3, (-0.10552059)*y + (0.46554179) + (-1.0519292)*x0 + (0.14001728)*x1 + (-0.021545844)*x2 + (-0.92169891)*x3)",1469,298,-0.29295839057956663,-0.026196081016884643,1.0130133666526244,0.3071316999022106,-0.004008183833191601,0.06940957785517599,0.9646711471505841,0.988296488946684,0.7667091519063347,0.744665234941712,0.7021736600478908,0.20480106010669072,0.95,568.6451612903226,16,"{""bootstrap_stability"": true, ""compression"": true, ""geometry_dominance"": true, ""heldout_r2"": false, ""identity_destroyer"": true, ""model_consistency_nrmse"": false, ""model_consistency_r2"": false, ""pooled_destroyer"": false, ""step_transfer"": true, ""support_safe"": true, ""test_support"": true, ""train_support"": true}"
42,4,pair_shuffle,WEIGHT_plus,rejected,False,affine_y,"omega_WEIGHT_plus: State(x,y) -> State(x + 0.292177*e_3, (0.00088654293)*y + (-0.66917917))",1455,310,0.2921769956673823,-0.0003276683947264214,1.0001638207787393,0.35886106353283853,0.022242176866939842,-0.022970919195913986,1.011420248559378,0.9817945383615084,0.7689195909020926,0.7475955411624216,0.6964537417338019,0.20061323566987418,1.0,831.4285714285714,16,"{""bootstrap_stability"": true, ""compression"": true, ""geometry_dominance"": true, ""heldout_r2"": false, ""identity_destroyer"": true, ""model_consistency_nrmse"": false, ""model_consistency_r2"": false, ""pooled_destroyer"": true, ""step_transfer"": true, ""support_safe"": true, ""test_support"": true, ""train_support"": true}"
42,4,target_shuffle,RIDGE_minus,rejected,False,affine_y,"omega_RIDGE_minus: State(x,y) -> State(x + -0.2930835*e_0, (-0.0027412522)*y + (0.077169291))",1513,332,-0.293083499011486,-0.0022168501642827465,1.001107811459027,0.2965179681913421,0.0008557744243560501,-0.020010129886146588,1.0099555088646959,0.9869960988296489,0.763782606334575,0.7401576376432442,0.693854976902351,0.22541093323338898,0.875,864.5714285714286,16,"{""bootstrap_stability"": true, ""compression"": true, ""geometry_dominance"": true, ""heldout_r2"": false, ""identity_destroyer"": true, ""model_consistency_nrmse"": false, ""model_consistency_r2"": false, ""pooled_destroyer"": false, ""step_transfer"": true, ""support_safe"": true, ""test_support"": true, ""train_support"": true}"
42,4,target_shuffle,RIDGE_plus,rejected,False,affine_y,"omega_RIDGE_plus: State(x,y) -> State(x + 0.29389949*e_0, (0.0078179794)*y + (-0.008377501))",1507,329,0.29389949418997285,0.00020502341179950978,0.9998974830392366,0.2749248432098786,-0.0005495256636963337,-0.10111280080394502,1.0493392210357644,0.9856957087126138,0.7652936531949177,0.7493023665861319,0.6903312088896758,0.2026269421752362,1.0,861.1428571428571,16,"{""bootstrap_stability"": true, ""compression"": true, ""geometry_dominance"": true, ""heldout_r2"": false, ""identity_destroyer"": true, ""model_consistency_nrmse"": false, ""model_consistency_r2"": false, ""pooled_destroyer"": false, ""step_transfer"": true, ""support_safe"": true, ""test_support"": true, ""train_support"": true}"
42,4,target_shuffle,NUB_minus,rejected,False,context_affine,"omega_NUB_minus: State(x,y) -> State(x + -0.29279088*e_1, (0.05204484)*y + (0.084462321) + (0.02951264)*x0 + (0.036129326)*x1 + (-0.096240594)*x2 + (0.08694179)*x3)",1643,382,-0.2927908799957286,0.004017508696426253,0.9979892240418098,0.258700635852102,0.002161939559551056,-0.6880365890141695,1.2992446224688288,0.9908972691807543,0.7690582389255445,0.7432640599944442,0.6963967673851685,0.21770778189518175,1.0,636.0,16,"{""bootstrap_stability"": true, ""compression"": true, ""geometry_dominance"": true, ""heldout_r2"": false, ""identity_destroyer"": true, ""model_consistency_nrmse"": false, ""model_consistency_r2"": false, ""pooled_destroyer"": false, ""step_transfer"": true, ""support_safe"": true, ""test_support"": true, ""train_support"": true}"
42,4,target_shuffle,NUB_plus,rejected,False,affine_y,"omega_NUB_plus: State(x,y) -> State(x + 0.29174464*e_1, (0.087578005)*y + (0.019555161))",1623,381,0.2917446447178188,-0.0008645576653498743,1.0004321854405474,0.3090784394098066,-0.0010126368849111098,0.16334053264361215,0.9146909135639142,0.9843953185955787,0.7678175851651612,0.7383400959409475,0.70257603700737,0.18940098286624973,1.0,927.4285714285714,16,"{""bootstrap_stability"": true, ""compression"": true, ""geometry_dominance"": true, ""heldout_r2"": false, ""identity_destroyer"": true, ""model_consistency_nrmse"": false, ""model_consistency_r2"": false, ""pooled_destroyer"": false, ""step_transfer"": true, ""support_safe"": true, ""test_support"": true, ""train_support"": true}"
42,4,target_shuffle,CRACK_minus,rejected,False,affine_y,"omega_CRACK_minus: State(x,y) -> State(x + -0.29764337*e_2, (0.011834367)*y + (0.017980098))",1585,342,-0.29764337083637865,-0.0013986419977209952,1.000699076644783,0.2628169413590139,-0.0003367176571348376,0.016257724797301365,0.9918378270678623,0.9921976592977894,0.767703249405301,0.7629953902920619,0.676258960490534,0.22412631578947378,1.0,905.7142857142857,16,"{""bootstrap_stability"": true, ""compression"": true, ""geometry_dominance"": true, ""heldout_r2"": false, ""identity_destroyer"": true, ""model_consistency_nrmse"": false, ""model_consistency_r2"": false, ""pooled_destroyer"": false, ""step_transfer"": true, ""support_safe"": true, ""test_support"": true, ""train_support"": true}"
42,4,target_shuffle,CRACK_plus,rejected,False,affine_y,"omega_CRACK_plus: State(x,y) -> State(x + 0.29664078*e_2, (-0.014526801)*y + (0.047135582))",1569,343,0.2966407826398772,0.0015646906036621555,0.9992173484264261,0.3113465626417133,0.0022019491572649757,-0.14559370727882825,1.07032411319134,0.9869960988296489,0.7677793908828701,0.7510378173630503,0.6876838504058211,0.2012251795521757,1.0,896.5714285714286,16,"{""bootstrap_stability"": true, ""compression"": true, ""geometry_dominance"": true, ""heldout_r2"": false, ""identity_destroyer"": true, ""model_consistency_nrmse"": false, ""model_consistency_r2"": false, ""pooled_destroyer"": false, ""step_transfer"": true, ""support_safe"": true, ""test_support"": true, ""train_support"": true}"
42,4,target_shuffle,WEIGHT_minus,rejected,False,identity,"omega_WEIGHT_minus: State(x,y) -> State(x + -0.29295839*e_3, y)",1469,298,-0.29295839057956663,-1.044894466747769,1.4299980652951139,0.0,-0.4299775865035514,0.8663560308033469,0.3655734798869484,0.988296488946684,0.7667091519063347,0.744665234941712,0.7021736600478908,0.20480106010669072,1.0,1356.0,16,"{""bootstrap_stability"": true, ""compression"": true, ""geometry_dominance"": true, ""heldout_r2"": false, ""identity_destroyer"": false, ""model_consistency_nrmse"": false, ""model_consistency_r2"": true, ""pooled_destroyer"": false, ""step_transfer"": true, ""support_safe"": true, ""test_support"": true, ""train_support"": true}"
42,4,target_shuffle,WEIGHT_plus,rejected,False,affine_y,"omega_WEIGHT_plus: State(x,y) -> State(x + 0.292177*e_3, (0.0036527005)*y + (0.069170754))",1455,310,0.2921769956673823,-0.006112232128960393,1.0030514603593181,0.2775376017401265,-0.00021306514370065963,-0.7594355169004228,1.3264371515079116,0.9817945383615084,0.7689195909020926,0.7475955411624216,0.6964537417338019,0.20061323566987418,1.0,831.4285714285714,16,"{""bootstrap_stability"": true, ""compression"": true, ""geometry_dominance"": true, ""heldout_r2"": false, ""identity_destroyer"": true, ""model_consistency_nrmse"": false, ""model_consistency_r2"": false, ""pooled_destroyer"": false, ""step_transfer"": true, ""support_safe"": true, ""test_support"": true, ""train_support"": true}"
42,5,real,RIDGE_minus,promoted,True,context_affine,"omega_RIDGE_minus: State(x,y) -> State(x + -0.29490389*e_0, (0.056074848)*y + (1.4352093) + (-4.5541674)*x0 + (1.0870324)*x1 + (-0.33203667)*x2 + (-3.0067956)*x3)",1496,340,-0.294903889167831,0.6480340482707911,0.5932671840993811,0.39996934085926944,0.2225211527484058,0.987753383882677,0.11066443022635133,0.9869960988296489,0.766922090331162,0.7505917253453732,0.6938353087447843,0.2464715732397737,1.0,579.0967741935484,16,"{""bootstrap_stability"": true, ""compression"": true, ""geometry_dominance"": true, ""heldout_r2"": true, ""identity_destroyer"": true, ""model_consistency_nrmse"": true, ""model_consistency_r2"": true, ""pooled_destroyer"": true, ""step_transfer"": true, ""support_safe"": true, ""test_support"": true, ""train_support"": true}"
42,5,real,RIDGE_plus,promoted,True,context_affine,"omega_RIDGE_plus: State(x,y) -> State(x + 0.29497443*e_0, (0.070825267)*y + (-1.3172783) + (-4.3106117)*x0 + (1.0749012)*x1 + (-0.38379907)*x2 + (-2.8292491)*x3)",1480,309,0.2949744347118469,0.6430571909543209,0.5974469089765877,0.358715993372401,0.2776507623760774,0.9801418169276188,0.14091906568091195,0.988296488946684,0.7720469167667663,0.7447564014587442,0.6938885637231541,0.2382546768707482,1.0,572.9032258064516,16,"{""bootstrap_stability"": true, ""compression"": true, ""geometry_dominance"": true, ""heldout_r2"": true, ""identity_destroyer"": true, ""model_consistency_nrmse"": true, ""model_consistency_r2"": true, ""pooled_destroyer"": true, ""step_transfer"": true, ""support_safe"": true, ""test_support"": true, ""train_support"": true}"
42,5,real,NUB_minus,candidate,False,context_affine,"omega_NUB_minus: State(x,y) -> State(x + -0.29826539*e_1, (0.024374406)*y + (-0.25016278) + (-4.287398)*x0 + (1.0330601)*x1 + (-0.34974133)*x2 + (-2.7705602)*x3)",1636,370,-0.2982653856490767,0.5400262471199544,0.678213648402954,0.22273442665488485,0.01965451582334821,0.9768491789934438,0.15215393851805548,0.9908972691807543,0.7718276859850464,0.7412462340452375,0.7005124778227323,0.218188283977757,1.0,633.2903225806451,16,"{""bootstrap_stability"": true, ""compression"": true, ""geometry_dominance"": true, ""heldout_r2"": true, ""identity_destroyer"": true, ""model_consistency_nrmse"": true, ""model_consistency_r2"": true, ""pooled_destroyer"": false, ""step_transfer"": true, ""support_safe"": true, ""test_support"": true, ""train_support"": true}"
42,5,real,NUB_plus,candidate,False,context_affine,"omega_NUB_plus: State(x,y) -> State(x + 0.30159209*e_1, (0.04411981)*y + (0.38529833) + (-4.2379262)*x0 + (1.0576862)*x1 + (-0.31542802)*x2 + (-2.7364929)*x3)",1605,379,0.3015920880300713,0.602547124340213,0.6304386375054968,0.27287365313025524,0.0018790800987601138,0.9799072504344024,0.14174889617064973,0.9856957087126138,0.7758881718592001,0.7428323315743939,0.6919726516490459,0.21469450394858852,1.0,621.2903225806451,16,"{""bootstrap_stability"": true, ""compression"": true, ""geometry_dominance"": true, ""heldout_r2"": true, ""identity_destroyer"": true, ""model_consistency_nrmse"": true, ""model_consistency_r2"": true, ""pooled_destroyer"": false, ""step_transfer"": true, ""support_safe"": true, ""test_support"": true, ""train_support"": true}"
42,5,real,CRACK_minus,candidate,False,context_affine,"omega_CRACK_minus: State(x,y) -> State(x + -0.29721775*e_2, (-0.0068349022)*y + (0.071115884) + (-4.2757481)*x0 + (1.018289)*x1 + (-0.34276201)*x2 + (-2.8157394)*x3)",1569,348,-0.2972177545567295,0.5712489808119376,0.654790820940598,0.23608889248588813,-0.0014636146237785156,0.9679022397189676,0.17915847811653338,0.9908972691807543,0.7725315571741078,0.7441452370245479,0.6979899712588158,0.2579531072355581,1.0,607.3548387096774,16,"{""bootstrap_stability"": true, ""compression"": true, ""geometry_dominance"": true, ""heldout_r2"": true, ""identity_destroyer"": true, ""model_consistency_nrmse"": true, ""model_consistency_r2"": true, ""pooled_destroyer"": false, ""step_transfer"": true, ""support_safe"": true, ""test_support"": true, ""train_support"": true}"
42,5,real,CRACK_plus,candidate,False,context_affine,"omega_CRACK_plus: State(x,y) -> State(x + 0.2978617*e_2, (-0.024765277)*y + (-0.020871621) + (-4.4335213)*x0 + (1.1339355)*x1 + (-0.37326196)*x2 + (-2.8069073)*x3)",1587,353,0.29786170404318796,0.5630356991424695,0.6610327532411162,0.21510775398407614,0.0037172285106681136,0.9710997198605555,0.17000082393754587,0.9908972691807543,0.7763727375868301,0.7447903073431412,0.692513919328901,0.27920715784066086,1.0,614.3225806451613,16,"{""bootstrap_stability"": true, ""compression"": true, ""geometry_dominance"": true, ""heldout_r2"": true, ""identity_destroyer"": true, ""model_consistency_nrmse"": true, ""model_consistency_r2"": true, ""pooled_destroyer"": false, ""step_transfer"": true, ""support_safe"": true, ""test_support"": true, ""train_support"": true}"
42,5,real,WEIGHT_minus,promoted,True,context_affine,"omega_WEIGHT_minus: State(x,y) -> State(x + -0.29272615*e_3, (0.036960804)*y + (0.91294911) + (-4.33559)*x0 + (1.0361715)*x1 + (-0.36606817)*x2 + (-2.9067139)*x3)",1476,325,-0.2927261547439025,0.6485823761215945,0.5928048784198772,0.3350189340328264,0.11486431272698587,0.9760242542621761,0.15484103376632413,0.9895968790637191,0.7667663419543133,0.7417379678863816,0.6983969685792266,0.2356952874582291,1.0,571.3548387096774,16,"{""bootstrap_stability"": true, ""compression"": true, ""geometry_dominance"": true, ""heldout_r2"": true, ""identity_destroyer"": true, ""model_consistency_nrmse"": true, ""model_consistency_r2"": true, ""pooled_destroyer"": true, ""step_transfer"": true, ""support_safe"": true, ""test_support"": true, ""train_support"": true}"
42,5,real,WEIGHT_plus,promoted,True,context_affine,"omega_WEIGHT_plus: State(x,y) -> State(x + 0.29299067*e_3, (0.022768016)*y + (-0.85461904) + (-4.5983857)*x0 + (0.97927742)*x1 + (-0.29396069)*x2 + (-3.1226534)*x3)",1479,304,0.29299067234264475,0.5945699556307802,0.6367338881897364,0.28788709017548886,0.12241241427484367,0.9808088595689296,0.13853209170105826,0.988296488946684,0.7664862197721215,0.7400847770234787,0.6979641073177649,0.20303210970104793,1.0,572.516129032258,16,"{""bootstrap_stability"": true, ""compression"": true, ""geometry_dominance"": true, ""heldout_r2"": true, ""identity_destroyer"": true, ""model_consistency_nrmse"": true, ""model_consistency_r2"": true, ""pooled_destroyer"": true, ""step_transfer"": true, ""support_safe"": true, ""test_support"": true, ""train_support"": true}"
42,5,pair_shuffle,RIDGE_minus,rejected,False,affine_y,"omega_RIDGE_minus: State(x,y) -> State(x + -0.29490389*e_0, (0.0022565095)*y + (0.77521363))",1496,340,-0.294903889167831,-0.014326632862051714,1.0071378420365564,0.3649746980947143,0.0032299362136394847,-0.047528412549411536,1.0234883548675149,0.9869960988296489,0.766922090331162,0.7505917253453732,0.6938353087447843,0.2464715732397737,1.0,854.8571428571429,16,"{""bootstrap_stability"": true, ""compression"": true, ""geometry_dominance"": true, ""heldout_r2"": false, ""identity_destroyer"": true, ""model_consistency_nrmse"": false, ""model_consistency_r2"": false, ""pooled_destroyer"": false, ""step_transfer"": true, ""support_safe"": true, ""test_support"": true, ""train_support"": true}"
42,5,pair_shuffle,RIDGE_plus,rejected,False,affine_y,"omega_RIDGE_plus: State(x,y) -> State(x + 0.29497443*e_0, (0.0085739541)*y + (-0.66984562))",1480,309,0.2949744347118469,-0.027380733009046088,1.0135979148602499,0.3405226655886877,0.057608534348289206,-0.11400593699106687,1.0554647966611992,0.988296488946684,0.7720469167667663,0.7447564014587442,0.6938885637231541,0.2382546768707482,1.0,845.7142857142857,16,"{""bootstrap_stability"": true, ""compression"": true, ""geometry_dominance"": true, ""heldout_r2"": false, ""identity_destroyer"": true, ""model_consistency_nrmse"": false, ""model_consistency_r2"": false, ""pooled_destroyer"": true, ""step_transfer"": true, ""support_safe"": true, ""test_support"": true, ""train_support"": true}"
42,5,pair_shuffle,NUB_minus,rejected,False,affine_y,"omega_NUB_minus: State(x,y) -> State(x + -0.29826539*e_1, (0.054136307)*y + (-0.082598256))",1636,370,-0.2982653856490767,-0.018387898699019356,1.0091520691645137,0.2925953512204549,0.0039777571001964876,0.08853492071809954,0.9547068027839231,0.9908972691807543,0.7718276859850464,0.7412462340452375,0.7005124778227323,0.218188283977757,1.0,934.8571428571429,16,"{""bootstrap_stability"": true, ""compression"": true, ""geometry_dominance"": true, ""heldout_r2"": false, ""identity_destroyer"": true, ""model_consistency_nrmse"": false, ""model_consistency_r2"": false, ""pooled_destroyer"": false, ""step_transfer"": true, ""support_safe"": true, ""test_support"": true, ""train_support"": true}"
42,5,pair_shuffle,NUB_plus,rejected,False,affine_y,"omega_NUB_plus: State(x,y) -> State(x + 0.30159209*e_1, (0.033638418)*y + (0.23969808))",1605,379,0.3015920880300713,-0.017370978150900163,1.0086480943078713,0.2669077176954308,-0.002917746198800662,0.06577041749960255,0.9665555247891336,0.9856957087126138,0.7758881718592001,0.7428323315743939,0.6919726516490459,0.21469450394858852,1.0,917.1428571428571,16,"{""bootstrap_stability"": true, ""compression"": true, ""geometry_dominance"": true, ""heldout_r2"": false, ""identity_destroyer"": true, ""model_consistency_nrmse"": false, ""model_consistency_r2"": false, ""pooled_destroyer"": false, ""step_transfer"": true, ""support_safe"": true, ""test_support"": true, ""train_support"": true}"
42,5,pair_shuffle,CRACK_minus,rejected,False,affine_y,"omega_CRACK_minus: State(x,y) -> State(x + -0.29721775*e_2, (-0.029953647)*y + (3.4088223e-05))",1569,348,-0.2972177545567295,-0.02564159662550769,1.012739648984628,0.3078096284118424,0.000799985542060023,-0.06136988942960819,1.0302280764129894,0.9908972691807543,0.7725315571741078,0.7441452370245479,0.6979899712588158,0.2579531072355581,1.0,896.5714285714286,16,"{""bootstrap_stability"": true, ""compression"": true, ""geometry_dominance"": true, ""heldout_r2"": false, ""identity_destroyer"": true, ""model_consistency_nrmse"": false, ""model_consistency_r2"": false, ""pooled_destroyer"": false, ""step_transfer"": true, ""support_safe"": true, ""test_support"": true, ""train_support"": true}"
42,5,pair_shuffle,CRACK_plus,rejected,False,affine_y,"omega_CRACK_plus: State(x,y) -> State(x + 0.2978617*e_2, (-0.0065109943)*y + (-0.0034277032))",1587,353,0.29786170404318796,-0.022983570072991233,1.0114265025561626,0.32712403664360057,0.0009240046055568872,-0.018228369753369833,1.0090730249854911,0.9908972691807543,0.7763727375868301,0.7447903073431412,0.692513919328901,0.27920715784066086,1.0,906.8571428571429,16,"{""bootstrap_stability"": true, ""compression"": true, ""geometry_dominance"": true, ""heldout_r2"": false, ""identity_destroyer"": true, ""model_consistency_nrmse"": false, ""model_consistency_r2"": false, ""pooled_destroyer"": false, ""step_transfer"": true, ""support_safe"": true, ""test_support"": true, ""train_support"": true}"
42,5,pair_shuffle,WEIGHT_minus,rejected,False,affine_y,"omega_WEIGHT_minus: State(x,y) -> State(x + -0.29272615*e_3, (0.021387529)*y + (0.43103857))",1476,325,-0.2927261547439025,-0.001718369132951869,1.0008588157842004,0.2775096364826757,0.002275155143718793,0.0036938773271887326,0.9981513525877784,0.9895968790637191,0.7667663419543133,0.7417379678863816,0.6983969685792266,0.2356952874582291,1.0,843.4285714285714,16,"{""bootstrap_stability"": true, ""compression"": true, ""geometry_dominance"": true, ""heldout_r2"": false, ""identity_destroyer"": true, ""model_consistency_nrmse"": false, ""model_consistency_r2"": false, ""pooled_destroyer"": false, ""step_transfer"": true, ""support_safe"": true, ""test_support"": true, ""train_support"": true}"
42,5,pair_shuffle,WEIGHT_plus,rejected,False,affine_y,"omega_WEIGHT_plus: State(x,y) -> State(x + 0.29299067*e_3, (0.034894755)*y + (-0.53616669))",1479,304,0.29299067234264475,-0.004427932754657249,1.0022115209648397,0.2869287606202795,0.03764344222144968,0.008344141659114235,0.9958191895825695,0.988296488946684,0.7664862197721215,0.7400847770234787,0.6979641073177649,0.20303210970104793,1.0,845.1428571428571,16,"{""bootstrap_stability"": true, ""compression"": true, ""geometry_dominance"": true, ""heldout_r2"": false, ""identity_destroyer"": true, ""model_consistency_nrmse"": false, ""model_consistency_r2"": false, ""pooled_destroyer"": true, ""step_transfer"": true, ""support_safe"": true, ""test_support"": true, ""train_support"": true}"
42,5,target_shuffle,RIDGE_minus,rejected,False,affine_y,"omega_RIDGE_minus: State(x,y) -> State(x + -0.29490389*e_0, (0.0022902603)*y + (0.02305161))",1496,340,-0.294903889167831,-0.052533375513882596,1.0259304925353778,0.2846937166175503,0.00011329723724689683,-0.45353946476433293,1.2056282448434645,0.9869960988296489,0.766922090331162,0.7505917253453732,0.6938353087447843,0.2464715732397737,1.0,854.8571428571429,16,"{""bootstrap_stability"": true, ""compression"": true, ""geometry_dominance"": true, ""heldout_r2"": false, ""identity_destroyer"": true, ""model_consistency_nrmse"": false, ""model_consistency_r2"": false, ""pooled_destroyer"": false, ""step_transfer"": true, ""support_safe"": true, ""test_support"": true, ""train_support"": true}"
42,5,target_shuffle,RIDGE_plus,rejected,False,identity,"omega_RIDGE_plus: State(x,y) -> State(x + 0.29497443*e_0, y)",1480,309,0.2949744347118469,-0.8849231566267848,1.372925036783431,0.0,-0.37030192883704477,0.963773886530654,0.19033158820686075,0.988296488946684,0.7720469167667663,0.7447564014587442,0.6938885637231541,0.2382546768707482,1.0,1366.1538461538462,16,"{""bootstrap_stability"": true, ""compression"": true, ""geometry_dominance"": true, ""heldout_r2"": false, ""identity_destroyer"": false, ""model_consistency_nrmse"": true, ""model_consistency_r2"": true, ""pooled_destroyer"": false, ""step_transfer"": true, ""support_safe"": true, ""test_support"": true, ""train_support"": true}"
42,5,target_shuffle,NUB_minus,rejected,False,affine_y,"omega_NUB_minus: State(x,y) -> State(x + -0.29826539*e_1, (0.021799643)*y + (0.04811976))",1636,370,-0.2982653856490767,-0.01976756138748237,1.009835413019113,0.26124882037188935,0.0003250655696771762,-0.03367434354255194,1.0166977641081698,0.9908972691807543,0.7718276859850464,0.7412462340452375,0.7005124778227323,0.218188283977757,1.0,934.8571428571429,16,"{""bootstrap_stability"": true, ""compression"": true, ""geometry_dominance"": true, ""heldout_r2"": false, ""identity_destroyer"": true, ""model_consistency_nrmse"": false, ""model_consistency_r2"": false, ""pooled_destroyer"": false, ""step_transfer"": true, ""support_safe"": true, ""test_support"": true, ""train_support"": true}"
42,5,target_shuffle,NUB_plus,rejected,False,affine_y,"omega_NUB_plus: State(x,y) -> State(x + 0.30159209*e_1, (0.0040246985)*y + (0.10100884))",1605,379,0.3015920880300713,-0.029724345605437463,1.0147533422489612,0.25975774757188513,-0.0037472003776272624,-0.9843349278565297,1.4086642353153322,0.9856957087126138,0.7758881718592001,0.7428323315743939,0.6919726516490459,0.21469450394858852,1.0,917.1428571428571,16,"{""bootstrap_stability"": true, ""compression"": true, ""geometry_dominance"": true, ""heldout_r2"": false, ""identity_destroyer"": true, ""model_consistency_nrmse"": false, ""model_consistency_r2"": false, ""pooled_destroyer"": false, ""step_transfer"": true, ""support_safe"": true, ""test_support"": true, ""train_support"": true}"
42,5,target_shuffle,CRACK_minus,rejected,False,identity,"omega_CRACK_minus: State(x,y) -> State(x + -0.29721775*e_2, y)",1569,348,-0.2972177545567295,-0.9929428855815574,1.4117162907544694,0.0,-0.40385606471839447,0.9998698034861998,0.011410368696942631,0.9908972691807543,0.7725315571741078,0.7441452370245479,0.6979899712588158,0.2579531072355581,1.0,1448.3076923076924,16,"{""bootstrap_stability"": true, ""compression"": true, ""geometry_dominance"": true, ""heldout_r2"": false, ""identity_destroyer"": false, ""model_consistency_nrmse"": true, ""model_consistency_r2"": true, ""pooled_destroyer"": false, ""step_transfer"": true, ""support_safe"": true, ""test_support"": true, ""train_support"": true}"
42,5,target_shuffle,CRACK_plus,rejected,False,identity,"omega_CRACK_plus: State(x,y) -> State(x + 0.2978617*e_2, y)",1587,353,0.29786170404318796,-0.9794394006789728,1.40692551355037,0.0,-0.40279924997656735,0.9998718618396643,0.011319812734127832,0.9908972691807543,0.7763727375868301,0.7447903073431412,0.692513919328901,0.27920715784066086,1.0,1464.923076923077,16,"{""bootstrap_stability"": true, ""compression"": true, ""geometry_dominance"": true, ""heldout_r2"": false, ""identity_destroyer"": false, ""model_consistency_nrmse"": true, ""model_consistency_r2"": true, ""pooled_destroyer"": false, ""step_transfer"": true, ""support_safe"": true, ""test_support"": true, ""train_support"": true}"
42,5,target_shuffle,WEIGHT_minus,rejected,False,affine_y,"omega_WEIGHT_minus: State(x,y) -> State(x + -0.29272615*e_3, (0.025300983)*y + (0.030834983))",1476,325,-0.2927261547439025,-0.016714345139350106,1.0083225402317209,0.29252073454424354,0.0005719133850631756,-0.07902918909970391,1.0387632979171455,0.9895968790637191,0.7667663419543133,0.7417379678863816,0.6983969685792266,0.2356952874582291,1.0,843.4285714285714,16,"{""bootstrap_stability"": true, ""compression"": true, ""geometry_dominance"": true, ""heldout_r2"": false, ""identity_destroyer"": true, ""model_consistency_nrmse"": false, ""model_consistency_r2"": false, ""pooled_destroyer"": false, ""step_transfer"": true, ""support_safe"": true, ""test_support"": true, ""train_support"": true}"
42,5,target_shuffle,WEIGHT_plus,rejected,False,affine_y,"omega_WEIGHT_plus: State(x,y) -> State(x + 0.29299067*e_3, (0.037593911)*y + (0.025855496))",1479,304,0.29299067234264475,0.0009204175774900625,0.999539685266428,0.26729094222163213,0.0003243916522860906,-0.08541881283354469,1.0418343499969391,0.988296488946684,0.7664862197721215,0.7400847770234787,0.6979641073177649,0.20303210970104793,1.0,845.1428571428571,16,"{""bootstrap_stability"": true, ""compression"": true, ""geometry_dominance"": true, ""heldout_r2"": false, ""identity_destroyer"": true, ""model_consistency_nrmse"": false, ""model_consistency_r2"": false, ""pooled_destroyer"": false, ""step_transfer"": true, ""support_safe"": true, ""test_support"": true, ""train_support"": true}"
9001,1,real,RIDGE_minus,promoted,True,context_affine,"omega_RIDGE_minus: State(x,y) -> State(x + -0.29603745*e_0, (0.053864039)*y + (1.2974837) + (-4.4788895)*x0 + (1.1024242)*x1 + (-0.33626292)*x2 + (-2.9159505)*x3)",1481,313,-0.29603744621857414,0.5624717893790441,0.6614591526473542,0.3948039510872233,0.2354829159230614,0.9820842790189499,0.13384962077290355,0.987012987012987,0.770086411133526,0.741815783427526,0.7023832134155606,0.18662396976219253,1.0,573.2903225806451,16,"{""bootstrap_stability"": true, ""compression"": true, ""geometry_dominance"": true, ""heldout_r2"": true, ""identity_destroyer"": true, ""model_consistency_nrmse"": true, ""model_consistency_r2"": true, ""pooled_destroyer"": true, ""step_transfer"": true, ""support_safe"": true, ""test_support"": true, ""train_support"": true}"
9001,1,real,RIDGE_plus,promoted,True,context_affine,"omega_RIDGE_plus: State(x,y) -> State(x + 0.29404822*e_0, (0.054869854)*y + (-1.3632367) + (-4.3549669)*x0 + (1.1799159)*x1 + (-0.39337845)*x2 + (-2.8223402)*x3)",1501,328,0.29404821879897325,0.584489983973647,0.6446006639977598,0.41235060699032633,0.28608362265192644,0.9810176269208801,0.13777653312200838,0.9883116883116884,0.7683554458884455,0.7438008103539675,0.6959647983915118,0.20244701654246638,1.0,581.0322580645161,16,"{""bootstrap_stability"": true, ""compression"": true, ""geometry_dominance"": true, ""heldout_r2"": true, ""identity_destroyer"": true, ""model_consistency_nrmse"": true, ""model_consistency_r2"": true, ""pooled_destroyer"": true, ""step_transfer"": true, ""support_safe"": true, ""test_support"": true, ""train_support"": true}"
9001,1,real,NUB_minus,promoted,True,context_affine,"omega_NUB_minus: State(x,y) -> State(x + -0.29452059*e_1, (0.011392561)*y + (-0.24770778) + (-4.3577543)*x0 + (1.134109)*x1 + (-0.36314801)*x2 + (-2.8301892)*x3)",1630,363,-0.2945205925631663,0.45522828348636746,0.7380865237312171,0.2094811246737147,0.0246816121490659,0.9810968007769221,0.13748890581817122,0.987012987012987,0.7697928895206219,0.7548019714916824,0.68442156029219,0.20910823421173677,1.0,630.9677419354839,16,"{""bootstrap_stability"": true, ""compression"": true, ""geometry_dominance"": true, ""heldout_r2"": true, ""identity_destroyer"": true, ""model_consistency_nrmse"": true, ""model_consistency_r2"": true, ""pooled_destroyer"": true, ""step_transfer"": true, ""support_safe"": true, ""test_support"": true, ""train_support"": true}"
9001,1,real,NUB_plus,promoted,True,context_affine,"omega_NUB_plus: State(x,y) -> State(x + 0.29421092*e_1, (0.016161615)*y + (0.31734423) + (-4.2556512)*x0 + (1.1057034)*x1 + (-0.40895166)*x2 + (-2.6769447)*x3)",1644,380,0.2942109172341918,0.5669154406220448,0.6580916040931956,0.2738427788351991,0.024940778081438776,0.9760458544968784,0.1547712683385441,0.987012987012987,0.7680440460783549,0.7531405774892828,0.6835447955725583,0.18327741595947525,1.0,636.3870967741935,16,"{""bootstrap_stability"": true, ""compression"": true, ""geometry_dominance"": true, ""heldout_r2"": true, ""identity_destroyer"": true, ""model_consistency_nrmse"": true, ""model_consistency_r2"": true, ""pooled_destroyer"": true, ""step_transfer"": true, ""support_safe"": true, ""test_support"": true, ""train_support"": true}"
9001,1,real,CRACK_minus,candidate,False,context_affine,"omega_CRACK_minus: State(x,y) -> State(x + -0.30036921*e_2, (0.012687858)*y + (0.081636102) + (-4.2460588)*x0 + (1.0578598)*x1 + (-0.38786442)*x2 + (-2.7398471)*x3)",1634,345,-0.3003692066674545,0.5585121856902662,0.6644454938591531,0.24073527061216327,0.0050974178380045945,0.9757971690167309,0.15557259071979593,0.9883116883116884,0.7727573804683354,0.7481478411279003,0.6927751536358299,0.16235026151510043,1.0,632.516129032258,16,"{""bootstrap_stability"": true, ""compression"": true, ""geometry_dominance"": true, ""heldout_r2"": true, ""identity_destroyer"": true, ""model_consistency_nrmse"": true, ""model_consistency_r2"": true, ""pooled_destroyer"": false, ""step_transfer"": true, ""support_safe"": true, ""test_support"": true, ""train_support"": true}"
9001,1,real,CRACK_plus,candidate,False,context_affine,"omega_CRACK_plus: State(x,y) -> State(x + 0.29879819*e_2, (0.028189796)*y + (-0.079311175) + (-4.2087977)*x0 + (1.079839)*x1 + (-0.28875864)*x2 + (-2.676105)*x3)",1587,354,0.298798185002752,0.5295688836659925,0.685879811872319,0.23188107240783334,-0.001723940792100411,0.9761163810070411,0.15454325929317927,0.9844155844155844,0.7730399030545841,0.7378045290219698,0.703218212180913,0.1862279511533242,1.0,614.3225806451613,16,"{""bootstrap_stability"": true, ""compression"": true, ""geometry_dominance"": true, ""heldout_r2"": true, ""identity_destroyer"": true, ""model_consistency_nrmse"": true, ""model_consistency_r2"": true, ""pooled_destroyer"": false, ""step_transfer"": true, ""support_safe"": true, ""test_support"": true, ""train_support"": true}"
9001,1,real,WEIGHT_minus,promoted,True,context_affine,"omega_WEIGHT_minus: State(x,y) -> State(x + -0.29525604*e_3, (0.038980387)*y + (0.89267816) + (-4.274727)*x0 + (1.0765183)*x1 + (-0.33655644)*x2 + (-2.8055877)*x3)",1477,320,-0.29525603602734934,0.5651647518882953,0.6594203880012391,0.3042272024261008,0.10807048142505084,0.9786499653844903,0.14611651041381202,0.9857142857142858,0.7640176382683814,0.7458746807115905,0.69142503694679,0.23886273392866098,1.0,571.741935483871,16,"{""bootstrap_stability"": true, ""compression"": true, ""geometry_dominance"": true, ""heldout_r2"": true, ""identity_destroyer"": true, ""model_consistency_nrmse"": true, ""model_consistency_r2"": true, ""pooled_destroyer"": true, ""step_transfer"": true, ""support_safe"": true, ""test_support"": true, ""train_support"": true}"
9001,1,real,WEIGHT_plus,promoted,True,context_affine,"omega_WEIGHT_plus: State(x,y) -> State(x + 0.29397483*e_3, (0.0048511781)*y + (-0.85598434) + (-4.6026738)*x0 + (1.0777212)*x1 + (-0.40490098)*x2 + (-3.0199167)*x3)",1477,317,0.29397483051641604,0.5856020330624215,0.643737498470905,0.3052670956347631,0.13899063223236266,0.9807658178167257,0.13868735408563518,0.9896103896103896,0.765326310775047,0.7349606075261355,0.7042031767183314,0.21505014471293019,1.0,571.741935483871,16,"{""bootstrap_stability"": true, ""compression"": true, ""geometry_dominance"": true, ""heldout_r2"": true, ""identity_destroyer"": true, ""model_consistency_nrmse"": true, ""model_consistency_r2"": true, ""pooled_destroyer"": true, ""step_transfer"": true, ""support_safe"": true, ""test_support"": true, ""train_support"": true}"
9001,1,pair_shuffle,RIDGE_minus,rejected,False,affine_y,"omega_RIDGE_minus: State(x,y) -> State(x + -0.29603745*e_0, (0.017586226)*y + (0.59855809))",1481,313,-0.29603744621857414,-0.0007678502886536709,1.00038385147335,0.351910947167687,0.03247768450263565,-0.10574341083396521,1.0515433471017563,0.987012987012987,0.770086411133526,0.741815783427526,0.7023832134155606,0.18662396976219253,1.0,846.2857142857143,16,"{""bootstrap_stability"": true, ""compression"": true, ""geometry_dominance"": true, ""heldout_r2"": false, ""identity_destroyer"": true, ""model_consistency_nrmse"": false, ""model_consistency_r2"": false, ""pooled_destroyer"": true, ""step_transfer"": true, ""support_safe"": true, ""test_support"": true, ""train_support"": true}"
9001,1,pair_shuffle,RIDGE_plus,rejected,False,affine_y,"omega_RIDGE_plus: State(x,y) -> State(x + 0.29404822*e_0, (0.0082114957)*y + (-0.66790936))",1501,328,0.29404821879897325,-0.03901770014068595,1.0193221768119665,0.40540090592144445,0.0597594117128549,-0.07182363371837353,1.03528915464153,0.9883116883116884,0.7683554458884455,0.7438008103539675,0.6959647983915118,0.20244701654246638,1.0,857.7142857142857,16,"{""bootstrap_stability"": true, ""compression"": true, ""geometry_dominance"": true, ""heldout_r2"": false, ""identity_destroyer"": true, ""model_consistency_nrmse"": false, ""model_consistency_r2"": false, ""pooled_destroyer"": true, ""step_transfer"": true, ""support_safe"": true, ""test_support"": true, ""train_support"": true}"
9001,1,pair_shuffle,NUB_minus,rejected,False,affine_y,"omega_NUB_minus: State(x,y) -> State(x + -0.29452059*e_1, (-0.034952505)*y + (-0.067227028))",1630,363,-0.2945205925631663,-0.014239950317388672,1.0070948070154013,0.3248380303681919,0.0021893122910322024,-0.07548975239622013,1.0370582203503427,0.987012987012987,0.7697928895206219,0.7548019714916824,0.68442156029219,0.20910823421173677,1.0,931.4285714285714,16,"{""bootstrap_stability"": true, ""compression"": true, ""geometry_dominance"": true, ""heldout_r2"": false, ""identity_destroyer"": true, ""model_consistency_nrmse"": false, ""model_consistency_r2"": false, ""pooled_destroyer"": false, ""step_transfer"": true, ""support_safe"": true, ""test_support"": true, ""train_support"": true}"
9001,1,pair_shuffle,NUB_plus,rejected,False,affine_y,"omega_NUB_plus: State(x,y) -> State(x + 0.29421092*e_1, (0.0042402612)*y + (0.11597581))",1644,380,0.2942109172341918,-0.0009617300877893253,1.0004807494838615,0.330979963978712,0.0004974196924205912,-0.0016587375329408793,1.0008290251251415,0.987012987012987,0.7680440460783549,0.7531405774892828,0.6835447955725583,0.18327741595947525,1.0,939.4285714285714,16,"{""bootstrap_stability"": true, ""compression"": true, ""geometry_dominance"": true, ""heldout_r2"": false, ""identity_destroyer"": true, ""model_consistency_nrmse"": false, ""model_consistency_r2"": false, ""pooled_destroyer"": false, ""step_transfer"": true, ""support_safe"": true, ""test_support"": true, ""train_support"": true}"
9001,1,pair_shuffle,CRACK_minus,rejected,False,affine_y,"omega_CRACK_minus: State(x,y) -> State(x + -0.30036921*e_2, (-0.024262396)*y + (-0.036124015))",1634,345,-0.3003692066674545,0.005435921934619392,0.9972783353033298,0.36118847148667355,0.0007997591541319373,-0.0537210434401969,1.0265091540946905,0.9883116883116884,0.7727573804683354,0.7481478411279003,0.6927751536358299,0.16235026151510043,1.0,933.7142857142857,16,"{""bootstrap_stability"": true, ""compression"": true, ""geometry_dominance"": true, ""heldout_r2"": false, ""identity_destroyer"": true, ""model_consistency_nrmse"": false, ""model_consistency_r2"": false, ""pooled_destroyer"": false, ""step_transfer"": true, ""support_safe"": true, ""test_support"": true, ""train_support"": true}"
9001,1,pair_shuffle,CRACK_plus,rejected,False,affine_y,"omega_CRACK_plus: State(x,y) -> State(x + 0.29879819*e_2, (0.021930535)*y + (-0.079226807))",1587,354,0.298798185002752,-0.004727139596071961,1.0023607831494965,0.33095023883923874,-0.00328531133376008,0.04253339330827188,0.9785022262068329,0.9844155844155844,0.7730399030545841,0.7378045290219698,0.703218212180913,0.1862279511533242,0.95,906.8571428571429,16,"{""bootstrap_stability"": true, ""compression"": true, ""geometry_dominance"": true, ""heldout_r2"": false, ""identity_destroyer"": true, ""model_consistency_nrmse"": false, ""model_consistency_r2"": false, ""pooled_destroyer"": false, ""step_transfer"": true, ""support_safe"": true, ""test_support"": true, ""train_support"": true}"
9001,1,pair_shuffle,WEIGHT_minus,rejected,False,affine_y,"omega_WEIGHT_minus: State(x,y) -> State(x + -0.29525604*e_3, (-0.034349064)*y + (0.39199123))",1477,320,-0.29525603602734934,-0.0036112111981663197,1.0018039784299952,0.30413871014371097,0.0159753237647309,-0.14699790340008545,1.0709798800164667,0.9857142857142858,0.7640176382683814,0.7458746807115905,0.69142503694679,0.23886273392866098,1.0,844.0,16,"{""bootstrap_stability"": true, ""compression"": true, ""geometry_dominance"": true, ""heldout_r2"": false, ""identity_destroyer"": true, ""model_consistency_nrmse"": false, ""model_consistency_r2"": false, ""pooled_destroyer"": false, ""step_transfer"": true, ""support_safe"": true, ""test_support"": true, ""train_support"": true}"
9001,1,pair_shuffle,WEIGHT_plus,rejected,False,affine_y,"omega_WEIGHT_plus: State(x,y) -> State(x + 0.29397483*e_3, (-0.0058867753)*y + (-0.53891834))",1477,317,0.29397483051641604,-0.016914781609912444,1.0084219263829561,0.2940276434817493,0.03586358917492007,-0.04296398824212888,1.0212560835765576,0.9896103896103896,0.765326310775047,0.7349606075261355,0.7042031767183314,0.21505014471293019,1.0,844.0,16,"{""bootstrap_stability"": true, ""compression"": true, ""geometry_dominance"": true, ""heldout_r2"": false, ""identity_destroyer"": true, ""model_consistency_nrmse"": false, ""model_consistency_r2"": false, ""pooled_destroyer"": true, ""step_transfer"": true, ""support_safe"": true, ""test_support"": true, ""train_support"": true}"
9001,1,target_shuffle,RIDGE_minus,rejected,False,identity,"omega_RIDGE_minus: State(x,y) -> State(x + -0.29603745*e_0, y)",1481,313,-0.29603744621857414,-1.014811770598548,1.4194406541305444,0.0,-0.4157276852365785,0.9988804789249064,0.033459244986904044,0.987012987012987,0.770086411133526,0.741815783427526,0.7023832134155606,0.18662396976219253,1.0,1367.076923076923,16,"{""bootstrap_stability"": true, ""compression"": true, ""geometry_dominance"": true, ""heldout_r2"": false, ""identity_destroyer"": false, ""model_consistency_nrmse"": true, ""model_consistency_r2"": true, ""pooled_destroyer"": false, ""step_transfer"": true, ""support_safe"": true, ""test_support"": true, ""train_support"": true}"
9001,1,target_shuffle,RIDGE_plus,rejected,False,affine_y,"omega_RIDGE_plus: State(x,y) -> State(x + 0.29404822*e_0, (-0.0048160566)*y + (0.0090998458))",1501,328,0.29404821879897325,-0.0013073204719371567,1.0006534467396477,0.305359606395296,-0.0005588729922545886,-0.18239206212962422,1.0873785275283048,0.9883116883116884,0.7683554458884455,0.7438008103539675,0.6959647983915118,0.20244701654246638,1.0,857.7142857142857,16,"{""bootstrap_stability"": true, ""compression"": true, ""geometry_dominance"": true, ""heldout_r2"": false, ""identity_destroyer"": true, ""model_consistency_nrmse"": false, ""model_consistency_r2"": false, ""pooled_destroyer"": false, ""step_transfer"": true, ""support_safe"": true, ""test_support"": true, ""train_support"": true}"
9001,1,target_shuffle,NUB_minus,rejected,False,affine_y,"omega_NUB_minus: State(x,y) -> State(x + -0.29452059*e_1, (-0.032534474)*y + (-0.055771764))",1630,363,-0.2945205925631663,-0.0033209911139597814,1.001659119218689,0.3086406693527731,-0.0006736454468253199,-1.0504852313267206,1.4319515464312054,0.987012987012987,0.7697928895206219,0.7548019714916824,0.68442156029219,0.20910823421173677,1.0,931.4285714285714,16,"{""bootstrap_stability"": true, ""compression"": true, ""geometry_dominance"": true, ""heldout_r2"": false, ""identity_destroyer"": true, ""model_consistency_nrmse"": false, ""model_consistency_r2"": false, ""pooled_destroyer"": false, ""step_transfer"": true, ""support_safe"": true, ""test_support"": true, ""train_support"": true}"
9001,1,target_shuffle,NUB_plus,rejected,False,affine_y,"omega_NUB_plus: State(x,y) -> State(x + 0.29421092*e_1, (-0.024089369)*y + (-0.023938469))",1644,380,0.2942109172341918,-0.0031676202784063356,1.0015825578944586,0.2555995082029718,-0.0009507242493873215,-0.048775856759347924,1.0240975816587732,0.987012987012987,0.7680440460783549,0.7531405774892828,0.6835447955725583,0.18327741595947525,1.0,939.4285714285714,16,"{""bootstrap_stability"": true, ""compression"": true, ""geometry_dominance"": true, ""heldout_r2"": false, ""identity_destroyer"": true, ""model_consistency_nrmse"": false, ""model_consistency_r2"": false, ""pooled_destroyer"": false, ""step_transfer"": true, ""support_safe"": true, ""test_support"": true, ""train_support"": true}"
9001,1,target_shuffle,CRACK_minus,rejected,False,affine_y,"omega_CRACK_minus: State(x,y) -> State(x + -0.30036921*e_2, (-0.028993591)*y + (-0.031663857))",1634,345,-0.3003692066674545,-0.008465213349973189,1.004223686909432,0.31041892499870927,0.00017851566748004053,-0.26497044803889946,1.124709050394323,0.9883116883116884,0.7727573804683354,0.7481478411279003,0.6927751536358299,0.16235026151510043,1.0,933.7142857142857,16,"{""bootstrap_stability"": true, ""compression"": true, ""geometry_dominance"": true, ""heldout_r2"": false, ""identity_destroyer"": true, ""model_consistency_nrmse"": false, ""model_consistency_r2"": false, ""pooled_destroyer"": false, ""step_transfer"": true, ""support_safe"": true, ""test_support"": true, ""train_support"": true}"
9001,1,target_shuffle,CRACK_plus,rejected,False,affine_y,"omega_CRACK_plus: State(x,y) -> State(x + 0.29879819*e_2, (0.00084373171)*y + (0.043711549))",1587,354,0.298798185002752,-0.00037037052631694323,1.0001851681195424,0.2751105762086555,-0.000577719399469775,-1.2890082571595012,1.5129468784988789,0.9844155844155844,0.7730399030545841,0.7378045290219698,0.703218212180913,0.1862279511533242,1.0,906.8571428571429,16,"{""bootstrap_stability"": true, ""compression"": true, ""geometry_dominance"": true, ""heldout_r2"": false, ""identity_destroyer"": true, ""model_consistency_nrmse"": false, ""model_consistency_r2"": false, ""pooled_destroyer"": false, ""step_transfer"": true, ""support_safe"": true, ""test_support"": true, ""train_support"": true}"
9001,1,target_shuffle,WEIGHT_minus,rejected,False,affine_y,"omega_WEIGHT_minus: State(x,y) -> State(x + -0.29525604*e_3, (-0.00022749025)*y + (-0.071252165))",1477,320,-0.29525603602734934,-0.004200725643313419,1.002098161680438,0.24091484225139312,0.0005653338750300525,-0.9047340120915686,1.380121013567857,0.9857142857142858,0.7640176382683814,0.7458746807115905,0.69142503694679,0.23886273392866098,1.0,844.0,16,"{""bootstrap_stability"": true, ""compression"": true, ""geometry_dominance"": true, ""heldout_r2"": false, ""identity_destroyer"": true, ""model_consistency_nrmse"": false, ""model_consistency_r2"": false, ""pooled_destroyer"": false, ""step_transfer"": true, ""support_safe"": true, ""test_support"": true, ""train_support"": true}"
9001,1,target_shuffle,WEIGHT_plus,rejected,False,affine_y,"omega_WEIGHT_plus: State(x,y) -> State(x + 0.29397483*e_3, (-0.010915815)*y + (0.0033814025))",1477,317,0.29397483051641604,-0.012490892186027835,1.0062260641555794,0.2481240506026268,0.0008923783928053346,-0.04940289238491591,1.0244036764795974,0.9896103896103896,0.765326310775047,0.7349606075261355,0.7042031767183314,0.21505014471293019,1.0,844.0,16,"{""bootstrap_stability"": true, ""compression"": true, ""geometry_dominance"": true, ""heldout_r2"": false, ""identity_destroyer"": true, ""model_consistency_nrmse"": false, ""model_consistency_r2"": false, ""pooled_destroyer"": false, ""step_transfer"": true, ""support_safe"": true, ""test_support"": true, ""train_support"": true}"
9001,2,real,RIDGE_minus,promoted,True,context_affine,"omega_RIDGE_minus: State(x,y) -> State(x + -0.29265171*e_0, (0.043674984)*y + (1.3336485) + (-4.701181)*x0 + (1.0633509)*x1 + (-0.33870972)*x2 + (-3.1318766)*x3)",1500,326,-0.29265171172051085,0.585221467654359,0.6440330211609037,0.36621056166996685,0.21030773694619948,0.9871985671442126,0.11314341720041615,0.9883116883116884,0.7718758907427349,0.7409403785081267,0.7080618498427476,0.20769477225396515,1.0,580.6451612903226,16,"{""bootstrap_stability"": true, ""compression"": true, ""geometry_dominance"": true, ""heldout_r2"": true, ""identity_destroyer"": true, ""model_consistency_nrmse"": true, ""model_consistency_r2"": true, ""pooled_destroyer"": true, ""step_transfer"": true, ""support_safe"": true, ""test_support"": true, ""train_support"": true}"
9001,2,real,RIDGE_plus,promoted,True,context_affine,"omega_RIDGE_plus: State(x,y) -> State(x + 0.29515207*e_0, (0.02578648)*y + (-1.4007427) + (-4.7402391)*x0 + (1.1038576)*x1 + (-0.25234119)*x2 + (-3.2135006)*x3)",1498,340,0.29515207343756567,0.6554489651909312,0.5869846972528916,0.39261447438432356,0.25576277014374144,0.9888987454438664,0.10536249122023283,0.9883116883116884,0.768956799117066,0.7395159451831816,0.7090103556112022,0.2168157992269808,1.0,579.8709677419355,16,"{""bootstrap_stability"": true, ""compression"": true, ""geometry_dominance"": true, ""heldout_r2"": true, ""identity_destroyer"": true, ""model_consistency_nrmse"": true, ""model_consistency_r2"": true, ""pooled_destroyer"": true, ""step_transfer"": true, ""support_safe"": true, ""test_support"": true, ""train_support"": true}"
9001,2,real,NUB_minus,candidate,False,context_affine,"omega_NUB_minus: State(x,y) -> State(x + -0.29478208*e_1, (0.0335386)*y + (-0.26438992) + (-4.4180717)*x0 + (1.0773431)*x1 + (-0.33291558)*x2 + (-2.8939592)*x3)",1637,363,-0.29478207531020006,0.5445547404945222,0.6748668457595749,0.2160480038046584,0.0073519608899013465,0.9849739869562736,0.1225806389432134,0.9883116883116884,0.7701938835783644,0.7380673199155247,0.6988487044937871,0.2098330725091295,1.0,633.6774193548387,16,"{""bootstrap_stability"": true, ""compression"": true, ""geometry_dominance"": true, ""heldout_r2"": true, ""identity_destroyer"": true, ""model_consistency_nrmse"": true, ""model_consistency_r2"": true, ""pooled_destroyer"": false, ""step_transfer"": true, ""support_safe"": true, ""test_support"": true, ""train_support"": true}"
9001,2,real,NUB_plus,promoted,True,context_affine,"omega_NUB_plus: State(x,y) -> State(x + 0.29505118*e_1, (0.021547516)*y + (0.31677588) + (-4.4166673)*x0 + (1.096627)*x1 + (-0.30329907)*x2 + (-2.9063962)*x3)",1609,370,0.29505117736121367,0.5492667665069992,0.671366690783063,0.2466928966123693,0.04078483882205314,0.9834188388438193,0.1287678576205283,0.9922077922077922,0.7724228502026534,0.736282889679679,0.7012214734661533,0.2201302931596096,1.0,622.8387096774194,16,"{""bootstrap_stability"": true, ""compression"": true, ""geometry_dominance"": true, ""heldout_r2"": true, ""identity_destroyer"": true, ""model_consistency_nrmse"": true, ""model_consistency_r2"": true, ""pooled_destroyer"": true, ""step_transfer"": true, ""support_safe"": true, ""test_support"": true, ""train_support"": true}"
9001,2,real,CRACK_minus,candidate,False,context_affine,"omega_CRACK_minus: State(x,y) -> State(x + -0.29782408*e_2, (0.00041884439)*y + (0.090385991) + (-4.4115322)*x0 + (1.0758711)*x1 + (-0.29174609)*x2 + (-2.9082033)*x3)",1554,361,-0.29782408014587547,0.5726762719159095,0.6537000291296386,0.19847495184002598,-0.0036215472250257807,0.9783168909394858,0.1472518558813919,0.990909090909091,0.7741096419409574,0.7453577264495578,0.7033836585547701,0.26666381266321326,1.0,601.5483870967741,16,"{""bootstrap_stability"": true, ""compression"": true, ""geometry_dominance"": true, ""heldout_r2"": true, ""identity_destroyer"": true, ""model_consistency_nrmse"": true, ""model_consistency_r2"": true, ""pooled_destroyer"": false, ""step_transfer"": true, ""support_safe"": true, ""test_support"": true, ""train_support"": true}"
9001,2,real,CRACK_plus,candidate,False,context_affine,"omega_CRACK_plus: State(x,y) -> State(x + 0.2979197*e_2, (0.0004611787)*y + (-0.081063214) + (-4.5312978)*x0 + (1.113807)*x1 + (-0.24622274)*x2 + (-2.9326513)*x3)",1593,358,0.29791970412811336,0.5687964978976329,0.656660872979628,0.20548344584026237,-0.014081349338672914,0.9809655067459255,0.13796555096861832,0.9896103896103896,0.7766395163409829,0.7437181940181947,0.7033061306737869,0.2637750625896044,1.0,616.6451612903226,16,"{""bootstrap_stability"": true, ""compression"": true, ""geometry_dominance"": true, ""heldout_r2"": true, ""identity_destroyer"": true, ""model_consistency_nrmse"": true, ""model_consistency_r2"": true, ""pooled_destroyer"": false, ""step_transfer"": true, ""support_safe"": true, ""test_support"": true, ""train_support"": true}"
9001,2,real,WEIGHT_minus,promoted,True,context_affine,"omega_WEIGHT_minus: State(x,y) -> State(x + -0.29463668*e_3, (0.059243101)*y + (0.91391415) + (-4.3522153)*x0 + (0.96612739)*x1 + (-0.31555931)*x2 + (-2.9430839)*x3)",1486,295,-0.29463667728223986,0.5997935560696125,0.6326187192380475,0.30699212998023817,0.11349611377829065,0.982179340961248,0.1334940412106547,0.987012987012987,0.7694591437809541,0.7418913254602112,0.6976764770845412,0.19298659300680496,1.0,575.2258064516129,16,"{""bootstrap_stability"": true, ""compression"": true, ""geometry_dominance"": true, ""heldout_r2"": true, ""identity_destroyer"": true, ""model_consistency_nrmse"": true, ""model_consistency_r2"": true, ""pooled_destroyer"": true, ""step_transfer"": true, ""support_safe"": true, ""test_support"": true, ""train_support"": true}"
9001,2,real,WEIGHT_plus,promoted,True,context_affine,"omega_WEIGHT_plus: State(x,y) -> State(x + 0.295654*e_3, (0.036971451)*y + (-0.88890019) + (-4.4631367)*x0 + (1.01712)*x1 + (-0.32957925)*x2 + (-2.9748606)*x3)",1490,294,0.29565400058013885,0.5674606250759137,0.65767725741741,0.2857470026770568,0.10619395955558084,0.9796047920699628,0.14281179198524638,0.9948051948051948,0.7717159559087282,0.7457995419316334,0.6985409522854193,0.20831864645752543,1.0,576.7741935483871,16,"{""bootstrap_stability"": true, ""compression"": true, ""geometry_dominance"": true, ""heldout_r2"": true, ""identity_destroyer"": true, ""model_consistency_nrmse"": true, ""model_consistency_r2"": true, ""pooled_destroyer"": true, ""step_transfer"": true, ""support_safe"": true, ""test_support"": true, ""train_support"": true}"
9001,2,pair_shuffle,RIDGE_minus,rejected,False,affine_y,"omega_RIDGE_minus: State(x,y) -> State(x + -0.29265171*e_0, (-0.0008563381)*y + (0.57419767))",1500,326,-0.29265171172051085,-0.009227554319228615,1.0046031825149813,0.33177828235369994,0.049753569376699676,-0.11881551393088063,1.0577407593219053,0.9883116883116884,0.7718758907427349,0.7409403785081267,0.7080618498427476,0.20769477225396515,1.0,857.1428571428571,16,"{""bootstrap_stability"": true, ""compression"": true, ""geometry_dominance"": true, ""heldout_r2"": false, ""identity_destroyer"": true, ""model_consistency_nrmse"": false, ""model_consistency_r2"": false, ""pooled_destroyer"": true, ""step_transfer"": true, ""support_safe"": true, ""test_support"": true, ""train_support"": true}"
9001,2,pair_shuffle,RIDGE_plus,rejected,False,affine_y,"omega_RIDGE_plus: State(x,y) -> State(x + 0.29515207*e_0, (-0.024245206)*y + (-0.75518127))",1498,340,0.29515207343756567,0.0006788097354600842,0.9996605375148807,0.34802776520172257,0.03269025425518556,-0.14244166632927824,1.0688506286330557,0.9883116883116884,0.768956799117066,0.7395159451831816,0.7090103556112022,0.2168157992269808,1.0,856.0,16,"{""bootstrap_stability"": true, ""compression"": true, ""geometry_dominance"": true, ""heldout_r2"": false, ""identity_destroyer"": true, ""model_consistency_nrmse"": false, ""model_consistency_r2"": false, ""pooled_destroyer"": true, ""step_transfer"": true, ""support_safe"": true, ""test_support"": true, ""train_support"": true}"
9001,2,pair_shuffle,NUB_minus,rejected,False,affine_y,"omega_NUB_minus: State(x,y) -> State(x + -0.29478208*e_1, (-0.018520961)*y + (-0.16109848))",1637,363,-0.29478207531020006,-3.415000353768072e-05,1.0000170748559936,0.3027583440305862,0.0005220374129597208,-0.04180169456382288,1.020686873905912,0.9883116883116884,0.7701938835783644,0.7380673199155247,0.6988487044937871,0.2098330725091295,1.0,935.4285714285714,16,"{""bootstrap_stability"": true, ""compression"": true, ""geometry_dominance"": true, ""heldout_r2"": false, ""identity_destroyer"": true, ""model_consistency_nrmse"": false, ""model_consistency_r2"": false, ""pooled_destroyer"": false, ""step_transfer"": true, ""support_safe"": true, ""test_support"": true, ""train_support"": true}"
9001,2,pair_shuffle,NUB_plus,rejected,False,context_affine,"omega_NUB_plus: State(x,y) -> State(x + 0.29505118*e_1, (-0.027633682)*y + (0.12435442) + (-0.031235856)*x0 + (0.15269624)*x1 + (-0.15502156)*x2 + (0.17619698)*x3)",1609,370,0.29505117736121367,-0.03169712480907494,1.015724925759467,0.3462334975201979,0.001148415420270475,0.04000985552515035,0.9797908677237452,0.9922077922077922,0.7724228502026534,0.736282889679679,0.7012214734661533,0.2201302931596096,1.0,622.8387096774194,16,"{""bootstrap_stability"": true, ""compression"": true, ""geometry_dominance"": true, ""heldout_r2"": false, ""identity_destroyer"": true, ""model_consistency_nrmse"": false, ""model_consistency_r2"": false, ""pooled_destroyer"": false, ""step_transfer"": true, ""support_safe"": true, ""test_support"": true, ""train_support"": true}"
9001,2,pair_shuffle,CRACK_minus,rejected,False,affine_y,"omega_CRACK_minus: State(x,y) -> State(x + -0.29782408*e_2, (0.015703594)*y + (-0.016742273))",1554,361,-0.29782408014587547,-0.002586717202869293,1.0012925232932028,0.3052241084192275,0.0011016701374936383,0.030879046691138612,0.984439410684508,0.990909090909091,0.7741096419409574,0.7453577264495578,0.7033836585547701,0.26666381266321326,1.0,888.0,16,"{""bootstrap_stability"": true, ""compression"": true, ""geometry_dominance"": true, ""heldout_r2"": false, ""identity_destroyer"": true, ""model_consistency_nrmse"": false, ""model_consistency_r2"": false, ""pooled_destroyer"": false, ""step_transfer"": true, ""support_safe"": true, ""test_support"": true, ""train_support"": true}"
9001,2,pair_shuffle,CRACK_plus,rejected,False,affine_y,"omega_CRACK_plus: State(x,y) -> State(x + 0.2979197*e_2, (0.046398229)*y + (-0.10056529))",1593,358,0.29791970412811336,-0.030792317093151444,1.0152794280852693,0.34227652015527993,-0.008684793201928684,0.09075004602992509,0.9535459894363116,0.9896103896103896,0.7766395163409829,0.7437181940181947,0.7033061306737869,0.2637750625896044,0.85,910.2857142857143,16,"{""bootstrap_stability"": true, ""compression"": true, ""geometry_dominance"": true, ""heldout_r2"": false, ""identity_destroyer"": true, ""model_consistency_nrmse"": false, ""model_consistency_r2"": false, ""pooled_destroyer"": false, ""step_transfer"": true, ""support_safe"": true, ""test_support"": true, ""train_support"": true}"
9001,2,pair_shuffle,WEIGHT_minus,rejected,False,shift,"omega_WEIGHT_minus: State(x,y) -> State(x + -0.29463668*e_3, y + (1.0204565))",1486,295,-0.29463667728223986,-0.8636276392761879,1.365147478947307,0.026392741202735076,-0.3347531004636005,0.9985658764909476,0.037869823198060794,0.987012987012987,0.7694591437809541,0.7418913254602112,0.6976764770845412,0.19298659300680496,1.0,1048.9411764705883,16,"{""bootstrap_stability"": true, ""compression"": true, ""geometry_dominance"": true, ""heldout_r2"": false, ""identity_destroyer"": false, ""model_consistency_nrmse"": true, ""model_consistency_r2"": true, ""pooled_destroyer"": false, ""step_transfer"": true, ""support_safe"": true, ""test_support"": true, ""train_support"": true}"
9001,2,pair_shuffle,WEIGHT_plus,rejected,False,context_affine,"omega_WEIGHT_plus: State(x,y) -> State(x + 0.295654*e_3, (-0.091168057)*y + (-0.5961299) + (-0.55386687)*x0 + (0.048601439)*x1 + (-0.050900717)*x2 + (-0.24953798)*x3)",1490,294,0.29565400058013885,-0.009631137393289135,1.0048040293476581,0.29226595909696446,0.009956735924144453,-0.007324178457092323,1.0036554082239044,0.9948051948051948,0.7717159559087282,0.7457995419316334,0.6985409522854193,0.20831864645752543,1.0,576.7741935483871,16,"{""bootstrap_stability"": true, ""compression"": true, ""geometry_dominance"": true, ""heldout_r2"": false, ""identity_destroyer"": true, ""model_consistency_nrmse"": false, ""model_consistency_r2"": false, ""pooled_destroyer"": false, ""step_transfer"": true, ""support_safe"": true, ""test_support"": true, ""train_support"": true}"
9001,2,target_shuffle,RIDGE_minus,rejected,False,affine_y,"omega_RIDGE_minus: State(x,y) -> State(x + -0.29265171*e_0, (0.0057264191)*y + (0.049440417))",1500,326,-0.29265171172051085,-0.0010168555878711238,1.000508298610197,0.3289875278501338,-0.00011863951925469871,-0.550387043037323,1.2451453903208745,0.9883116883116884,0.7718758907427349,0.7409403785081267,0.7080618498427476,0.20769477225396515,1.0,857.1428571428571,16,"{""bootstrap_stability"": true, ""compression"": true, ""geometry_dominance"": true, ""heldout_r2"": false, ""identity_destroyer"": true, ""model_consistency_nrmse"": false, ""model_consistency_r2"": false, ""pooled_destroyer"": false, ""step_transfer"": true, ""support_safe"": true, ""test_support"": true, ""train_support"": true}"
9001,2,target_shuffle,RIDGE_plus,rejected,False,context_affine,"omega_RIDGE_plus: State(x,y) -> State(x + 0.29515207*e_0, (-0.002640665)*y + (-0.0037514294) + (-0.028649699)*x0 + (0.077730456)*x1 + (-0.010232139)*x2 + (0.011014666)*x3)",1498,340,0.29515207343756567,-0.0025823083835998517,1.0012903217267206,0.30547848911987,-0.00047690712933448533,0.8424008641276066,0.3969875764710949,0.9883116883116884,0.768956799117066,0.7395159451831816,0.7090103556112022,0.2168157992269808,1.0,579.8709677419355,16,"{""bootstrap_stability"": true, ""compression"": true, ""geometry_dominance"": true, ""heldout_r2"": false, ""identity_destroyer"": true, ""model_consistency_nrmse"": false, ""model_consistency_r2"": true, ""pooled_destroyer"": false, ""step_transfer"": true, ""support_safe"": true, ""test_support"": true, ""train_support"": true}"
9001,2,target_shuffle,NUB_minus,rejected,False,affine_y,"omega_NUB_minus: State(x,y) -> State(x + -0.29478208*e_1, (0.068020096)*y + (0.074263353))",1637,363,-0.29478207531020006,0.0010869954710376328,0.9994563544892606,0.2643085684512308,0.0006957702940432685,-1.586754412031869,1.6083390227286873,0.9883116883116884,0.7701938835783644,0.7380673199155247,0.6988487044937871,0.2098330725091295,1.0,935.4285714285714,16,"{""bootstrap_stability"": true, ""compression"": true, ""geometry_dominance"": true, ""heldout_r2"": false, ""identity_destroyer"": true, ""model_consistency_nrmse"": false, ""model_consistency_r2"": false, ""pooled_destroyer"": false, ""step_transfer"": true, ""support_safe"": true, ""test_support"": true, ""train_support"": true}"
9001,2,target_shuffle,NUB_plus,rejected,False,affine_y,"omega_NUB_plus: State(x,y) -> State(x + 0.29505118*e_1, (0.016471181)*y + (-0.057935206))",1609,370,0.29505117736121367,-0.006463149571082294,1.0032263700536794,0.281155528775143,-0.00185930079399559,-1.0755457670649573,1.4406754551476737,0.9922077922077922,0.7724228502026534,0.736282889679679,0.7012214734661533,0.2201302931596096,1.0,919.4285714285714,16,"{""bootstrap_stability"": true, ""compression"": true, ""geometry_dominance"": true, ""heldout_r2"": false, ""identity_destroyer"": true, ""model_consistency_nrmse"": false, ""model_consistency_r2"": false, ""pooled_destroyer"": false, ""step_transfer"": true, ""support_safe"": true, ""test_support"": true, ""train_support"": true}"
9001,2,target_shuffle,CRACK_minus,rejected,False,affine_y,"omega_CRACK_minus: State(x,y) -> State(x + -0.29782408*e_2, (-0.0021235496)*y + (0.054648884))",1554,361,-0.29782408014587547,-0.0008744553531643273,1.0004371321343308,0.30997449039351177,-4.181390326836184e-05,-0.4905083838712663,1.2208637859610982,0.990909090909091,0.7741096419409574,0.7453577264495578,0.7033836585547701,0.26666381266321326,1.0,888.0,16,"{""bootstrap_stability"": true, ""compression"": true, ""geometry_dominance"": true, ""heldout_r2"": false, ""identity_destroyer"": true, ""model_consistency_nrmse"": false, ""model_consistency_r2"": false, ""pooled_destroyer"": false, ""step_transfer"": true, ""support_safe"": true, ""test_support"": true, ""train_support"": true}"
9001,2,target_shuffle,CRACK_plus,rejected,False,affine_y,"omega_CRACK_plus: State(x,y) -> State(x + 0.2979197*e_2, (0.015465659)*y + (0.028108472))",1593,358,0.29791970412811336,-0.004348719016152636,1.0021720007145243,0.2861607456602605,-0.00019446313489654448,-0.14961962154108477,1.0722031624375508,0.9896103896103896,0.7766395163409829,0.7437181940181947,0.7033061306737869,0.2637750625896044,0.875,910.2857142857143,16,"{""bootstrap_stability"": true, ""compression"": true, ""geometry_dominance"": true, ""heldout_r2"": false, ""identity_destroyer"": true, ""model_consistency_nrmse"": false, ""model_consistency_r2"": false, ""pooled_destroyer"": false, ""step_transfer"": true, ""support_safe"": true, ""test_support"": true, ""train_support"": true}"
9001,2,target_shuffle,WEIGHT_minus,rejected,False,affine_y,"omega_WEIGHT_minus: State(x,y) -> State(x + -0.29463668*e_3, (-0.049751512)*y + (0.092818591))",1486,295,-0.29463667728223986,-0.002519510879283704,1.0012589629457924,0.2863185287200422,-0.0010441533412803646,-2.042080999576881,1.7441562428798865,0.987012987012987,0.7694591437809541,0.7418913254602112,0.6976764770845412,0.19298659300680496,1.0,849.1428571428571,16,"{""bootstrap_stability"": true, ""compression"": true, ""geometry_dominance"": true, ""heldout_r2"": false, ""identity_destroyer"": true, ""model_consistency_nrmse"": false, ""model_consistency_r2"": false, ""pooled_destroyer"": false, ""step_transfer"": true, ""support_safe"": true, ""test_support"": true, ""train_support"": true}"
9001,2,target_shuffle,WEIGHT_plus,rejected,False,affine_y,"omega_WEIGHT_plus: State(x,y) -> State(x + 0.295654*e_3, (-0.029906371)*y + (0.083817711))",1490,294,0.29565400058013885,-0.001269899383963935,1.0006347482393183,0.31356537592699707,1.5172561191959681e-05,-1.0225779962061101,1.4221736870741597,0.9948051948051948,0.7717159559087282,0.7457995419316334,0.6985409522854193,0.20831864645752543,1.0,851.4285714285714,16,"{""bootstrap_stability"": true, ""compression"": true, ""geometry_dominance"": true, ""heldout_r2"": false, ""identity_destroyer"": true, ""model_consistency_nrmse"": false, ""model_consistency_r2"": false, ""pooled_destroyer"": false, ""step_transfer"": true, ""support_safe"": true, ""test_support"": true, ""train_support"": true}"
9001,3,real,RIDGE_minus,promoted,True,context_affine,"omega_RIDGE_minus: State(x,y) -> State(x + -0.2957045*e_0, (0.054228458)*y + (1.4121135) + (-4.7000011)*x0 + (1.0769246)*x1 + (-0.26573262)*x2 + (-3.0009396)*x3)",1499,330,-0.29570449990529346,0.609361058591716,0.6250111530271152,0.36147433126677303,0.2168534055226774,0.984380472642677,0.12497810751216792,0.9883116883116884,0.7644932611324302,0.7468907781579492,0.6998825304995111,0.17360635889877457,1.0,580.258064516129,16,"{""bootstrap_stability"": true, ""compression"": true, ""geometry_dominance"": true, ""heldout_r2"": true, ""identity_destroyer"": true, ""model_consistency_nrmse"": true, ""model_consistency_r2"": true, ""pooled_destroyer"": true, ""step_transfer"": true, ""support_safe"": true, ""test_support"": true, ""train_support"": true}"
9001,3,real,RIDGE_plus,promoted,True,context_affine,"omega_RIDGE_plus: State(x,y) -> State(x + 0.29458376*e_0, (0.056214446)*y + (-1.3437921) + (-4.3634839)*x0 + (1.0905461)*x1 + (-0.23804009)*x2 + (-2.8142768)*x3)",1474,333,0.2945837585254347,0.6416228378393573,0.5986461076133734,0.3847440677296851,0.22623602255748948,0.9768320815629233,0.1522101127950329,0.9935064935064936,0.7658109076226323,0.7416231255125565,0.7046218478722792,0.1323117569352707,1.0,570.5806451612904,16,"{""bootstrap_stability"": true, ""compression"": true, ""geometry_dominance"": true, ""heldout_r2"": true, ""identity_destroyer"": true, ""model_consistency_nrmse"": true, ""model_consistency_r2"": true, ""pooled_destroyer"": true, ""step_transfer"": true, ""support_safe"": true, ""test_support"": true, ""train_support"": true}"
9001,3,real,NUB_minus,promoted,True,context_affine,"omega_NUB_minus: State(x,y) -> State(x + -0.29605649*e_1, (0.0052298955)*y + (-0.29429036) + (-4.4998674)*x0 + (1.0854041)*x1 + (-0.28900782)*x2 + (-2.9745041)*x3)",1640,332,-0.2960564922839819,0.6211638277581915,0.6154966874336599,0.20683073855006062,0.022003835074820635,0.9805339563186786,0.13952076433750432,0.9948051948051948,0.7714858767346864,0.7558126098320239,0.6812068005197528,0.2002609262883237,1.0,634.8387096774194,16,"{""bootstrap_stability"": true, ""compression"": true, ""geometry_dominance"": true, ""heldout_r2"": true, ""identity_destroyer"": true, ""model_consistency_nrmse"": true, ""model_consistency_r2"": true, ""pooled_destroyer"": true, ""step_transfer"": true, ""support_safe"": true, ""test_support"": true, ""train_support"": true}"
9001,3,real,NUB_plus,promoted,True,context_affine,"omega_NUB_plus: State(x,y) -> State(x + 0.29818084*e_1, (0.024122182)*y + (0.35881849) + (-4.4872195)*x0 + (1.0366435)*x1 + (-0.2676665)*x2 + (-2.9483963)*x3)",1618,353,0.2981808376297901,0.5696820796256181,0.6559862196528078,0.18826071976339173,0.025842621779562185,0.9831584844522896,0.12977486485337003,0.9922077922077922,0.7743101529500589,0.744889800212171,0.6910740912680453,0.2181347150259066,1.0,626.3225806451613,16,"{""bootstrap_stability"": true, ""compression"": true, ""geometry_dominance"": true, ""heldout_r2"": true, ""identity_destroyer"": true, ""model_consistency_nrmse"": true, ""model_consistency_r2"": true, ""pooled_destroyer"": true, ""step_transfer"": true, ""support_safe"": true, ""test_support"": true, ""train_support"": true}"
9001,3,real,CRACK_minus,candidate,False,context_affine,"omega_CRACK_minus: State(x,y) -> State(x + -0.29777396*e_2, (0.0027523713)*y + (0.0590848) + (-4.3804394)*x0 + (1.0057535)*x1 + (-0.33164321)*x2 + (-2.8270572)*x3)",1602,372,-0.29777395898883047,0.611627351942633,0.6231955135086958,0.23030117268897757,-0.00046224913235230536,0.9730982128252081,0.1640176428765876,0.9883116883116884,0.7711257419343451,0.7442449746802706,0.697077954325148,0.18229232922020092,1.0,620.1290322580645,16,"{""bootstrap_stability"": true, ""compression"": true, ""geometry_dominance"": true, ""heldout_r2"": true, ""identity_destroyer"": true, ""model_consistency_nrmse"": true, ""model_consistency_r2"": true, ""pooled_destroyer"": false, ""step_transfer"": true, ""support_safe"": true, ""test_support"": true, ""train_support"": true}"
9001,3,real,CRACK_plus,candidate,False,context_affine,"omega_CRACK_plus: State(x,y) -> State(x + 0.2953749*e_2, (0.012019831)*y + (-0.008488324) + (-4.3630042)*x0 + (1.0555598)*x1 + (-0.31369419)*x2 + (-2.7953933)*x3)",1590,365,0.29537489813109924,0.6665971603567977,0.5774104602821136,0.23188017362166763,0.004056300085180135,0.9747276924619962,0.15897266286378864,0.9961038961038962,0.7760910770992713,0.7446372685931315,0.6915201321180022,0.205916299747788,1.0,615.483870967742,16,"{""bootstrap_stability"": true, ""compression"": true, ""geometry_dominance"": true, ""heldout_r2"": true, ""identity_destroyer"": true, ""model_consistency_nrmse"": true, ""model_consistency_r2"": true, ""pooled_destroyer"": false, ""step_transfer"": true, ""support_safe"": true, ""test_support"": true, ""train_support"": true}"
9001,3,real,WEIGHT_minus,promoted,True,context_affine,"omega_WEIGHT_minus: State(x,y) -> State(x + -0.29355806*e_3, (0.078448292)*y + (0.88247705) + (-4.3396359)*x0 + (0.94634414)*x1 + (-0.24704472)*x2 + (-2.9771322)*x3)",1458,313,-0.29355806177827526,0.5988967697613659,0.6333271115613432,0.2944213050818248,0.1157869505393172,0.9803502280687214,0.14017764419221285,0.9922077922077922,0.7692266177574683,0.7488871505652973,0.6942920986573745,0.20813145858038265,1.0,564.3870967741935,16,"{""bootstrap_stability"": true, ""compression"": true, ""geometry_dominance"": true, ""heldout_r2"": true, ""identity_destroyer"": true, ""model_consistency_nrmse"": true, ""model_consistency_r2"": true, ""pooled_destroyer"": true, ""step_transfer"": true, ""support_safe"": true, ""test_support"": true, ""train_support"": true}"
9001,3,real,WEIGHT_plus,promoted,True,context_affine,"omega_WEIGHT_plus: State(x,y) -> State(x + 0.29248389*e_3, (0.046902835)*y + (-0.93563926) + (-4.3211517)*x0 + (1.0090917)*x1 + (-0.35821326)*x2 + (-2.8293724)*x3)",1422,327,0.29248388692914595,0.6019033487516943,0.6309490084375328,0.3359939471624433,0.11338699729689489,0.9783250023072045,0.1472243108076768,0.9922077922077922,0.7677837272653016,0.7632266442140078,0.6848441851183831,0.23174754310198262,1.0,550.4516129032259,16,"{""bootstrap_stability"": true, ""compression"": true, ""geometry_dominance"": true, ""heldout_r2"": true, ""identity_destroyer"": true, ""model_consistency_nrmse"": true, ""model_consistency_r2"": true, ""pooled_destroyer"": true, ""step_transfer"": true, ""support_safe"": true, ""test_support"": true, ""train_support"": true}"
9001,3,pair_shuffle,RIDGE_minus,rejected,False,affine_y,"omega_RIDGE_minus: State(x,y) -> State(x + -0.2957045*e_0, (-0.0016879716)*y + (0.67245329))",1499,330,-0.29570449990529346,-0.00027505623893042674,1.0001375186637735,0.320851467715976,0.03053119933863613,-0.09670931647313341,1.0472389013368122,0.9883116883116884,0.7644932611324302,0.7468907781579492,0.6998825304995111,0.17360635889877457,1.0,856.5714285714286,16,"{""bootstrap_stability"": true, ""compression"": true, ""geometry_dominance"": true, ""heldout_r2"": false, ""identity_destroyer"": true, ""model_consistency_nrmse"": false, ""model_consistency_r2"": false, ""pooled_destroyer"": true, ""step_transfer"": true, ""support_safe"": true, ""test_support"": true, ""train_support"": true}"
9001,3,pair_shuffle,RIDGE_plus,rejected,False,affine_y,"omega_RIDGE_plus: State(x,y) -> State(x + 0.29458376*e_0, (-0.017996795)*y + (-0.68624937))",1474,333,0.2945837585254347,-0.005279264199647082,1.002636157436808,0.3429732704546425,0.03904854842103502,-0.15483429475809696,1.0746321671893582,0.9935064935064936,0.7658109076226323,0.7416231255125565,0.7046218478722792,0.1323117569352707,1.0,842.2857142857143,16,"{""bootstrap_stability"": true, ""compression"": true, ""geometry_dominance"": true, ""heldout_r2"": false, ""identity_destroyer"": true, ""model_consistency_nrmse"": false, ""model_consistency_r2"": false, ""pooled_destroyer"": true, ""step_transfer"": true, ""support_safe"": true, ""test_support"": true, ""train_support"": true}"
9001,3,pair_shuffle,NUB_minus,rejected,False,affine_y,"omega_NUB_minus: State(x,y) -> State(x + -0.29605649*e_1, (0.019302853)*y + (-0.13216281))",1640,332,-0.2960564922839819,-0.008809373635122908,1.0043950286790166,0.2921980588758463,0.0032296031975203765,0.031696225901552966,0.9840242751570956,0.9948051948051948,0.7714858767346864,0.7558126098320239,0.6812068005197528,0.2002609262883237,1.0,937.1428571428571,16,"{""bootstrap_stability"": true, ""compression"": true, ""geometry_dominance"": true, ""heldout_r2"": false, ""identity_destroyer"": true, ""model_consistency_nrmse"": false, ""model_consistency_r2"": false, ""pooled_destroyer"": false, ""step_transfer"": true, ""support_safe"": true, ""test_support"": true, ""train_support"": true}"
9001,3,pair_shuffle,NUB_plus,rejected,False,affine_y,"omega_NUB_plus: State(x,y) -> State(x + 0.29818084*e_1, (0.0034679618)*y + (0.15110963))",1618,353,0.2981808376297901,-0.0005493881309632798,1.000274656347427,0.3011395827088863,0.004125891151153518,0.004950959710532277,0.9975214485360541,0.9922077922077922,0.7743101529500589,0.744889800212171,0.6910740912680453,0.2181347150259066,1.0,924.5714285714286,16,"{""bootstrap_stability"": true, ""compression"": true, ""geometry_dominance"": true, ""heldout_r2"": false, ""identity_destroyer"": true, ""model_consistency_nrmse"": false, ""model_consistency_r2"": false, ""pooled_destroyer"": false, ""step_transfer"": true, ""support_safe"": true, ""test_support"": true, ""train_support"": true}"
9001,3,pair_shuffle,CRACK_minus,rejected,False,affine_y,"omega_CRACK_minus: State(x,y) -> State(x + -0.29777396*e_2, (-0.011996905)*y + (-0.056803227))",1602,372,-0.29777395898883047,-0.0007107367240426488,1.0003553052411143,0.30749333902171794,0.00017279476044611435,-0.024904209276900513,1.012375527794356,0.9883116883116884,0.7711257419343451,0.7442449746802706,0.697077954325148,0.18229232922020092,1.0,915.4285714285714,16,"{""bootstrap_stability"": true, ""compression"": true, ""geometry_dominance"": true, ""heldout_r2"": false, ""identity_destroyer"": true, ""model_consistency_nrmse"": false, ""model_consistency_r2"": false, ""pooled_destroyer"": false, ""step_transfer"": true, ""support_safe"": true, ""test_support"": true, ""train_support"": true}"
9001,3,pair_shuffle,CRACK_plus,rejected,False,affine_y,"omega_CRACK_plus: State(x,y) -> State(x + 0.2953749*e_2, (0.02882041)*y + (-0.029715361))",1590,365,0.29537489813109924,-0.010280163613259896,1.0051269390545952,0.301278027057,-0.003701542437361483,0.05628121197673852,0.9714518969168064,0.9961038961038962,0.7760910770992713,0.7446372685931315,0.6915201321180022,0.205916299747788,1.0,908.5714285714286,16,"{""bootstrap_stability"": true, ""compression"": true, ""geometry_dominance"": true, ""heldout_r2"": false, ""identity_destroyer"": true, ""model_consistency_nrmse"": false, ""model_consistency_r2"": false, ""pooled_destroyer"": false, ""step_transfer"": true, ""support_safe"": true, ""test_support"": true, ""train_support"": true}"
9001,3,pair_shuffle,WEIGHT_minus,rejected,False,affine_y,"omega_WEIGHT_minus: State(x,y) -> State(x + -0.29355806*e_3, (0.0020515381)*y + (0.32617065))",1458,313,-0.29355806177827526,-0.001975114847164061,1.0009870702697232,0.3247557178016207,0.012522499150816472,-0.06837812408956956,1.0336237826644517,0.9922077922077922,0.7692266177574683,0.7488871505652973,0.6942920986573745,0.20813145858038265,1.0,833.1428571428571,16,"{""bootstrap_stability"": true, ""compression"": true, ""geometry_dominance"": true, ""heldout_r2"": false, ""identity_destroyer"": true, ""model_consistency_nrmse"": false, ""model_consistency_r2"": false, ""pooled_destroyer"": false, ""step_transfer"": true, ""support_safe"": true, ""test_support"": true, ""train_support"": true}"
9001,3,pair_shuffle,WEIGHT_plus,rejected,False,affine_y,"omega_WEIGHT_plus: State(x,y) -> State(x + 0.29248389*e_3, (-0.042724113)*y + (-0.63363455))",1422,327,0.29248388692914595,0.0007308861498692698,0.9996344901263315,0.3703357176855782,0.03234018885016359,-0.12470498682027276,1.060521092114755,0.9922077922077922,0.7677837272653016,0.7632266442140078,0.6848441851183831,0.23174754310198262,1.0,812.5714285714286,16,"{""bootstrap_stability"": true, ""compression"": true, ""geometry_dominance"": true, ""heldout_r2"": false, ""identity_destroyer"": true, ""model_consistency_nrmse"": false, ""model_consistency_r2"": false, ""pooled_destroyer"": true, ""step_transfer"": true, ""support_safe"": true, ""test_support"": true, ""train_support"": true}"
9001,3,target_shuffle,RIDGE_minus,rejected,False,affine_y,"omega_RIDGE_minus: State(x,y) -> State(x + -0.2957045*e_0, (0.015497785)*y + (0.062289056))",1499,330,-0.29570449990529346,-0.005599041621834777,1.0027956130846578,0.3076392017893735,0.000444613722901651,-0.36243309162205484,1.1672330922408147,0.9883116883116884,0.7644932611324302,0.7468907781579492,0.6998825304995111,0.17360635889877457,1.0,856.5714285714286,16,"{""bootstrap_stability"": true, ""compression"": true, ""geometry_dominance"": true, ""heldout_r2"": false, ""identity_destroyer"": true, ""model_consistency_nrmse"": false, ""model_consistency_r2"": false, ""pooled_destroyer"": false, ""step_transfer"": true, ""support_safe"": true, ""test_support"": true, ""train_support"": true}"
9001,3,target_shuffle,RIDGE_plus,rejected,False,affine_y,"omega_RIDGE_plus: State(x,y) -> State(x + 0.29458376*e_0, (0.0018043812)*y + (-0.0063137431))",1474,333,0.2945837585254347,-6.912325142360842e-05,1.0000345610284793,0.2753507144150866,2.0325291076941853e-05,-0.06857875187072682,1.033720828788279,0.9935064935064936,0.7658109076226323,0.7416231255125565,0.7046218478722792,0.1323117569352707,1.0,842.2857142857143,16,"{""bootstrap_stability"": true, ""compression"": true, ""geometry_dominance"": true, ""heldout_r2"": false, ""identity_destroyer"": true, ""model_consistency_nrmse"": false, ""model_consistency_r2"": false, ""pooled_destroyer"": false, ""step_transfer"": true, ""support_safe"": true, ""test_support"": true, ""train_support"": true}"
9001,3,target_shuffle,NUB_minus,rejected,False,affine_y,"omega_NUB_minus: State(x,y) -> State(x + -0.29605649*e_1, (0.0056812607)*y + (0.11342828))",1640,332,-0.2960564922839819,-0.009783225663032802,1.0048797070610158,0.29821300914356613,0.002641185821910284,-1.1577666609331314,1.468933851789498,0.9948051948051948,0.7714858767346864,0.7558126098320239,0.6812068005197528,0.2002609262883237,0.875,937.1428571428571,16,"{""bootstrap_stability"": true, ""compression"": true, ""geometry_dominance"": true, ""heldout_r2"": false, ""identity_destroyer"": true, ""model_consistency_nrmse"": false, ""model_consistency_r2"": false, ""pooled_destroyer"": false, ""step_transfer"": true, ""support_safe"": true, ""test_support"": true, ""train_support"": true}"
9001,3,target_shuffle,NUB_plus,rejected,False,affine_y,"omega_NUB_plus: State(x,y) -> State(x + 0.29818084*e_1, (-0.015230599)*y + (0.031487034))",1618,353,0.2981808376297901,-0.0007234878946502654,1.0003616785416414,0.26532417454185114,-0.00038326779678958474,-0.03243775836294627,1.0160894440761337,0.9922077922077922,0.7743101529500589,0.744889800212171,0.6910740912680453,0.2181347150259066,1.0,924.5714285714286,16,"{""bootstrap_stability"": true, ""compression"": true, ""geometry_dominance"": true, ""heldout_r2"": false, ""identity_destroyer"": true, ""model_consistency_nrmse"": false, ""model_consistency_r2"": false, ""pooled_destroyer"": false, ""step_transfer"": true, ""support_safe"": true, ""test_support"": true, ""train_support"": true}"
9001,3,target_shuffle,CRACK_minus,rejected,False,affine_y,"omega_CRACK_minus: State(x,y) -> State(x + -0.29777396*e_2, (0.037425196)*y + (-0.083900199))",1602,372,-0.29777395898883047,-0.0006181933387763294,1.0003090489137725,0.2998944218158865,0.001037644365677865,-0.3639521558824792,1.1678836225765303,0.9883116883116884,0.7711257419343451,0.7442449746802706,0.697077954325148,0.18229232922020092,1.0,915.4285714285714,16,"{""bootstrap_stability"": true, ""compression"": true, ""geometry_dominance"": true, ""heldout_r2"": false, ""identity_destroyer"": true, ""model_consistency_nrmse"": false, ""model_consistency_r2"": false, ""pooled_destroyer"": false, ""step_transfer"": true, ""support_safe"": true, ""test_support"": true, ""train_support"": true}"
9001,3,target_shuffle,CRACK_plus,rejected,False,affine_y,"omega_CRACK_plus: State(x,y) -> State(x + 0.2953749*e_2, (0.01791017)*y + (-0.0047077567))",1590,365,0.29537489813109924,-0.004522473597019072,1.0022586859673601,0.32560705650605526,0.0004837060264006326,-0.026088987482804527,1.0129605063786071,0.9961038961038962,0.7760910770992713,0.7446372685931315,0.6915201321180022,0.205916299747788,1.0,908.5714285714286,16,"{""bootstrap_stability"": true, ""compression"": true, ""geometry_dominance"": true, ""heldout_r2"": false, ""identity_destroyer"": true, ""model_consistency_nrmse"": false, ""model_consistency_r2"": false, ""pooled_destroyer"": false, ""step_transfer"": true, ""support_safe"": true, ""test_support"": true, ""train_support"": true}"
9001,3,target_shuffle,WEIGHT_minus,rejected,False,context_affine,"omega_WEIGHT_minus: State(x,y) -> State(x + -0.29355806*e_3, (0.022447547)*y + (0.059242003) + (0.080878111)*x0 + (0.041535203)*x1 + (0.14050343)*x2 + (0.16536597)*x3)",1458,313,-0.29355806177827526,0.02466044870798656,0.9875928064197377,0.2752683152010932,0.012344580204893514,-0.38735214837165266,1.1778591377459584,0.9922077922077922,0.7692266177574683,0.7488871505652973,0.6942920986573745,0.20813145858038265,1.0,564.3870967741935,16,"{""bootstrap_stability"": true, ""compression"": true, ""geometry_dominance"": true, ""heldout_r2"": false, ""identity_destroyer"": true, ""model_consistency_nrmse"": false, ""model_consistency_r2"": false, ""pooled_destroyer"": false, ""step_transfer"": true, ""support_safe"": true, ""test_support"": true, ""train_support"": true}"
9001,3,target_shuffle,WEIGHT_plus,rejected,False,affine_y,"omega_WEIGHT_plus: State(x,y) -> State(x + 0.29248389*e_3, (0.016482497)*y + (0.12784693))",1422,327,0.29248388692914595,0.00020266594787698988,0.9998986618913555,0.26442805970427946,0.000995358824362771,-0.5960947612026688,1.26336643979594,0.9922077922077922,0.7677837272653016,0.7632266442140078,0.6848441851183831,0.23174754310198262,1.0,812.5714285714286,16,"{""bootstrap_stability"": true, ""compression"": true, ""geometry_dominance"": true, ""heldout_r2"": false, ""identity_destroyer"": true, ""model_consistency_nrmse"": false, ""model_consistency_r2"": false, ""pooled_destroyer"": false, ""step_transfer"": true, ""support_safe"": true, ""test_support"": true, ""train_support"": true}"
9001,4,real,RIDGE_minus,promoted,True,context_affine,"omega_RIDGE_minus: State(x,y) -> State(x + -0.29773632*e_0, (0.0063040432)*y + (1.3674391) + (-4.6454242)*x0 + (1.1314609)*x1 + (-0.33569148)*x2 + (-3.0625845)*x3)",1530,305,-0.2977363206333433,0.6238502996255925,0.6133104437186827,0.40501327820451666,0.2722845627594805,0.9827121443508919,0.1314832903798352,0.9843953185955787,0.7693645197561121,0.7560284269293782,0.6891058374272581,0.21204536982799937,1.0,592.258064516129,16,"{""bootstrap_stability"": true, ""compression"": true, ""geometry_dominance"": true, ""heldout_r2"": true, ""identity_destroyer"": true, ""model_consistency_nrmse"": true, ""model_consistency_r2"": true, ""pooled_destroyer"": true, ""step_transfer"": true, ""support_safe"": true, ""test_support"": true, ""train_support"": true}"
9001,4,real,RIDGE_plus,promoted,True,context_affine,"omega_RIDGE_plus: State(x,y) -> State(x + 0.29753814*e_0, (0.00030189625)*y + (-1.3188631) + (-4.7744997)*x0 + (1.2354567)*x1 + (-0.30991909)*x2 + (-3.2315226)*x3)",1480,286,0.29753813627805725,0.5951682466268511,0.6362639023024557,0.4463245107848144,0.26951656867386103,0.9861620691095165,0.11763473505084927,0.988296488946684,0.7688514677467835,0.7538935935550672,0.686366462370924,0.20152932086430678,1.0,572.9032258064516,16,"{""bootstrap_stability"": true, ""compression"": true, ""geometry_dominance"": true, ""heldout_r2"": true, ""identity_destroyer"": true, ""model_consistency_nrmse"": true, ""model_consistency_r2"": true, ""pooled_destroyer"": true, ""step_transfer"": true, ""support_safe"": true, ""test_support"": true, ""train_support"": true}"
9001,4,real,NUB_minus,candidate,False,context_affine,"omega_NUB_minus: State(x,y) -> State(x + -0.29769343*e_1, (0.028034262)*y + (-0.29421528) + (-4.4451593)*x0 + (1.1578365)*x1 + (-0.28498648)*x2 + (-2.9265521)*x3)",1626,354,-0.29769342865567194,0.528157425124747,0.6869079813739633,0.23666060669991254,0.005689233393174554,0.9867349614618967,0.11517394904275585,0.988296488946684,0.7645067513510005,0.7440053550479853,0.690348906142509,0.16965495001612388,1.0,629.4193548387096,16,"{""bootstrap_stability"": true, ""compression"": true, ""geometry_dominance"": true, ""heldout_r2"": true, ""identity_destroyer"": true, ""model_consistency_nrmse"": true, ""model_consistency_r2"": true, ""pooled_destroyer"": false, ""step_transfer"": true, ""support_safe"": true, ""test_support"": true, ""train_support"": true}"
9001,4,real,NUB_plus,candidate,False,context_affine,"omega_NUB_plus: State(x,y) -> State(x + 0.29705983*e_1, (0.026443681)*y + (0.43540601) + (-4.3531345)*x0 + (1.1326159)*x1 + (-0.24348153)*x2 + (-2.8783718)*x3)",1614,349,0.29705983412838155,0.46342897711945974,0.7325100838080936,0.21247708211368238,-0.008091583758564337,0.9828582344483761,0.1309265654923553,0.9934980494148244,0.7684779594123896,0.7491503884113835,0.6880108520828376,0.1703722854188211,1.0,624.7741935483871,16,"{""bootstrap_stability"": true, ""compression"": true, ""geometry_dominance"": true, ""heldout_r2"": true, ""identity_destroyer"": true, ""model_consistency_nrmse"": true, ""model_consistency_r2"": true, ""pooled_destroyer"": false, ""step_transfer"": true, ""support_safe"": true, ""test_support"": true, ""train_support"": true}"
9001,4,real,CRACK_minus,candidate,False,context_affine,"omega_CRACK_minus: State(x,y) -> State(x + -0.29959924*e_2, (-0.015782608)*y + (0.10344118) + (-4.4819907)*x0 + (1.1473171)*x1 + (-0.35570641)*x2 + (-2.9820545)*x3)",1564,357,-0.2995992418669694,0.5972757945921017,0.634605551037728,0.2276853970347136,-0.002906683254337021,0.9802065319871943,0.14068926047430094,0.9921976592977894,0.7729545294454672,0.7406444399828664,0.6989726881124536,0.1862819861040508,1.0,605.4193548387096,16,"{""bootstrap_stability"": true, ""compression"": true, ""geometry_dominance"": true, ""heldout_r2"": true, ""identity_destroyer"": true, ""model_consistency_nrmse"": true, ""model_consistency_r2"": true, ""pooled_destroyer"": false, ""step_transfer"": true, ""support_safe"": true, ""test_support"": true, ""train_support"": true}"
9001,4,real,CRACK_plus,candidate,False,context_affine,"omega_CRACK_plus: State(x,y) -> State(x + 0.29737801*e_2, (0.017246038)*y + (-0.098854478) + (-4.2324851)*x0 + (1.0738763)*x1 + (-0.30308207)*x2 + (-2.7518811)*x3)",1546,363,0.2973780137985609,0.5793423197813252,0.6485812826613754,0.1790808021649138,-0.0034554151281675806,0.9763290098614272,0.1538537946836957,0.9908972691807543,0.7725925450067939,0.7451148121077354,0.7013361676958995,0.19966707926074465,1.0,598.4516129032259,16,"{""bootstrap_stability"": true, ""compression"": true, ""geometry_dominance"": true, ""heldout_r2"": true, ""identity_destroyer"": true, ""model_consistency_nrmse"": true, ""model_consistency_r2"": true, ""pooled_destroyer"": false, ""step_transfer"": true, ""support_safe"": true, ""test_support"": true, ""train_support"": true}"
9001,4,real,WEIGHT_minus,promoted,True,context_affine,"omega_WEIGHT_minus: State(x,y) -> State(x + -0.29563252*e_3, (-0.01633168)*y + (0.92107615) + (-4.7501265)*x0 + (1.1394643)*x1 + (-0.32480278)*x2 + (-3.2134497)*x3)",1462,310,-0.29563251933308177,0.5389323507771191,0.6790196235918965,0.2951225088346541,0.10378686012461318,0.9836549637280332,0.1278477073395013,0.9869960988296489,0.7645463367950709,0.7264976479570994,0.7128614440110439,0.17375114768592514,1.0,565.9354838709677,16,"{""bootstrap_stability"": true, ""compression"": true, ""geometry_dominance"": true, ""heldout_r2"": true, ""identity_destroyer"": true, ""model_consistency_nrmse"": true, ""model_consistency_r2"": true, ""pooled_destroyer"": true, ""step_transfer"": true, ""support_safe"": true, ""test_support"": true, ""train_support"": true}"
9001,4,real,WEIGHT_plus,promoted,True,context_affine,"omega_WEIGHT_plus: State(x,y) -> State(x + 0.29483832*e_3, (0.023069986)*y + (-0.89561168) + (-4.519134)*x0 + (1.0762255)*x1 + (-0.32141072)*x2 + (-3.1495277)*x3)",1493,317,0.29483832172614066,0.6392641955251093,0.600612857400581,0.3174898485555953,0.12644590722163243,0.9834329643066647,0.12871299737530517,0.988296488946684,0.7644374170873343,0.7441069722406913,0.7040433158035354,0.19513775231860334,1.0,577.9354838709677,16,"{""bootstrap_stability"": true, ""compression"": true, ""geometry_dominance"": true, ""heldout_r2"": true, ""identity_destroyer"": true, ""model_consistency_nrmse"": true, ""model_consistency_r2"": true, ""pooled_destroyer"": true, ""step_transfer"": true, ""support_safe"": true, ""test_support"": true, ""train_support"": true}"
9001,4,pair_shuffle,RIDGE_minus,rejected,False,affine_y,"omega_RIDGE_minus: State(x,y) -> State(x + -0.29773632*e_0, (0.0045937978)*y + (0.70607096))",1530,305,-0.2977363206333433,-0.000572472478828745,1.0002861952855435,0.3662463091878637,0.03455991868273481,-0.046239034315807226,1.0228582669733903,0.9843953185955787,0.7693645197561121,0.7560284269293782,0.6891058374272581,0.21204536982799937,1.0,874.2857142857143,16,"{""bootstrap_stability"": true, ""compression"": true, ""geometry_dominance"": true, ""heldout_r2"": false, ""identity_destroyer"": true, ""model_consistency_nrmse"": false, ""model_consistency_r2"": false, ""pooled_destroyer"": true, ""step_transfer"": true, ""support_safe"": true, ""test_support"": true, ""train_support"": true}"
9001,4,pair_shuffle,RIDGE_plus,rejected,False,affine_y,"omega_RIDGE_plus: State(x,y) -> State(x + 0.29753814*e_0, (0.0047543627)*y + (-0.61242327))",1480,286,0.29753813627805725,-0.016718673475241808,1.0083246865346707,0.4062038845483886,0.0472800761243332,-0.1406503750560657,1.0680123478013097,0.988296488946684,0.7688514677467835,0.7538935935550672,0.686366462370924,0.20152932086430678,1.0,845.7142857142857,16,"{""bootstrap_stability"": true, ""compression"": true, ""geometry_dominance"": true, ""heldout_r2"": false, ""identity_destroyer"": true, ""model_consistency_nrmse"": false, ""model_consistency_r2"": false, ""pooled_destroyer"": true, ""step_transfer"": true, ""support_safe"": true, ""test_support"": true, ""train_support"": true}"
9001,4,pair_shuffle,NUB_minus,rejected,False,affine_y,"omega_NUB_minus: State(x,y) -> State(x + -0.29769343*e_1, (-0.041893753)*y + (-0.091422552))",1626,354,-0.29769342865567194,-0.020385039809127647,1.0101410989605006,0.27008059656412,0.0013121316055199378,-0.10470073809617197,1.0510474480708147,0.988296488946684,0.7645067513510005,0.7440053550479853,0.690348906142509,0.16965495001612388,1.0,929.1428571428571,16,"{""bootstrap_stability"": true, ""compression"": true, ""geometry_dominance"": true, ""heldout_r2"": false, ""identity_destroyer"": true, ""model_consistency_nrmse"": false, ""model_consistency_r2"": false, ""pooled_destroyer"": false, ""step_transfer"": true, ""support_safe"": true, ""test_support"": true, ""train_support"": true}"
9001,4,pair_shuffle,NUB_plus,rejected,False,affine_y,"omega_NUB_plus: State(x,y) -> State(x + 0.29705983*e_1, (0.069564676)*y + (0.22805274))",1614,349,0.29705983412838155,-0.024495511361146693,1.0121736567215858,0.28971505981309986,-0.00842859366505149,0.1339541411616122,0.9306158492301686,0.9934980494148244,0.7684779594123896,0.7491503884113835,0.6880108520828376,0.1703722854188211,1.0,922.2857142857143,16,"{""bootstrap_stability"": true, ""compression"": true, ""geometry_dominance"": true, ""heldout_r2"": false, ""identity_destroyer"": true, ""model_consistency_nrmse"": false, ""model_consistency_r2"": false, ""pooled_destroyer"": false, ""step_transfer"": true, ""support_safe"": true, ""test_support"": true, ""train_support"": true}"
9001,4,pair_shuffle,CRACK_minus,rejected,False,affine_y,"omega_CRACK_minus: State(x,y) -> State(x + -0.29959924*e_2, (-0.0060815)*y + (-0.01329836))",1564,357,-0.2995992418669694,-0.013031121579565985,1.0064944717083972,0.2859138163496871,0.0008225516594671684,-0.012874400888086557,1.006416613976581,0.9921976592977894,0.7729545294454672,0.7406444399828664,0.6989726881124536,0.1862819861040508,1.0,893.7142857142857,16,"{""bootstrap_stability"": true, ""compression"": true, ""geometry_dominance"": true, ""heldout_r2"": false, ""identity_destroyer"": true, ""model_consistency_nrmse"": false, ""model_consistency_r2"": false, ""pooled_destroyer"": false, ""step_transfer"": true, ""support_safe"": true, ""test_support"": true, ""train_support"": true}"
9001,4,pair_shuffle,CRACK_plus,rejected,False,affine_y,"omega_CRACK_plus: State(x,y) -> State(x + 0.29737801*e_2, (0.035390977)*y + (-0.14569885))",1546,363,0.2973780137985609,0.00032601413235266996,0.9998369796460058,0.2906863849980018,0.0036259868349515453,0.06874387503462576,0.9650161267903113,0.9908972691807543,0.7725925450067939,0.7451148121077354,0.7013361676958995,0.19966707926074465,1.0,883.4285714285714,16,"{""bootstrap_stability"": true, ""compression"": true, ""geometry_dominance"": true, ""heldout_r2"": false, ""identity_destroyer"": true, ""model_consistency_nrmse"": false, ""model_consistency_r2"": false, ""pooled_destroyer"": false, ""step_transfer"": true, ""support_safe"": true, ""test_support"": true, ""train_support"": true}"
9001,4,pair_shuffle,WEIGHT_minus,rejected,False,affine_y,"omega_WEIGHT_minus: State(x,y) -> State(x + -0.29563252*e_3, (-0.015257454)*y + (0.39429354))",1462,310,-0.29563251933308177,-0.003599636225866787,1.0017982013488878,0.334380420422267,0.00756758752766664,-0.07000357225534715,1.034409769992215,0.9869960988296489,0.7645463367950709,0.7264976479570994,0.7128614440110439,0.17375114768592514,1.0,835.4285714285714,16,"{""bootstrap_stability"": true, ""compression"": true, ""geometry_dominance"": true, ""heldout_r2"": false, ""identity_destroyer"": true, ""model_consistency_nrmse"": false, ""model_consistency_r2"": false, ""pooled_destroyer"": false, ""step_transfer"": true, ""support_safe"": true, ""test_support"": true, ""train_support"": true}"
9001,4,pair_shuffle,WEIGHT_plus,rejected,False,affine_y,"omega_WEIGHT_plus: State(x,y) -> State(x + 0.29483832*e_3, (0.003752886)*y + (-0.60781024))",1493,317,0.29483832172614066,-0.005148782991974743,1.0025710862537252,0.32366461087802906,0.03301233425354968,-0.0499094454724156,1.0246508895582025,0.988296488946684,0.7644374170873343,0.7441069722406913,0.7040433158035354,0.19513775231860334,1.0,853.1428571428571,16,"{""bootstrap_stability"": true, ""compression"": true, ""geometry_dominance"": true, ""heldout_r2"": false, ""identity_destroyer"": true, ""model_consistency_nrmse"": false, ""model_consistency_r2"": false, ""pooled_destroyer"": true, ""step_transfer"": true, ""support_safe"": true, ""test_support"": true, ""train_support"": true}"
9001,4,target_shuffle,RIDGE_minus,rejected,False,affine_y,"omega_RIDGE_minus: State(x,y) -> State(x + -0.29773632*e_0, (-0.0093073665)*y + (0.051837473))",1530,305,-0.2977363206333433,-0.015924108488023503,1.0079306069804723,0.29913113974525235,-0.0012712017348542022,-0.13740664609425113,1.0664926845010476,0.9843953185955787,0.7693645197561121,0.7560284269293782,0.6891058374272581,0.21204536982799937,1.0,874.2857142857143,16,"{""bootstrap_stability"": true, ""compression"": true, ""geometry_dominance"": true, ""heldout_r2"": false, ""identity_destroyer"": true, ""model_consistency_nrmse"": false, ""model_consistency_r2"": false, ""pooled_destroyer"": false, ""step_transfer"": true, ""support_safe"": true, ""test_support"": true, ""train_support"": true}"
9001,4,target_shuffle,RIDGE_plus,rejected,False,affine_y,"omega_RIDGE_plus: State(x,y) -> State(x + 0.29753814*e_0, (0.033068966)*y + (-0.1172895))",1480,286,0.29753813627805725,-0.0072014879097050954,1.0035942845142678,0.2855286505779532,-0.003454982951350191,-0.630827188218954,1.2770384442995262,0.988296488946684,0.7688514677467835,0.7538935935550672,0.686366462370924,0.20152932086430678,1.0,845.7142857142857,16,"{""bootstrap_stability"": true, ""compression"": true, ""geometry_dominance"": true, ""heldout_r2"": false, ""identity_destroyer"": true, ""model_consistency_nrmse"": false, ""model_consistency_r2"": false, ""pooled_destroyer"": false, ""step_transfer"": true, ""support_safe"": true, ""test_support"": true, ""train_support"": true}"
9001,4,target_shuffle,NUB_minus,rejected,False,context_affine,"omega_NUB_minus: State(x,y) -> State(x + -0.29769343*e_1, (-0.022265854)*y + (0.1666709) + (-0.10219711)*x0 + (-0.070065694)*x1 + (0.025207677)*x2 + (-0.16934694)*x3)",1626,354,-0.29769342865567194,-0.009884934857427252,1.0049303134334375,0.25572819363881105,-0.0038873961890186245,-0.49429697483539226,1.222414403889038,0.988296488946684,0.7645067513510005,0.7440053550479853,0.690348906142509,0.16965495001612388,1.0,629.4193548387096,16,"{""bootstrap_stability"": true, ""compression"": true, ""geometry_dominance"": true, ""heldout_r2"": false, ""identity_destroyer"": true, ""model_consistency_nrmse"": false, ""model_consistency_r2"": false, ""pooled_destroyer"": false, ""step_transfer"": true, ""support_safe"": true, ""test_support"": true, ""train_support"": true}"
9001,4,target_shuffle,NUB_plus,rejected,False,affine_y,"omega_NUB_plus: State(x,y) -> State(x + 0.29705983*e_1, (-0.029787719)*y + (0.02174067))",1614,349,0.29705983412838155,-0.008827009663389784,1.0044038080689408,0.2856735572698172,-0.0007100255564449604,-0.06281569417081978,1.0309295291972287,0.9934980494148244,0.7684779594123896,0.7491503884113835,0.6880108520828376,0.1703722854188211,1.0,922.2857142857143,16,"{""bootstrap_stability"": true, ""compression"": true, ""geometry_dominance"": true, ""heldout_r2"": false, ""identity_destroyer"": true, ""model_consistency_nrmse"": false, ""model_consistency_r2"": false, ""pooled_destroyer"": false, ""step_transfer"": true, ""support_safe"": true, ""test_support"": true, ""train_support"": true}"
9001,4,target_shuffle,CRACK_minus,rejected,False,affine_y,"omega_CRACK_minus: State(x,y) -> State(x + -0.29959924*e_2, (0.010098837)*y + (0.15563063))",1564,357,-0.2995992418669694,-0.014375235020633426,1.007161970598887,0.29667822765024054,-0.004127860942630727,-1.511177119170171,1.584669403746463,0.9921976592977894,0.7729545294454672,0.7406444399828664,0.6989726881124536,0.1862819861040508,1.0,893.7142857142857,16,"{""bootstrap_stability"": true, ""compression"": true, ""geometry_dominance"": true, ""heldout_r2"": false, ""identity_destroyer"": true, ""model_consistency_nrmse"": false, ""model_consistency_r2"": false, ""pooled_destroyer"": false, ""step_transfer"": true, ""support_safe"": true, ""test_support"": true, ""train_support"": true}"
9001,4,target_shuffle,CRACK_plus,rejected,False,affine_y,"omega_CRACK_plus: State(x,y) -> State(x + 0.29737801*e_2, (0.027979004)*y + (-0.16588308))",1546,363,0.2973780137985609,-0.006537432716091196,1.0032633914960174,0.3028236919893534,-0.003496416278104727,-3.4917672718788726,2.119378982598174,0.9908972691807543,0.7725925450067939,0.7451148121077354,0.7013361676958995,0.19966707926074465,1.0,883.4285714285714,16,"{""bootstrap_stability"": true, ""compression"": true, ""geometry_dominance"": true, ""heldout_r2"": false, ""identity_destroyer"": true, ""model_consistency_nrmse"": false, ""model_consistency_r2"": false, ""pooled_destroyer"": false, ""step_transfer"": true, ""support_safe"": true, ""test_support"": true, ""train_support"": true}"
9001,4,target_shuffle,WEIGHT_minus,rejected,False,affine_y,"omega_WEIGHT_minus: State(x,y) -> State(x + -0.29563252*e_3, (-0.023528186)*y + (0.01733701))",1462,310,-0.29563251933308177,0.002841330865632985,0.9985783239858389,0.30248592234511945,0.0009242569809599038,-0.7012083711199042,1.3043037878960195,0.9869960988296489,0.7645463367950709,0.7264976479570994,0.7128614440110439,0.17375114768592514,1.0,835.4285714285714,16,"{""bootstrap_stability"": true, ""compression"": true, ""geometry_dominance"": true, ""heldout_r2"": false, ""identity_destroyer"": true, ""model_consistency_nrmse"": false, ""model_consistency_r2"": false, ""pooled_destroyer"": false, ""step_transfer"": true, ""support_safe"": true, ""test_support"": true, ""train_support"": true}"
9001,4,target_shuffle,WEIGHT_plus,rejected,False,affine_y,"omega_WEIGHT_plus: State(x,y) -> State(x + 0.29483832*e_3, (-0.038762503)*y + (0.0060346797))",1493,317,0.29483832172614066,0.0038237816451882622,0.9980862780114811,0.2820397023714314,0.0016297591741604768,-0.2661616515364331,1.125238486515829,0.988296488946684,0.7644374170873343,0.7441069722406913,0.7040433158035354,0.19513775231860334,1.0,853.1428571428571,16,"{""bootstrap_stability"": true, ""compression"": true, ""geometry_dominance"": true, ""heldout_r2"": false, ""identity_destroyer"": true, ""model_consistency_nrmse"": false, ""model_consistency_r2"": false, ""pooled_destroyer"": false, ""step_transfer"": true, ""support_safe"": true, ""test_support"": true, ""train_support"": true}"
9001,5,real,RIDGE_minus,promoted,True,context_affine,"omega_RIDGE_minus: State(x,y) -> State(x + -0.29553832*e_0, (0.043468205)*y + (1.3393051) + (-4.5910837)*x0 + (1.1340776)*x1 + (-0.32272446)*x2 + (-2.9926691)*x3)",1527,300,-0.2955383159519347,0.6101512505995219,0.6243786907001856,0.4109395078075251,0.25264449159269464,0.9845883287129243,0.12414375250924092,0.9843953185955787,0.7729729644314403,0.743410367439137,0.7066939059645363,0.20828941821247865,1.0,591.0967741935484,16,"{""bootstrap_stability"": true, ""compression"": true, ""geometry_dominance"": true, ""heldout_r2"": true, ""identity_destroyer"": true, ""model_consistency_nrmse"": true, ""model_consistency_r2"": true, ""pooled_destroyer"": true, ""step_transfer"": true, ""support_safe"": true, ""test_support"": true, ""train_support"": true}"
9001,5,real,RIDGE_plus,promoted,True,context_affine,"omega_RIDGE_plus: State(x,y) -> State(x + 0.29544487*e_0, (0.030736214)*y + (-1.3901431) + (-4.5326703)*x0 + (1.1266064)*x1 + (-0.33178609)*x2 + (-2.988574)*x3)",1490,292,0.2954448700257273,0.6487704400977339,0.5926462350359328,0.4351068681884326,0.3038818816870107,0.9790665790169057,0.14468386566267247,0.9869960988296489,0.7675825242323244,0.7428600798821404,0.706370912129545,0.1964681075382183,1.0,576.7741935483871,16,"{""bootstrap_stability"": true, ""compression"": true, ""geometry_dominance"": true, ""heldout_r2"": true, ""identity_destroyer"": true, ""model_consistency_nrmse"": true, ""model_consistency_r2"": true, ""pooled_destroyer"": true, ""step_transfer"": true, ""support_safe"": true, ""test_support"": true, ""train_support"": true}"
9001,5,real,NUB_minus,candidate,False,context_affine,"omega_NUB_minus: State(x,y) -> State(x + -0.29462315*e_1, (0.058926035)*y + (-0.31835123) + (-4.0169648)*x0 + (1.0612476)*x1 + (-0.26491008)*x2 + (-2.5330145)*x3)",1649,360,-0.2946231472086909,0.6367328125460047,0.6027165067044334,0.25111547619315167,0.012130698645839624,0.9701330298383068,0.1728206300234237,0.9856957087126138,0.7693436607005961,0.7519263002551704,0.6953657107297684,0.2514111315305853,1.0,638.3225806451613,16,"{""bootstrap_stability"": true, ""compression"": true, ""geometry_dominance"": true, ""heldout_r2"": true, ""identity_destroyer"": true, ""model_consistency_nrmse"": true, ""model_consistency_r2"": true, ""pooled_destroyer"": false, ""step_transfer"": true, ""support_safe"": true, ""test_support"": true, ""train_support"": true}"
9001,5,real,NUB_plus,promoted,True,context_affine,"omega_NUB_plus: State(x,y) -> State(x + 0.29395601*e_1, (0.054769634)*y + (0.32624388) + (-4.2890449)*x0 + (1.0522222)*x1 + (-0.39196438)*x2 + (-2.7260256)*x3)",1626,380,0.29395601025813306,0.6253534566217908,0.612083771536388,0.23864523755781442,0.02408582375907404,0.9820235717853212,0.1340762030141026,0.9856957087126138,0.7643783838414728,0.7562342130611175,0.6912797393782801,0.2509291846199384,1.0,629.4193548387096,16,"{""bootstrap_stability"": true, ""compression"": true, ""geometry_dominance"": true, ""heldout_r2"": true, ""identity_destroyer"": true, ""model_consistency_nrmse"": true, ""model_consistency_r2"": true, ""pooled_destroyer"": true, ""step_transfer"": true, ""support_safe"": true, ""test_support"": true, ""train_support"": true}"
9001,5,real,CRACK_minus,candidate,False,context_affine,"omega_CRACK_minus: State(x,y) -> State(x + -0.2992087*e_2, (-0.023990793)*y + (0.069762355) + (-4.5210377)*x0 + (1.0510024)*x1 + (-0.37384745)*x2 + (-2.8492261)*x3)",1568,361,-0.299208702008961,0.5917089285390025,0.6389765813087344,0.20560362940958718,-0.012343484483343721,0.9711045911234475,0.1699864961594083,0.9869960988296489,0.7712287671918723,0.7559160553611827,0.6891330106224522,0.2130958728804528,1.0,606.9677419354839,16,"{""bootstrap_stability"": true, ""compression"": true, ""geometry_dominance"": true, ""heldout_r2"": true, ""identity_destroyer"": true, ""model_consistency_nrmse"": true, ""model_consistency_r2"": true, ""pooled_destroyer"": false, ""step_transfer"": true, ""support_safe"": true, ""test_support"": true, ""train_support"": true}"
9001,5,real,CRACK_plus,candidate,False,context_affine,"omega_CRACK_plus: State(x,y) -> State(x + 0.29687936*e_2, (-0.0034128489)*y + (-0.091762071) + (-4.3225622)*x0 + (1.0530419)*x1 + (-0.34402225)*x2 + (-2.7283528)*x3)",1544,348,0.296879360508838,0.6297156249662943,0.608509962969963,0.2616164857714089,0.003635101103234444,0.9679256995251841,0.17909299393001335,0.9843953185955787,0.7714278557322034,0.7560736529323792,0.6876448389035994,0.22039982803095445,1.0,597.6774193548387,16,"{""bootstrap_stability"": true, ""compression"": true, ""geometry_dominance"": true, ""heldout_r2"": true, ""identity_destroyer"": true, ""model_consistency_nrmse"": true, ""model_consistency_r2"": true, ""pooled_destroyer"": false, ""step_transfer"": true, ""support_safe"": true, ""test_support"": true, ""train_support"": true}"
9001,5,real,WEIGHT_minus,promoted,True,context_affine,"omega_WEIGHT_minus: State(x,y) -> State(x + -0.29548843*e_3, (0.060484678)*y + (0.84493708) + (-4.253671)*x0 + (1.0302638)*x1 + (-0.30075788)*x2 + (-2.841651)*x3)",1457,326,-0.2954884309018039,0.5490774364194133,0.6715076794650876,0.3175455942940304,0.1197327922969257,0.9759741681892995,0.15500268323709904,0.9856957087126138,0.7637349258446731,0.752740629907017,0.6897658456442575,0.18135624694025618,1.0,564.0,16,"{""bootstrap_stability"": true, ""compression"": true, ""geometry_dominance"": true, ""heldout_r2"": true, ""identity_destroyer"": true, ""model_consistency_nrmse"": true, ""model_consistency_r2"": true, ""pooled_destroyer"": true, ""step_transfer"": true, ""support_safe"": true, ""test_support"": true, ""train_support"": true}"
9001,5,real,WEIGHT_plus,promoted,True,context_affine,"omega_WEIGHT_plus: State(x,y) -> State(x + 0.29294942*e_3, (0.034089747)*y + (-0.95605648) + (-4.4788269)*x0 + (1.0346277)*x1 + (-0.30098231)*x2 + (-2.9221788)*x3)",1425,320,0.29294941624324544,0.5944716707756981,0.6368110624229936,0.35153542062952897,0.17000464165042659,0.9805394987752672,0.1395009004441646,0.9817945383615084,0.764004926007639,0.7446415288065156,0.7002216928357263,0.17856899604958412,1.0,551.6129032258065,16,"{""bootstrap_stability"": true, ""compression"": true, ""geometry_dominance"": true, ""heldout_r2"": true, ""identity_destroyer"": true, ""model_consistency_nrmse"": true, ""model_consistency_r2"": true, ""pooled_destroyer"": true, ""step_transfer"": true, ""support_safe"": true, ""test_support"": true, ""train_support"": true}"
9001,5,pair_shuffle,RIDGE_minus,rejected,False,affine_y,"omega_RIDGE_minus: State(x,y) -> State(x + -0.29553832*e_0, (-0.015688853)*y + (0.61589879))",1527,300,-0.2955383159519347,-0.000340122644867602,1.0001700468644659,0.352648744074224,0.03636166310838983,-0.1758145454048161,1.0843498261192355,0.9843953185955787,0.7729729644314403,0.743410367439137,0.7066939059645363,0.20828941821247865,1.0,872.5714285714286,16,"{""bootstrap_stability"": true, ""compression"": true, ""geometry_dominance"": true, ""heldout_r2"": false, ""identity_destroyer"": true, ""model_consistency_nrmse"": false, ""model_consistency_r2"": false, ""pooled_destroyer"": true, ""step_transfer"": true, ""support_safe"": true, ""test_support"": true, ""train_support"": true}"
9001,5,pair_shuffle,RIDGE_plus,rejected,False,affine_y,"omega_RIDGE_plus: State(x,y) -> State(x + 0.29544487*e_0, (0.002768389)*y + (-0.70800513))",1490,292,0.2954448700257273,-0.014445911466290484,1.0071970569189976,0.35792425246536397,0.0546424937379984,-0.062262433340139145,1.030661163205512,0.9869960988296489,0.7675825242323244,0.7428600798821404,0.706370912129545,0.1964681075382183,1.0,851.4285714285714,16,"{""bootstrap_stability"": true, ""compression"": true, ""geometry_dominance"": true, ""heldout_r2"": false, ""identity_destroyer"": true, ""model_consistency_nrmse"": false, ""model_consistency_r2"": false, ""pooled_destroyer"": true, ""step_transfer"": true, ""support_safe"": true, ""test_support"": true, ""train_support"": true}"
9001,5,pair_shuffle,NUB_minus,rejected,False,affine_y,"omega_NUB_minus: State(x,y) -> State(x + -0.29462315*e_1, (0.010818473)*y + (-0.15099602))",1649,360,-0.2946231472086909,-0.0037076776148050605,1.0018521236264386,0.2892046509215853,-0.00020962056736451595,0.021489115993759245,0.9891970905771209,0.9856957087126138,0.7693436607005961,0.7519263002551704,0.6953657107297684,0.2514111315305853,1.0,942.2857142857143,16,"{""bootstrap_stability"": true, ""compression"": true, ""geometry_dominance"": true, ""heldout_r2"": false, ""identity_destroyer"": true, ""model_consistency_nrmse"": false, ""model_consistency_r2"": false, ""pooled_destroyer"": false, ""step_transfer"": true, ""support_safe"": true, ""test_support"": true, ""train_support"": true}"
9001,5,pair_shuffle,NUB_plus,rejected,False,affine_y,"omega_NUB_plus: State(x,y) -> State(x + 0.29395601*e_1, (0.013761476)*y + (0.16056529))",1626,380,0.29395601025813306,-0.001715080997761964,1.000857173125997,0.3027064124451443,0.009653495121772195,0.01733007571744627,0.9912970918360215,0.9856957087126138,0.7643783838414728,0.7562342130611175,0.6912797393782801,0.2509291846199384,1.0,929.1428571428571,16,"{""bootstrap_stability"": true, ""compression"": true, ""geometry_dominance"": true, ""heldout_r2"": false, ""identity_destroyer"": true, ""model_consistency_nrmse"": false, ""model_consistency_r2"": false, ""pooled_destroyer"": false, ""step_transfer"": true, ""support_safe"": true, ""test_support"": true, ""train_support"": true}"
9001,5,pair_shuffle,CRACK_minus,rejected,False,affine_y,"omega_CRACK_minus: State(x,y) -> State(x + -0.2992087*e_2, (-0.044310127)*y + (-0.046519886))",1568,361,-0.299208702008961,-0.005162760300433167,1.0025780569613687,0.2931263565877362,-0.0015285281514467422,-0.09727840556539769,1.0475105753954934,0.9869960988296489,0.7712287671918723,0.7559160553611827,0.6891330106224522,0.2130958728804528,1.0,896.0,16,"{""bootstrap_stability"": true, ""compression"": true, ""geometry_dominance"": true, ""heldout_r2"": false, ""identity_destroyer"": true, ""model_consistency_nrmse"": false, ""model_consistency_r2"": false, ""pooled_destroyer"": false, ""step_transfer"": true, ""support_safe"": true, ""test_support"": true, ""train_support"": true}"
9001,5,pair_shuffle,CRACK_plus,rejected,False,context_affine,"omega_CRACK_plus: State(x,y) -> State(x + 0.29687936*e_2, (-0.052331169)*y + (-0.09389162) + (-0.5281098)*x0 + (0.048486224)*x1 + (0.12479842)*x2 + (-0.4102278)*x3)",1544,348,0.296879360508838,-0.0172347395380279,1.008580556791587,0.27661014148147467,-0.0056154489781616,0.03968552757855914,0.9799563625087808,0.9843953185955787,0.7714278557322034,0.7560736529323792,0.6876448389035994,0.22039982803095445,1.0,597.6774193548387,16,"{""bootstrap_stability"": true, ""compression"": true, ""geometry_dominance"": true, ""heldout_r2"": false, ""identity_destroyer"": true, ""model_consistency_nrmse"": false, ""model_consistency_r2"": false, ""pooled_destroyer"": false, ""step_transfer"": true, ""support_safe"": true, ""test_support"": true, ""train_support"": true}"
9001,5,pair_shuffle,WEIGHT_minus,rejected,False,context_affine,"omega_WEIGHT_minus: State(x,y) -> State(x + -0.29548843*e_3, (-0.080052234)*y + (0.3280062) + (-0.33235806)*x0 + (0.26131764)*x1 + (-0.062429387)*x2 + (-0.15633711)*x3)",1457,326,-0.2954884309018039,-0.013068874611678494,1.0065132262477618,0.3452757686828691,0.020331324481190297,-0.07280187761874002,1.0357614964936377,0.9856957087126138,0.7637349258446731,0.752740629907017,0.6897658456442575,0.18135624694025618,1.0,564.0,16,"{""bootstrap_stability"": true, ""compression"": true, ""geometry_dominance"": true, ""heldout_r2"": false, ""identity_destroyer"": true, ""model_consistency_nrmse"": false, ""model_consistency_r2"": false, ""pooled_destroyer"": true, ""step_transfer"": true, ""support_safe"": true, ""test_support"": true, ""train_support"": true}"
9001,5,pair_shuffle,WEIGHT_plus,rejected,False,affine_y,"omega_WEIGHT_plus: State(x,y) -> State(x + 0.29294942*e_3, (-0.0041034096)*y + (-0.63220566))",1425,320,0.29294941624324544,0.00041225058438210116,0.9997938534596109,0.36148307741490615,0.0252147545928444,-0.023601306571682246,1.0117318353060174,0.9817945383615084,0.764004926007639,0.7446415288065156,0.7002216928357263,0.17856899604958412,1.0,814.2857142857143,16,"{""bootstrap_stability"": true, ""compression"": true, ""geometry_dominance"": true, ""heldout_r2"": false, ""identity_destroyer"": true, ""model_consistency_nrmse"": false, ""model_consistency_r2"": false, ""pooled_destroyer"": true, ""step_transfer"": true, ""support_safe"": true, ""test_support"": true, ""train_support"": true}"
9001,5,target_shuffle,RIDGE_minus,rejected,False,affine_y,"omega_RIDGE_minus: State(x,y) -> State(x + -0.29553832*e_0, (-0.049324175)*y + (0.021782344))",1527,300,-0.2955383159519347,0.007331337793251347,0.9963275877976825,0.36695865497570673,0.002808471049509069,-0.27942507711489406,1.1311167389420484,0.9843953185955787,0.7729729644314403,0.743410367439137,0.7066939059645363,0.20828941821247865,0.625,872.5714285714286,16,"{""bootstrap_stability"": true, ""compression"": true, ""geometry_dominance"": true, ""heldout_r2"": false, ""identity_destroyer"": true, ""model_consistency_nrmse"": false, ""model_consistency_r2"": false, ""pooled_destroyer"": false, ""step_transfer"": true, ""support_safe"": true, ""test_support"": true, ""train_support"": true}"
9001,5,target_shuffle,RIDGE_plus,rejected,False,context_affine,"omega_RIDGE_plus: State(x,y) -> State(x + 0.29544487*e_0, (-0.029125685)*y + (-0.038878226) + (0.117454)*x0 + (-0.14237404)*x1 + (-0.045852208)*x2 + (0.21890732)*x3)",1490,292,0.2954448700257273,-0.007065743458314122,1.0035266530881548,0.26301047572180436,-0.004273867428329466,0.5615196677256926,0.6621784746383014,0.9869960988296489,0.7675825242323244,0.7428600798821404,0.706370912129545,0.1964681075382183,1.0,576.7741935483871,16,"{""bootstrap_stability"": true, ""compression"": true, ""geometry_dominance"": true, ""heldout_r2"": false, ""identity_destroyer"": true, ""model_consistency_nrmse"": false, ""model_consistency_r2"": false, ""pooled_destroyer"": false, ""step_transfer"": true, ""support_safe"": true, ""test_support"": true, ""train_support"": true}"
9001,5,target_shuffle,NUB_minus,rejected,False,affine_y,"omega_NUB_minus: State(x,y) -> State(x + -0.29462315*e_1, (-0.044887253)*y + (0.10403597))",1649,360,-0.2946231472086909,-0.0032988404734122234,1.001648062182228,0.2849633312577052,-0.0004726560199585414,-0.39143505681778223,1.1795910549074973,0.9856957087126138,0.7693436607005961,0.7519263002551704,0.6953657107297684,0.2514111315305853,1.0,942.2857142857143,16,"{""bootstrap_stability"": true, ""compression"": true, ""geometry_dominance"": true, ""heldout_r2"": false, ""identity_destroyer"": true, ""model_consistency_nrmse"": false, ""model_consistency_r2"": false, ""pooled_destroyer"": false, ""step_transfer"": true, ""support_safe"": true, ""test_support"": true, ""train_support"": true}"
9001,5,target_shuffle,NUB_plus,rejected,False,affine_y,"omega_NUB_plus: State(x,y) -> State(x + 0.29395601*e_1, (-0.0031041194)*y + (-0.031873872))",1626,380,0.29395601025813306,-0.0009297897879261274,1.000464786880541,0.27968324665700034,0.0008306324839464608,-0.09171180328849693,1.0448501343678416,0.9856957087126138,0.7643783838414728,0.7562342130611175,0.6912797393782801,0.2509291846199384,0.875,929.1428571428571,16,"{""bootstrap_stability"": true, ""compression"": true, ""geometry_dominance"": true, ""heldout_r2"": false, ""identity_destroyer"": true, ""model_consistency_nrmse"": false, ""model_consistency_r2"": false, ""pooled_destroyer"": false, ""step_transfer"": true, ""support_safe"": true, ""test_support"": true, ""train_support"": true}"
9001,5,target_shuffle,CRACK_minus,rejected,False,context_affine,"omega_CRACK_minus: State(x,y) -> State(x + -0.2992087*e_2, (0.011012089)*y + (-0.12102161) + (-0.14191653)*x0 + (-0.22590383)*x1 + (-0.053505229)*x2 + (-0.11572627)*x3)",1568,361,-0.299208702008961,0.0034818362645866463,0.998257563825796,0.31365289300275667,0.0029854514778172503,0.1072943436006688,0.9448310200238619,0.9869960988296489,0.7712287671918723,0.7559160553611827,0.6891330106224522,0.2130958728804528,1.0,606.9677419354839,16,"{""bootstrap_stability"": true, ""compression"": true, ""geometry_dominance"": true, ""heldout_r2"": false, ""identity_destroyer"": true, ""model_consistency_nrmse"": false, ""model_consistency_r2"": false, ""pooled_destroyer"": false, ""step_transfer"": true, ""support_safe"": true, ""test_support"": true, ""train_support"": true}"
9001,5,target_shuffle,CRACK_plus,rejected,False,affine_y,"omega_CRACK_plus: State(x,y) -> State(x + 0.29687936*e_2, (0.0069197987)*y + (0.014503814))",1544,348,0.296879360508838,-0.003912496502461282,1.0019543385316825,0.28107177446423204,0.0007677200275013072,-0.06511390678706785,1.0320435585706,0.9843953185955787,0.7714278557322034,0.7560736529323792,0.6876448389035994,0.22039982803095445,1.0,882.2857142857143,16,"{""bootstrap_stability"": true, ""compression"": true, ""geometry_dominance"": true, ""heldout_r2"": false, ""identity_destroyer"": true, ""model_consistency_nrmse"": false, ""model_consistency_r2"": false, ""pooled_destroyer"": false, ""step_transfer"": true, ""support_safe"": true, ""test_support"": true, ""train_support"": true}"
9001,5,target_shuffle,WEIGHT_minus,rejected,False,affine_y,"omega_WEIGHT_minus: State(x,y) -> State(x + -0.29548843*e_3, (-0.0047472296)*y + (-0.042071691))",1457,326,-0.2954884309018039,-0.0031568589239459044,1.0015771857045996,0.2984745750680178,-0.00031825525963930374,-0.009947244720303283,1.004961315036705,0.9856957087126138,0.7637349258446731,0.752740629907017,0.6897658456442575,0.18135624694025618,0.75,832.5714285714286,16,"{""bootstrap_stability"": true, ""compression"": true, ""geometry_dominance"": true, ""heldout_r2"": false, ""identity_destroyer"": true, ""model_consistency_nrmse"": false, ""model_consistency_r2"": false, ""pooled_destroyer"": false, ""step_transfer"": true, ""support_safe"": true, ""test_support"": true, ""train_support"": true}"
9001,5,target_shuffle,WEIGHT_plus,rejected,False,context_affine,"omega_WEIGHT_plus: State(x,y) -> State(x + 0.29294942*e_3, (-0.016396437)*y + (0.13132761) + (0.14085118)*x0 + (-0.31081508)*x1 + (0.021540836)*x2 + (0.050119988)*x3)",1425,320,0.29294941624324544,-0.022718545254684974,1.0112954787077242,0.2877731578627315,-0.007195621176758607,-0.4353350802147722,1.1980547066869578,0.9817945383615084,0.764004926007639,0.7446415288065156,0.7002216928357263,0.17856899604958412,0.75,551.6129032258065,16,"{""bootstrap_stability"": true, ""compression"": true, ""geometry_dominance"": true, ""heldout_r2"": false, ""identity_destroyer"": true, ""model_consistency_nrmse"": false, ""model_consistency_r2"": false, ""pooled_destroyer"": false, ""step_transfer"": true, ""support_safe"": true, ""test_support"": true, ""train_support"": true}"
