task,expected_status,observed_status,status_correct,seed,train_size,corruption,active_budget,schema,train_accuracy,heldout_accuracy,perturbation_accuracy,equivariance_accuracy,stability,compression_ratio,complexity,false_promotion,false_abstention,elapsed_sec
algebra_distributivity,promoted,promoted,True,42,4,0.0,0,"Mul(?v0:Expr, Add(?v1:Expr, ?v2:Expr))  ->  Add(Mul(?v0:Expr, ?v1:Expr), Mul(?v0:Expr, ?v2:Expr))",1.0,1.0,1.0,1.0,1.0,1.878787878787879,13.5,False,False,0.05953788757324219
algebra_distributivity,promoted,promoted,True,42,4,0.0,8,"Mul(?v0:Expr, Add(?v1:Expr, ?v2:Expr))  ->  Add(Mul(?v0:Expr, ?v1:Expr), Mul(?v0:Expr, ?v2:Expr))",1.0,1.0,1.0,1.0,0.8062015503875969,2.6741573033707864,13.5,False,False,0.08521413803100586
algebra_distributivity,promoted,abstain,False,42,4,0.0,32,"Mul(?v0:Expr, Add(?v1:Expr, ?v2:Expr))  ->  Add(Mul(?v0:Expr, ?v1:Expr), Mul(?v0:Expr, ?v2:Expr))",1.0,1.0,1.0,1.0,0.3953488372093023,3.0543933054393304,13.5,False,True,0.08474111557006836
algebra_distributivity,promoted,promoted,True,42,4,0.05,0,"Mul(?v0:Expr, Add(?v1:Expr, ?v2:Expr))  ->  Add(Mul(?v0:Expr, ?v1:Expr), Mul(?v0:Expr, ?v2:Expr))",1.0,1.0,1.0,1.0,1.0,1.8064516129032258,13.5,False,False,0.06050705909729004
algebra_distributivity,promoted,promoted,True,42,4,0.05,8,"Mul(?v0:Expr, Add(?v1:Expr, ?v2:Expr))  ->  Add(Mul(?v0:Expr, ?v1:Expr), Mul(?v0:Expr, ?v2:Expr))",1.0,1.0,1.0,1.0,0.9069767441860465,2.7532467532467533,13.5,False,False,0.0808100700378418
algebra_distributivity,promoted,abstain,False,42,4,0.05,32,"Mul(?v0:Expr, Add(?v1:Expr, ?v2:Expr))  ->  Add(Mul(?v0:Expr, ?v1:Expr), Mul(?v0:Expr, ?v2:Expr))",1.0,1.0,1.0,1.0,0.5271317829457365,3.0638297872340425,13.5,False,True,0.0825190544128418
algebra_distributivity,promoted,promoted,True,42,4,0.1,0,"Mul(?v0:Expr, Add(?v1:Expr, ?v2:Expr))  ->  Add(Mul(?v0:Expr, ?v1:Expr), Mul(?v0:Expr, ?v2:Expr))",0.75,1.0,1.0,1.0,1.0,1.5714285714285714,13.5,False,False,0.037091732025146484
algebra_distributivity,promoted,promoted,True,42,4,0.1,8,"Mul(?v0:Expr, Add(?v1:Expr, ?v2:Expr))  ->  Add(Mul(?v0:Expr, ?v1:Expr), Mul(?v0:Expr, ?v2:Expr))",0.9166666666666666,1.0,1.0,1.0,0.8378378378378378,2.7027027027027026,13.5,False,False,0.062064170837402344
algebra_distributivity,promoted,abstain,False,42,4,0.1,32,"Mul(?v0:Expr, Add(?v1:Expr, ?v2:Expr))  ->  Add(Mul(?v0:Expr, ?v1:Expr), Mul(?v0:Expr, ?v2:Expr))",0.9722222222222222,1.0,1.0,1.0,0.4375,3.099099099099099,13.5,False,True,0.06877279281616211
algebra_distributivity,promoted,promoted,True,42,4,0.2,0,"Mul(?v0:Expr, Add(?v1:Expr, ?v2:Expr))  ->  Add(Mul(?v0:Expr, ?v1:Expr), Mul(?v0:Expr, ?v2:Expr))",0.75,1.0,1.0,1.0,1.0,1.5714285714285714,13.5,False,False,0.02865886688232422
algebra_distributivity,promoted,promoted,True,42,4,0.2,8,"Mul(?v0:Expr, Add(?v1:Expr, ?v2:Expr))  ->  Add(Mul(?v0:Expr, ?v1:Expr), Mul(?v0:Expr, ?v2:Expr))",0.9166666666666666,1.0,1.0,1.0,0.8378378378378378,2.7027027027027026,13.5,False,False,0.050177812576293945
algebra_distributivity,promoted,abstain,False,42,4,0.2,32,"Mul(?v0:Expr, Add(?v1:Expr, ?v2:Expr))  ->  Add(Mul(?v0:Expr, ?v1:Expr), Mul(?v0:Expr, ?v2:Expr))",0.9722222222222222,1.0,1.0,1.0,0.4375,3.099099099099099,13.5,False,True,0.06047201156616211
algebra_distributivity,promoted,promoted,True,42,8,0.0,0,"Mul(?v0:Expr, Add(?v1:Expr, ?v2:Expr))  ->  Add(Mul(?v0:Expr, ?v1:Expr), Mul(?v0:Expr, ?v2:Expr))",1.0,1.0,1.0,1.0,1.0,2.452830188679245,13.5,False,False,0.06171298027038574
algebra_distributivity,promoted,promoted,True,42,8,0.0,8,"Mul(?v0:Expr, Add(?v1:Expr, ?v2:Expr))  ->  Add(Mul(?v0:Expr, ?v1:Expr), Mul(?v0:Expr, ?v2:Expr))",1.0,1.0,1.0,1.0,0.9922480620155039,2.8674698795180724,13.5,False,False,0.08816409111022949
algebra_distributivity,promoted,promoted,True,42,8,0.0,32,"Mul(?v0:Expr, Add(?v1:Expr, ?v2:Expr))  ->  Add(Mul(?v0:Expr, ?v1:Expr), Mul(?v0:Expr, ?v2:Expr))",1.0,1.0,1.0,1.0,1.0,3.1191709844559585,13.5,False,False,0.07910490036010742
algebra_distributivity,promoted,promoted,True,42,8,0.05,0,"Mul(?v0:Expr, Add(?v1:Expr, ?v2:Expr))  ->  Add(Mul(?v0:Expr, ?v1:Expr), Mul(?v0:Expr, ?v2:Expr))",1.0,1.0,1.0,1.0,1.0,2.4,13.5,False,False,0.09516286849975586
algebra_distributivity,promoted,promoted,True,42,8,0.05,8,"Mul(?v0:Expr, Add(?v1:Expr, ?v2:Expr))  ->  Add(Mul(?v0:Expr, ?v1:Expr), Mul(?v0:Expr, ?v2:Expr))",1.0,1.0,1.0,1.0,0.8914728682170543,2.8686868686868685,13.5,False,False,0.07319426536560059
algebra_distributivity,promoted,abstain,False,42,8,0.05,32,"Mul(?v0:Expr, Add(?v1:Expr, ?v2:Expr))  ->  Add(Mul(?v0:Expr, ?v1:Expr), Mul(?v0:Expr, ?v2:Expr))",1.0,1.0,1.0,1.0,0.5581395348837209,3.1535269709543567,13.5,False,True,0.09286308288574219
algebra_distributivity,promoted,promoted,True,42,8,0.1,0,"Mul(?v0:Expr, Add(?v1:Expr, ?v2:Expr))  ->  Add(Mul(?v0:Expr, ?v1:Expr), Mul(?v0:Expr, ?v2:Expr))",0.875,1.0,1.0,1.0,0.9473684210526315,2.3461538461538463,13.5,False,False,0.07053995132446289
algebra_distributivity,promoted,promoted,True,42,8,0.1,8,"Mul(?v0:Expr, Add(?v1:Expr, ?v2:Expr))  ->  Add(Mul(?v0:Expr, ?v1:Expr), Mul(?v0:Expr, ?v2:Expr))",0.9375,1.0,1.0,1.0,0.8043478260869565,2.8541666666666665,13.5,False,False,0.06801700592041016
algebra_distributivity,promoted,abstain,False,42,8,0.1,32,"Mul(?v0:Expr, Add(?v1:Expr, ?v2:Expr))  ->  Add(Mul(?v0:Expr, ?v1:Expr), Mul(?v0:Expr, ?v2:Expr))",0.975,1.0,1.0,1.0,0.4636363636363636,3.1610169491525424,13.5,False,True,0.06608009338378906
algebra_distributivity,promoted,promoted,True,42,8,0.2,0,"Mul(?v0:Expr, Add(?v1:Expr, ?v2:Expr))  ->  Add(Mul(?v0:Expr, ?v1:Expr), Mul(?v0:Expr, ?v2:Expr))",0.75,1.0,1.0,1.0,1.0,2.25531914893617,13.5,False,False,0.04221916198730469
algebra_distributivity,promoted,promoted,True,42,8,0.2,8,"Mul(?v0:Expr, Add(?v1:Expr, ?v2:Expr))  ->  Add(Mul(?v0:Expr, ?v1:Expr), Mul(?v0:Expr, ?v2:Expr))",0.875,1.0,1.0,1.0,1.0,2.740740740740741,13.5,False,False,0.05972695350646973
algebra_distributivity,promoted,promoted,True,42,8,0.2,32,"Mul(?v0:Expr, Add(?v1:Expr, ?v2:Expr))  ->  Add(Mul(?v0:Expr, ?v1:Expr), Mul(?v0:Expr, ?v2:Expr))",0.95,1.0,1.0,1.0,0.989247311827957,3.1270718232044197,13.5,False,False,0.06125497817993164
algebra_distributivity,promoted,promoted,True,42,16,0.0,0,"Mul(?v0:Expr, Add(?v1:Expr, ?v2:Expr))  ->  Add(Mul(?v0:Expr, ?v1:Expr), Mul(?v0:Expr, ?v2:Expr))",1.0,1.0,1.0,1.0,1.0,2.8210526315789473,13.5,False,False,0.07681989669799805
algebra_distributivity,promoted,promoted,True,42,16,0.0,8,"Mul(?v0:Expr, Add(?v1:Expr, ?v2:Expr))  ->  Add(Mul(?v0:Expr, ?v1:Expr), Mul(?v0:Expr, ?v2:Expr))",1.0,1.0,1.0,1.0,0.9147286821705426,2.993006993006993,13.5,False,False,0.07985711097717285
algebra_distributivity,promoted,promoted,True,42,16,0.0,32,"Mul(?v0:Expr, Add(?v1:Expr, ?v2:Expr))  ->  Add(Mul(?v0:Expr, ?v1:Expr), Mul(?v0:Expr, ?v2:Expr))",1.0,1.0,1.0,1.0,0.6976744186046512,3.197132616487455,13.5,False,False,0.0846700668334961
algebra_distributivity,promoted,promoted,True,42,16,0.05,0,"Mul(?v0:Expr, Add(?v1:Expr, ?v2:Expr))  ->  Add(Mul(?v0:Expr, ?v1:Expr), Mul(?v0:Expr, ?v2:Expr))",0.9375,1.0,1.0,1.0,1.0,2.760869565217391,13.5,False,False,0.057955265045166016
algebra_distributivity,promoted,promoted,True,42,16,0.05,8,"Mul(?v0:Expr, Add(?v1:Expr, ?v2:Expr))  ->  Add(Mul(?v0:Expr, ?v1:Expr), Mul(?v0:Expr, ?v2:Expr))",0.9583333333333334,1.0,1.0,1.0,0.9117647058823529,2.971014492753623,13.5,False,False,0.0760493278503418
algebra_distributivity,promoted,promoted,True,42,16,0.05,32,"Mul(?v0:Expr, Add(?v1:Expr, ?v2:Expr))  ->  Add(Mul(?v0:Expr, ?v1:Expr), Mul(?v0:Expr, ?v2:Expr))",0.9791666666666666,1.0,1.0,1.0,0.7837837837837838,3.198529411764706,13.5,False,False,0.07681775093078613
algebra_distributivity,promoted,promoted,True,42,16,0.1,0,"Mul(?v0:Expr, Add(?v1:Expr, ?v2:Expr))  ->  Add(Mul(?v0:Expr, ?v1:Expr), Mul(?v0:Expr, ?v2:Expr))",0.875,1.0,1.0,1.0,1.0,2.7472527472527473,13.5,False,False,0.05095863342285156
algebra_distributivity,promoted,promoted,True,42,16,0.1,8,"Mul(?v0:Expr, Add(?v1:Expr, ?v2:Expr))  ->  Add(Mul(?v0:Expr, ?v1:Expr), Mul(?v0:Expr, ?v2:Expr))",0.9166666666666666,1.0,1.0,1.0,0.84,2.9635036496350367,13.5,False,False,0.07177019119262695
algebra_distributivity,promoted,abstain,False,42,16,0.1,32,"Mul(?v0:Expr, Add(?v1:Expr, ?v2:Expr))  ->  Add(Mul(?v0:Expr, ?v1:Expr), Mul(?v0:Expr, ?v2:Expr))",0.9583333333333334,1.0,1.0,1.0,0.5531914893617021,3.195571955719557,13.5,False,True,0.07574200630187988
algebra_distributivity,promoted,promoted,True,42,16,0.2,0,"Mul(?v0:Expr, Add(?v1:Expr, ?v2:Expr))  ->  Add(Mul(?v0:Expr, ?v1:Expr), Mul(?v0:Expr, ?v2:Expr))",0.75,1.0,1.0,1.0,0.95,2.712328767123288,13.5,False,False,0.05027484893798828
algebra_distributivity,promoted,promoted,True,42,16,0.2,8,"Mul(?v0:Expr, Add(?v1:Expr, ?v2:Expr))  ->  Add(Mul(?v0:Expr, ?v1:Expr), Mul(?v0:Expr, ?v2:Expr))",0.8333333333333334,1.0,1.0,1.0,0.98,2.9523809523809526,13.5,False,False,0.06017184257507324
algebra_distributivity,promoted,promoted,True,42,16,0.2,32,"Mul(?v0:Expr, Add(?v1:Expr, ?v2:Expr))  ->  Add(Mul(?v0:Expr, ?v1:Expr), Mul(?v0:Expr, ?v2:Expr))",0.9166666666666666,1.0,1.0,1.0,0.958904109589041,3.156398104265403,13.5,False,False,0.059632301330566406
algebra_distributivity,promoted,promoted,True,42,32,0.0,0,"Mul(?v0:Expr, Add(?v1:Expr, ?v2:Expr))  ->  Add(Mul(?v0:Expr, ?v1:Expr), Mul(?v0:Expr, ?v2:Expr))",1.0,1.0,1.0,1.0,0.9767441860465116,2.9732620320855614,13.5,False,False,0.07535290718078613
algebra_distributivity,promoted,promoted,True,42,32,0.0,8,"Mul(?v0:Expr, Add(?v1:Expr, ?v2:Expr))  ->  Add(Mul(?v0:Expr, ?v1:Expr), Mul(?v0:Expr, ?v2:Expr))",1.0,1.0,1.0,1.0,0.9612403100775194,3.064935064935065,13.5,False,False,0.08993983268737793
algebra_distributivity,promoted,promoted,True,42,32,0.0,32,"Mul(?v0:Expr, Add(?v1:Expr, ?v2:Expr))  ->  Add(Mul(?v0:Expr, ?v1:Expr), Mul(?v0:Expr, ?v2:Expr))",1.0,1.0,1.0,1.0,0.813953488372093,3.1556728232189974,13.5,False,False,0.0975198745727539
algebra_distributivity,promoted,promoted,True,42,32,0.05,0,"Mul(?v0:Expr, Add(?v1:Expr, ?v2:Expr))  ->  Add(Mul(?v0:Expr, ?v1:Expr), Mul(?v0:Expr, ?v2:Expr))",0.96875,1.0,1.0,1.0,0.9711538461538461,3.0229885057471266,13.5,False,False,0.0698542594909668
algebra_distributivity,promoted,promoted,True,42,32,0.05,8,"Mul(?v0:Expr, Add(?v1:Expr, ?v2:Expr))  ->  Add(Mul(?v0:Expr, ?v1:Expr), Mul(?v0:Expr, ?v2:Expr))",0.975,1.0,1.0,1.0,0.9912280701754386,3.09009009009009,13.5,False,False,0.07586193084716797
algebra_distributivity,promoted,promoted,True,42,32,0.05,32,"Mul(?v0:Expr, Add(?v1:Expr, ?v2:Expr))  ->  Add(Mul(?v0:Expr, ?v1:Expr), Mul(?v0:Expr, ?v2:Expr))",0.984375,1.0,1.0,1.0,0.8739495798319328,3.1923076923076925,13.5,False,False,0.07896089553833008
algebra_distributivity,promoted,promoted,True,42,32,0.1,0,"Mul(?v0:Expr, Add(?v1:Expr, ?v2:Expr))  ->  Add(Mul(?v0:Expr, ?v1:Expr), Mul(?v0:Expr, ?v2:Expr))",0.9375,1.0,1.0,1.0,0.9666666666666667,2.9707602339181287,13.5,False,False,0.07239007949829102
algebra_distributivity,promoted,promoted,True,42,32,0.1,8,"Mul(?v0:Expr, Add(?v1:Expr, ?v2:Expr))  ->  Add(Mul(?v0:Expr, ?v1:Expr), Mul(?v0:Expr, ?v2:Expr))",0.95,1.0,1.0,1.0,0.9473684210526315,3.050228310502283,13.5,False,False,0.07761406898498535
algebra_distributivity,promoted,promoted,True,42,32,0.1,32,"Mul(?v0:Expr, Add(?v1:Expr, ?v2:Expr))  ->  Add(Mul(?v0:Expr, ?v1:Expr), Mul(?v0:Expr, ?v2:Expr))",0.96875,1.0,1.0,1.0,0.8378378378378378,3.1954674220963173,13.5,False,False,0.07553791999816895
algebra_distributivity,promoted,promoted,True,42,32,0.2,0,"Mul(?v0:Expr, Add(?v1:Expr, ?v2:Expr))  ->  Add(Mul(?v0:Expr, ?v1:Expr), Mul(?v0:Expr, ?v2:Expr))",0.84375,1.0,1.0,1.0,0.9772727272727273,2.9743589743589745,13.5,False,False,0.07182812690734863
algebra_distributivity,promoted,promoted,True,42,32,0.2,8,"Mul(?v0:Expr, Add(?v1:Expr, ?v2:Expr))  ->  Add(Mul(?v0:Expr, ?v1:Expr), Mul(?v0:Expr, ?v2:Expr))",0.875,1.0,1.0,1.0,0.9180327868852459,3.0384615384615383,13.5,False,False,0.09210586547851562
algebra_distributivity,promoted,promoted,True,42,32,0.2,32,"Mul(?v0:Expr, Add(?v1:Expr, ?v2:Expr))  ->  Add(Mul(?v0:Expr, ?v1:Expr), Mul(?v0:Expr, ?v2:Expr))",0.921875,1.0,1.0,1.0,0.7682926829268293,3.152542372881356,13.5,False,False,0.07851696014404297
algebra_distributivity,promoted,abstain,False,1337,4,0.0,0,"Mul(Add(?v0:Expr, ?v1:Expr), Add(?v2:Expr, ?v3:Expr))  ->  Add(Mul(Add(?v0:Expr, ?v1:Expr), ?v2:Expr), Mul(Add(?v0:Expr, ?v1:Expr), ?v3:Expr))",1.0,0.390625,1.0,1.0,1.0,1.9,20.0,False,True,0.06313204765319824
algebra_distributivity,promoted,abstain,False,1337,4,0.0,8,"Mul(Add(?v0:Expr, ?v1:Expr), Add(?v2:Expr, ?v3:Expr))  ->  Add(Mul(Add(?v0:Expr, ?v1:Expr), ?v2:Expr), Mul(Add(?v0:Expr, ?v1:Expr), ?v3:Expr))",1.0,0.390625,1.0,1.0,0.9224806201550387,2.9019607843137254,20.0,False,True,0.09510922431945801
algebra_distributivity,promoted,abstain,False,1337,4,0.0,32,"Mul(Add(?v0:Expr, ?v1:Expr), Add(?v2:Expr, ?v3:Expr))  ->  Add(Mul(Add(?v0:Expr, ?v1:Expr), ?v2:Expr), Mul(Add(?v0:Expr, ?v1:Expr), ?v3:Expr))",1.0,0.390625,1.0,1.0,0.46511627906976744,3.3557046979865772,20.0,False,True,0.10245513916015625
algebra_distributivity,promoted,promoted,True,1337,4,0.05,0,"Mul(?v0:Expr, Add(?v1:Expr, ?v2:Expr))  ->  Add(Mul(?v0:Expr, ?v1:Expr), Mul(?v0:Expr, ?v2:Expr))",1.0,1.0,1.0,1.0,0.8527131782945736,2.0,13.5,False,False,0.0536041259765625
algebra_distributivity,promoted,promoted,True,1337,4,0.05,8,"Mul(?v0:Expr, Add(?v1:Expr, ?v2:Expr))  ->  Add(Mul(?v0:Expr, ?v1:Expr), Mul(?v0:Expr, ?v2:Expr))",1.0,1.0,1.0,1.0,0.9689922480620154,2.6956521739130435,13.5,False,False,0.06900191307067871
algebra_distributivity,promoted,promoted,True,1337,4,0.05,32,"Mul(?v0:Expr, Add(?v1:Expr, ?v2:Expr))  ->  Add(Mul(?v0:Expr, ?v1:Expr), Mul(?v0:Expr, ?v2:Expr))",1.0,1.0,1.0,1.0,0.9922480620155039,3.0607734806629834,13.5,False,False,0.0754702091217041
algebra_distributivity,promoted,promoted,True,1337,4,0.1,0,"Mul(?v0:Expr, Add(?v1:Expr, ?v2:Expr))  ->  Add(Mul(?v0:Expr, ?v1:Expr), Mul(?v0:Expr, ?v2:Expr))",1.0,1.0,1.0,1.0,0.8527131782945736,2.0,13.5,False,False,0.06421399116516113
algebra_distributivity,promoted,promoted,True,1337,4,0.1,8,"Mul(?v0:Expr, Add(?v1:Expr, ?v2:Expr))  ->  Add(Mul(?v0:Expr, ?v1:Expr), Mul(?v0:Expr, ?v2:Expr))",1.0,1.0,1.0,1.0,0.9689922480620154,2.6956521739130435,13.5,False,False,0.0703129768371582
algebra_distributivity,promoted,promoted,True,1337,4,0.1,32,"Mul(?v0:Expr, Add(?v1:Expr, ?v2:Expr))  ->  Add(Mul(?v0:Expr, ?v1:Expr), Mul(?v0:Expr, ?v2:Expr))",1.0,1.0,1.0,1.0,0.9922480620155039,3.0607734806629834,13.5,False,False,0.07110977172851562
algebra_distributivity,promoted,abstain,False,1337,4,0.2,0,,,,,,,,,False,True,0.02656412124633789
algebra_distributivity,promoted,abstain,False,1337,4,0.2,8,,,,,,,,,False,True,0.025923728942871094
algebra_distributivity,promoted,abstain,False,1337,4,0.2,32,,,,,,,,,False,True,0.02594590187072754
algebra_distributivity,promoted,promoted,True,1337,8,0.0,0,"Mul(?v0:Expr, Add(?v1:Expr, ?v2:Expr))  ->  Add(Mul(?v0:Expr, ?v1:Expr), Mul(?v0:Expr, ?v2:Expr))",1.0,1.0,1.0,1.0,0.6666666666666666,2.56140350877193,13.5,False,False,0.07636404037475586
algebra_distributivity,promoted,promoted,True,1337,8,0.0,8,"Mul(?v0:Expr, Add(?v1:Expr, ?v2:Expr))  ->  Add(Mul(?v0:Expr, ?v1:Expr), Mul(?v0:Expr, ?v2:Expr))",1.0,1.0,1.0,1.0,0.9689922480620154,2.8247422680412373,13.5,False,False,0.08157992362976074
algebra_distributivity,promoted,promoted,True,1337,8,0.0,32,"Mul(?v0:Expr, Add(?v1:Expr, ?v2:Expr))  ->  Add(Mul(?v0:Expr, ?v1:Expr), Mul(?v0:Expr, ?v2:Expr))",1.0,1.0,1.0,1.0,0.9922480620155039,3.1144278606965172,13.5,False,False,0.08183789253234863
algebra_distributivity,promoted,promoted,True,1337,8,0.05,0,"Mul(?v0:Expr, Add(?v1:Expr, ?v2:Expr))  ->  Add(Mul(?v0:Expr, ?v1:Expr), Mul(?v0:Expr, ?v2:Expr))",1.0,1.0,1.0,1.0,0.9302325581395349,2.5090909090909093,13.5,False,False,0.07061195373535156
algebra_distributivity,promoted,promoted,True,1337,8,0.05,8,"Mul(?v0:Expr, Add(?v1:Expr, ?v2:Expr))  ->  Add(Mul(?v0:Expr, ?v1:Expr), Mul(?v0:Expr, ?v2:Expr))",1.0,1.0,1.0,1.0,0.9767441860465116,2.8,13.5,False,False,0.08497190475463867
algebra_distributivity,promoted,promoted,True,1337,8,0.05,32,"Mul(?v0:Expr, Add(?v1:Expr, ?v2:Expr))  ->  Add(Mul(?v0:Expr, ?v1:Expr), Mul(?v0:Expr, ?v2:Expr))",1.0,1.0,1.0,1.0,0.9844961240310077,3.1055276381909547,13.5,False,False,0.07712316513061523
algebra_distributivity,promoted,promoted,True,1337,8,0.1,0,"Mul(?v0:Expr, Add(?v1:Expr, ?v2:Expr))  ->  Add(Mul(?v0:Expr, ?v1:Expr), Mul(?v0:Expr, ?v2:Expr))",1.0,1.0,1.0,1.0,0.9302325581395349,2.5090909090909093,13.5,False,False,0.07517290115356445
algebra_distributivity,promoted,promoted,True,1337,8,0.1,8,"Mul(?v0:Expr, Add(?v1:Expr, ?v2:Expr))  ->  Add(Mul(?v0:Expr, ?v1:Expr), Mul(?v0:Expr, ?v2:Expr))",1.0,1.0,1.0,1.0,0.9767441860465116,2.8,13.5,False,False,0.08338594436645508
algebra_distributivity,promoted,promoted,True,1337,8,0.1,32,"Mul(?v0:Expr, Add(?v1:Expr, ?v2:Expr))  ->  Add(Mul(?v0:Expr, ?v1:Expr), Mul(?v0:Expr, ?v2:Expr))",1.0,1.0,1.0,1.0,0.9844961240310077,3.1055276381909547,13.5,False,False,0.07646703720092773
algebra_distributivity,promoted,abstain,False,1337,8,0.2,0,"Mul(?v0:Expr, Add(?v1:Expr, ?v2:Expr))  ->  Add(Mul(?v0:Expr, ?v1:Expr), Mul(?v0:Expr, ?v2:Expr))",0.625,1.0,1.0,1.0,0.8333333333333334,2.0454545454545454,13.5,False,True,0.04312610626220703
algebra_distributivity,promoted,promoted,True,1337,8,0.2,8,"Mul(?v0:Expr, Add(?v1:Expr, ?v2:Expr))  ->  Add(Mul(?v0:Expr, ?v1:Expr), Mul(?v0:Expr, ?v2:Expr))",0.8125,1.0,1.0,1.0,0.8,2.7674418604651163,13.5,False,False,0.08030080795288086
algebra_distributivity,promoted,abstain,False,1337,8,0.2,32,"Mul(?v0:Expr, Add(?v1:Expr, ?v2:Expr))  ->  Add(Mul(?v0:Expr, ?v1:Expr), Mul(?v0:Expr, ?v2:Expr))",0.925,1.0,1.0,1.0,0.4810126582278481,3.1517857142857144,13.5,False,True,0.0747230052947998
algebra_distributivity,promoted,promoted,True,1337,16,0.0,0,"Mul(?v0:Expr, Add(?v1:Expr, ?v2:Expr))  ->  Add(Mul(?v0:Expr, ?v1:Expr), Mul(?v0:Expr, ?v2:Expr))",1.0,1.0,1.0,1.0,0.9069767441860465,2.854368932038835,13.5,False,False,0.07212328910827637
algebra_distributivity,promoted,promoted,True,1337,16,0.0,8,"Mul(?v0:Expr, Add(?v1:Expr, ?v2:Expr))  ->  Add(Mul(?v0:Expr, ?v1:Expr), Mul(?v0:Expr, ?v2:Expr))",1.0,1.0,1.0,1.0,0.9767441860465116,2.9927007299270074,13.5,False,False,0.0854790210723877
algebra_distributivity,promoted,promoted,True,1337,16,0.0,32,"Mul(?v0:Expr, Add(?v1:Expr, ?v2:Expr))  ->  Add(Mul(?v0:Expr, ?v1:Expr), Mul(?v0:Expr, ?v2:Expr))",1.0,1.0,1.0,1.0,0.9767441860465116,3.142857142857143,13.5,False,False,0.08254384994506836
algebra_distributivity,promoted,promoted,True,1337,16,0.05,0,"Mul(?v0:Expr, Add(?v1:Expr, ?v2:Expr))  ->  Add(Mul(?v0:Expr, ?v1:Expr), Mul(?v0:Expr, ?v2:Expr))",1.0,1.0,1.0,1.0,0.9689922480620154,2.8484848484848486,13.5,False,False,0.07885313034057617
algebra_distributivity,promoted,promoted,True,1337,16,0.05,8,"Mul(?v0:Expr, Add(?v1:Expr, ?v2:Expr))  ->  Add(Mul(?v0:Expr, ?v1:Expr), Mul(?v0:Expr, ?v2:Expr))",1.0,1.0,1.0,1.0,0.9069767441860465,3.049645390070922,13.5,False,False,0.09320902824401855
algebra_distributivity,promoted,promoted,True,1337,16,0.05,32,"Mul(?v0:Expr, Add(?v1:Expr, ?v2:Expr))  ->  Add(Mul(?v0:Expr, ?v1:Expr), Mul(?v0:Expr, ?v2:Expr))",1.0,1.0,1.0,1.0,0.6046511627906976,3.209964412811388,13.5,False,False,0.1004648208618164
algebra_distributivity,promoted,promoted,True,1337,16,0.1,0,"Mul(?v0:Expr, Add(?v1:Expr, ?v2:Expr))  ->  Add(Mul(?v0:Expr, ?v1:Expr), Mul(?v0:Expr, ?v2:Expr))",1.0,1.0,1.0,1.0,0.9689922480620154,2.8484848484848486,13.5,False,False,0.07716917991638184
algebra_distributivity,promoted,promoted,True,1337,16,0.1,8,"Mul(?v0:Expr, Add(?v1:Expr, ?v2:Expr))  ->  Add(Mul(?v0:Expr, ?v1:Expr), Mul(?v0:Expr, ?v2:Expr))",1.0,1.0,1.0,1.0,0.9069767441860465,3.049645390070922,13.5,False,False,0.0916440486907959
algebra_distributivity,promoted,promoted,True,1337,16,0.1,32,"Mul(?v0:Expr, Add(?v1:Expr, ?v2:Expr))  ->  Add(Mul(?v0:Expr, ?v1:Expr), Mul(?v0:Expr, ?v2:Expr))",1.0,1.0,1.0,1.0,0.6046511627906976,3.209964412811388,13.5,False,False,0.09689593315124512
algebra_distributivity,promoted,abstain,False,1337,16,0.2,0,"Mul(?v0:Expr, Add(?v1:Expr, ?v2:Expr))  ->  Add(Mul(?v0:Expr, ?v1:Expr), Mul(?v0:Expr, ?v2:Expr))",0.625,1.0,1.0,1.0,0.8823529411764706,2.507042253521127,13.5,False,True,0.04349708557128906
algebra_distributivity,promoted,promoted,True,1337,16,0.2,8,"Mul(?v0:Expr, Add(?v1:Expr, ?v2:Expr))  ->  Add(Mul(?v0:Expr, ?v1:Expr), Mul(?v0:Expr, ?v2:Expr))",0.75,1.0,1.0,1.0,0.7857142857142857,2.8849557522123894,13.5,False,False,0.05499577522277832
algebra_distributivity,promoted,promoted,True,1337,16,0.2,32,"Mul(?v0:Expr, Add(?v1:Expr, ?v2:Expr))  ->  Add(Mul(?v0:Expr, ?v1:Expr), Mul(?v0:Expr, ?v2:Expr))",0.875,1.0,1.0,1.0,0.6212121212121212,3.1541501976284585,13.5,False,False,0.06880593299865723
algebra_distributivity,promoted,promoted,True,1337,32,0.0,0,"Mul(?v0:Expr, Add(?v1:Expr, ?v2:Expr))  ->  Add(Mul(?v0:Expr, ?v1:Expr), Mul(?v0:Expr, ?v2:Expr))",1.0,1.0,1.0,1.0,0.9457364341085271,3.0726256983240225,13.5,False,False,0.07048225402832031
algebra_distributivity,promoted,promoted,True,1337,32,0.0,8,"Mul(?v0:Expr, Add(?v1:Expr, ?v2:Expr))  ->  Add(Mul(?v0:Expr, ?v1:Expr), Mul(?v0:Expr, ?v2:Expr))",1.0,1.0,1.0,1.0,0.8992248062015504,3.158371040723982,13.5,False,False,0.08200716972351074
algebra_distributivity,promoted,promoted,True,1337,32,0.0,32,"Mul(?v0:Expr, Add(?v1:Expr, ?v2:Expr))  ->  Add(Mul(?v0:Expr, ?v1:Expr), Mul(?v0:Expr, ?v2:Expr))",1.0,1.0,1.0,1.0,0.8217054263565892,3.2619718309859156,13.5,False,False,0.09370279312133789
algebra_distributivity,promoted,promoted,True,1337,32,0.05,0,"Mul(?v0:Expr, Add(?v1:Expr, ?v2:Expr))  ->  Add(Mul(?v0:Expr, ?v1:Expr), Mul(?v0:Expr, ?v2:Expr))",0.90625,1.0,1.0,1.0,0.972972972972973,3.05,13.5,False,False,0.05575108528137207
algebra_distributivity,promoted,promoted,True,1337,32,0.05,8,"Mul(?v0:Expr, Add(?v1:Expr, ?v2:Expr))  ->  Add(Mul(?v0:Expr, ?v1:Expr), Mul(?v0:Expr, ?v2:Expr))",0.925,1.0,1.0,1.0,0.948051948051948,3.1262135922330097,13.5,False,False,0.06635904312133789
algebra_distributivity,promoted,promoted,True,1337,32,0.05,32,"Mul(?v0:Expr, Add(?v1:Expr, ?v2:Expr))  ->  Add(Mul(?v0:Expr, ?v1:Expr), Mul(?v0:Expr, ?v2:Expr))",0.953125,1.0,1.0,1.0,0.8584905660377359,3.1712707182320443,13.5,False,False,0.08205389976501465
algebra_distributivity,promoted,promoted,True,1337,32,0.1,0,"Mul(?v0:Expr, Add(?v1:Expr, ?v2:Expr))  ->  Add(Mul(?v0:Expr, ?v1:Expr), Mul(?v0:Expr, ?v2:Expr))",0.90625,1.0,1.0,1.0,0.972972972972973,3.05,13.5,False,False,0.06691098213195801
algebra_distributivity,promoted,promoted,True,1337,32,0.1,8,"Mul(?v0:Expr, Add(?v1:Expr, ?v2:Expr))  ->  Add(Mul(?v0:Expr, ?v1:Expr), Mul(?v0:Expr, ?v2:Expr))",0.925,1.0,1.0,1.0,0.948051948051948,3.1262135922330097,13.5,False,False,0.08134222030639648
algebra_distributivity,promoted,promoted,True,1337,32,0.1,32,"Mul(?v0:Expr, Add(?v1:Expr, ?v2:Expr))  ->  Add(Mul(?v0:Expr, ?v1:Expr), Mul(?v0:Expr, ?v2:Expr))",0.953125,1.0,1.0,1.0,0.8584905660377359,3.1712707182320443,13.5,False,False,0.08917593955993652
algebra_distributivity,promoted,abstain,False,1337,32,0.2,0,"Mul(?v0:Expr, Add(?v1:Expr, ?v2:Expr))  ->  Add(Mul(?v0:Expr, ?v1:Expr), Mul(?v0:Expr, ?v2:Expr))",0.6875,1.0,1.0,1.0,1.0,2.917293233082707,13.5,False,True,0.05531191825866699
algebra_distributivity,promoted,promoted,True,1337,32,0.2,8,"Mul(?v0:Expr, Add(?v1:Expr, ?v2:Expr))  ->  Add(Mul(?v0:Expr, ?v1:Expr), Mul(?v0:Expr, ?v2:Expr))",0.75,1.0,1.0,1.0,0.9545454545454546,3.0303030303030303,13.5,False,False,0.05914902687072754
algebra_distributivity,promoted,promoted,True,1337,32,0.2,32,"Mul(?v0:Expr, Add(?v1:Expr, ?v2:Expr))  ->  Add(Mul(?v0:Expr, ?v1:Expr), Mul(?v0:Expr, ?v2:Expr))",0.84375,1.0,1.0,1.0,0.9777777777777777,3.1095406360424027,13.5,False,False,0.06243395805358887
algebra_distributivity,promoted,promoted,True,2025,4,0.0,0,"Mul(?v0:Expr, Add(?v1:Expr, ?v2:Expr))  ->  Add(Mul(?v0:Expr, ?v1:Expr), Mul(?v0:Expr, ?v2:Expr))",1.0,1.0,1.0,1.0,0.8837209302325582,2.0,13.5,False,False,0.057914018630981445
algebra_distributivity,promoted,promoted,True,2025,4,0.0,8,"Mul(?v0:Expr, Add(?v1:Expr, ?v2:Expr))  ->  Add(Mul(?v0:Expr, ?v1:Expr), Mul(?v0:Expr, ?v2:Expr))",1.0,1.0,1.0,1.0,0.9689922480620154,2.6233766233766236,13.5,False,False,0.06855893135070801
algebra_distributivity,promoted,promoted,True,2025,4,0.0,32,"Mul(?v0:Expr, Add(?v1:Expr, ?v2:Expr))  ->  Add(Mul(?v0:Expr, ?v1:Expr), Mul(?v0:Expr, ?v2:Expr))",1.0,1.0,1.0,1.0,0.9534883720930233,3.037837837837838,13.5,False,False,0.0782930850982666
algebra_distributivity,promoted,promoted,True,2025,4,0.05,0,"Mul(?v0:Expr, Add(?v1:Expr, ?v2:Expr))  ->  Add(Mul(?v0:Expr, ?v1:Expr), Mul(?v0:Expr, ?v2:Expr))",1.0,1.0,1.0,1.0,0.8837209302325582,2.0,13.5,False,False,0.04836130142211914
algebra_distributivity,promoted,promoted,True,2025,4,0.05,8,"Mul(?v0:Expr, Add(?v1:Expr, ?v2:Expr))  ->  Add(Mul(?v0:Expr, ?v1:Expr), Mul(?v0:Expr, ?v2:Expr))",1.0,1.0,1.0,1.0,1.0,2.6956521739130435,13.5,False,False,0.0683281421661377
algebra_distributivity,promoted,promoted,True,2025,4,0.05,32,"Mul(?v0:Expr, Add(?v1:Expr, ?v2:Expr))  ->  Add(Mul(?v0:Expr, ?v1:Expr), Mul(?v0:Expr, ?v2:Expr))",1.0,1.0,1.0,1.0,0.9689922480620154,3.1098265895953756,13.5,False,False,0.06692004203796387
algebra_distributivity,promoted,abstain,False,2025,4,0.1,0,"Mul(?v0:Expr, Add(?v1:Expr, Add(?v2:Expr, ?v3:Expr)))  ->  Add(Mul(?v0:Expr, ?v1:Expr), Mul(?v0:Expr, Add(?v2:Expr, ?v3:Expr)))",0.75,0.5,1.0,1.0,1.0,1.5294117647058822,18.0,False,True,0.04234790802001953
algebra_distributivity,promoted,abstain,False,2025,4,0.1,8,"Mul(?v0:Expr, Add(?v1:Expr, Add(?v2:Expr, ?v3:Expr)))  ->  Add(Mul(?v0:Expr, ?v1:Expr), Mul(?v0:Expr, Add(?v2:Expr, ?v3:Expr)))",0.9166666666666666,0.5,1.0,1.0,0.8208955223880597,2.627450980392157,18.0,False,True,0.07539606094360352
algebra_distributivity,promoted,abstain,False,2025,4,0.1,32,"Mul(?v0:Expr, Add(?v1:Expr, Add(?v2:Expr, ?v3:Expr)))  ->  Add(Mul(?v0:Expr, ?v1:Expr), Mul(?v0:Expr, Add(?v2:Expr, ?v3:Expr)))",0.9722222222222222,0.5,1.0,1.0,0.4090909090909091,3.013333333333333,18.0,False,True,0.09947705268859863
algebra_distributivity,promoted,abstain,False,2025,4,0.2,0,,,,,,,,,False,True,0.02874588966369629
algebra_distributivity,promoted,abstain,False,2025,4,0.2,8,,,,,,,,,False,True,0.03177976608276367
algebra_distributivity,promoted,abstain,False,2025,4,0.2,32,,,,,,,,,False,True,0.026820898056030273
algebra_distributivity,promoted,promoted,True,2025,8,0.0,0,"Mul(?v0:Expr, Add(?v1:Expr, ?v2:Expr))  ->  Add(Mul(?v0:Expr, ?v1:Expr), Mul(?v0:Expr, ?v2:Expr))",1.0,1.0,1.0,1.0,0.9689922480620154,2.440677966101695,13.5,False,False,0.0747368335723877
algebra_distributivity,promoted,promoted,True,2025,8,0.0,8,"Mul(?v0:Expr, Add(?v1:Expr, ?v2:Expr))  ->  Add(Mul(?v0:Expr, ?v1:Expr), Mul(?v0:Expr, ?v2:Expr))",1.0,1.0,1.0,1.0,0.7829457364341085,2.8737864077669903,13.5,False,False,0.09159398078918457
algebra_distributivity,promoted,abstain,False,2025,8,0.0,32,"Mul(?v0:Expr, Add(?v1:Expr, ?v2:Expr))  ->  Add(Mul(?v0:Expr, ?v1:Expr), Mul(?v0:Expr, ?v2:Expr))",1.0,1.0,1.0,1.0,0.4728682170542636,3.189873417721519,13.5,False,True,0.1015169620513916
algebra_distributivity,promoted,promoted,True,2025,8,0.05,0,"Mul(?v0:Expr, Add(?v1:Expr, ?v2:Expr))  ->  Add(Mul(?v0:Expr, ?v1:Expr), Mul(?v0:Expr, ?v2:Expr))",1.0,1.0,1.0,1.0,1.0,2.4705882352941178,13.5,False,False,0.07706904411315918
algebra_distributivity,promoted,promoted,True,2025,8,0.05,8,"Mul(?v0:Expr, Add(?v1:Expr, ?v2:Expr))  ->  Add(Mul(?v0:Expr, ?v1:Expr), Mul(?v0:Expr, ?v2:Expr))",1.0,1.0,1.0,1.0,0.9689922480620154,2.791208791208791,13.5,False,False,0.074127197265625
algebra_distributivity,promoted,promoted,True,2025,8,0.05,32,"Mul(?v0:Expr, Add(?v1:Expr, ?v2:Expr))  ->  Add(Mul(?v0:Expr, ?v1:Expr), Mul(?v0:Expr, ?v2:Expr))",1.0,1.0,1.0,1.0,1.0,3.1550802139037435,13.5,False,False,0.07770895957946777
algebra_distributivity,promoted,promoted,True,2025,8,0.1,0,"Mul(?v0:Expr, Add(?v1:Expr, ?v2:Expr))  ->  Add(Mul(?v0:Expr, ?v1:Expr), Mul(?v0:Expr, ?v2:Expr))",0.875,1.0,1.0,1.0,0.9302325581395349,2.28,13.5,False,False,0.0646967887878418
algebra_distributivity,promoted,promoted,True,2025,8,0.1,8,"Mul(?v0:Expr, Add(?v1:Expr, ?v2:Expr))  ->  Add(Mul(?v0:Expr, ?v1:Expr), Mul(?v0:Expr, ?v2:Expr))",0.9375,1.0,1.0,1.0,0.9032258064516129,2.8125,13.5,False,False,0.07190394401550293
algebra_distributivity,promoted,abstain,False,2025,8,0.1,32,"Mul(?v0:Expr, Add(?v1:Expr, ?v2:Expr))  ->  Add(Mul(?v0:Expr, ?v1:Expr), Mul(?v0:Expr, ?v2:Expr))",0.975,1.0,1.0,1.0,0.5892857142857143,3.163793103448276,13.5,False,True,0.08337998390197754
algebra_distributivity,promoted,promoted,True,2025,8,0.2,0,"Mul(?v0:Expr, Add(?v1:Expr, ?v2:Expr))  ->  Add(Mul(?v0:Expr, ?v1:Expr), Mul(?v0:Expr, ?v2:Expr))",0.75,1.0,1.0,1.0,0.8125,2.204081632653061,13.5,False,False,0.04364514350891113
algebra_distributivity,promoted,promoted,True,2025,8,0.2,8,"Mul(?v0:Expr, Add(?v1:Expr, ?v2:Expr))  ->  Add(Mul(?v0:Expr, ?v1:Expr), Mul(?v0:Expr, ?v2:Expr))",0.875,1.0,1.0,1.0,0.8103448275862069,2.778947368421053,13.5,False,False,0.07792901992797852
algebra_distributivity,promoted,abstain,False,2025,8,0.2,32,"Mul(?v0:Expr, Add(?v1:Expr, ?v2:Expr))  ->  Add(Mul(?v0:Expr, ?v1:Expr), Mul(?v0:Expr, ?v2:Expr))",0.95,1.0,1.0,1.0,0.4158415841584158,3.1515151515151514,13.5,False,True,0.0853109359741211
algebra_distributivity,promoted,promoted,True,2025,16,0.0,0,"Mul(?v0:Expr, Add(?v1:Expr, ?v2:Expr))  ->  Add(Mul(?v0:Expr, ?v1:Expr), Mul(?v0:Expr, ?v2:Expr))",1.0,1.0,1.0,1.0,0.9689922480620154,2.8282828282828283,13.5,False,False,0.06568789482116699
algebra_distributivity,promoted,promoted,True,2025,16,0.0,8,"Mul(?v0:Expr, Add(?v1:Expr, ?v2:Expr))  ->  Add(Mul(?v0:Expr, ?v1:Expr), Mul(?v0:Expr, ?v2:Expr))",1.0,1.0,1.0,1.0,0.8837209302325582,2.9798657718120807,13.5,False,False,0.08860111236572266
algebra_distributivity,promoted,promoted,True,2025,16,0.0,32,"Mul(?v0:Expr, Add(?v1:Expr, ?v2:Expr))  ->  Add(Mul(?v0:Expr, ?v1:Expr), Mul(?v0:Expr, ?v2:Expr))",1.0,1.0,1.0,1.0,0.6201550387596899,3.145762711864407,13.5,False,False,0.09365200996398926
algebra_distributivity,promoted,promoted,True,2025,16,0.05,0,"Mul(?v0:Expr, Add(?v1:Expr, ?v2:Expr))  ->  Add(Mul(?v0:Expr, ?v1:Expr), Mul(?v0:Expr, ?v2:Expr))",1.0,1.0,1.0,1.0,0.9767441860465116,2.881720430107527,13.5,False,False,0.0706779956817627
algebra_distributivity,promoted,promoted,True,2025,16,0.05,8,"Mul(?v0:Expr, Add(?v1:Expr, ?v2:Expr))  ->  Add(Mul(?v0:Expr, ?v1:Expr), Mul(?v0:Expr, ?v2:Expr))",1.0,1.0,1.0,1.0,0.9844961240310077,2.9774436090225564,13.5,False,False,0.08747220039367676
algebra_distributivity,promoted,promoted,True,2025,16,0.05,32,"Mul(?v0:Expr, Add(?v1:Expr, ?v2:Expr))  ->  Add(Mul(?v0:Expr, ?v1:Expr), Mul(?v0:Expr, ?v2:Expr))",1.0,1.0,1.0,1.0,0.9922480620155039,3.1965065502183405,13.5,False,False,0.07934999465942383
algebra_distributivity,promoted,promoted,True,2025,16,0.1,0,"Mul(?v0:Expr, Add(?v1:Expr, ?v2:Expr))  ->  Add(Mul(?v0:Expr, ?v1:Expr), Mul(?v0:Expr, ?v2:Expr))",0.875,1.0,1.0,1.0,0.9848484848484849,2.7532467532467533,13.5,False,False,0.05721402168273926
algebra_distributivity,promoted,promoted,True,2025,16,0.1,8,"Mul(?v0:Expr, Add(?v1:Expr, ?v2:Expr))  ->  Add(Mul(?v0:Expr, ?v1:Expr), Mul(?v0:Expr, ?v2:Expr))",0.9166666666666666,1.0,1.0,1.0,0.8918918918918919,2.976,13.5,False,False,0.0631411075592041
algebra_distributivity,promoted,promoted,True,2025,16,0.1,32,"Mul(?v0:Expr, Add(?v1:Expr, ?v2:Expr))  ->  Add(Mul(?v0:Expr, ?v1:Expr), Mul(?v0:Expr, ?v2:Expr))",0.9583333333333334,1.0,1.0,1.0,0.7291666666666666,3.212355212355212,13.5,False,False,0.0839681625366211
algebra_distributivity,promoted,promoted,True,2025,16,0.2,0,"Mul(?v0:Expr, Add(?v1:Expr, ?v2:Expr))  ->  Add(Mul(?v0:Expr, ?v1:Expr), Mul(?v0:Expr, ?v2:Expr))",0.8125,1.0,1.0,1.0,0.9705882352941176,2.6744186046511627,13.5,False,False,0.057608842849731445
algebra_distributivity,promoted,promoted,True,2025,16,0.2,8,"Mul(?v0:Expr, Add(?v1:Expr, ?v2:Expr))  ->  Add(Mul(?v0:Expr, ?v1:Expr), Mul(?v0:Expr, ?v2:Expr))",0.875,1.0,1.0,1.0,0.7857142857142857,2.91044776119403,13.5,False,False,0.06814908981323242
algebra_distributivity,promoted,promoted,True,2025,16,0.2,32,"Mul(?v0:Expr, Add(?v1:Expr, ?v2:Expr))  ->  Add(Mul(?v0:Expr, ?v1:Expr), Mul(?v0:Expr, ?v2:Expr))",0.9375,1.0,1.0,1.0,0.6195652173913043,3.13768115942029,13.5,False,False,0.06839418411254883
algebra_distributivity,promoted,promoted,True,2025,32,0.0,0,"Mul(?v0:Expr, Add(?v1:Expr, ?v2:Expr))  ->  Add(Mul(?v0:Expr, ?v1:Expr), Mul(?v0:Expr, ?v2:Expr))",1.0,1.0,1.0,1.0,0.9689922480620154,3.0628571428571427,13.5,False,False,0.08237171173095703
algebra_distributivity,promoted,promoted,True,2025,32,0.0,8,"Mul(?v0:Expr, Add(?v1:Expr, ?v2:Expr))  ->  Add(Mul(?v0:Expr, ?v1:Expr), Mul(?v0:Expr, ?v2:Expr))",1.0,1.0,1.0,1.0,0.9534883720930233,3.1312217194570136,13.5,False,False,0.10243511199951172
algebra_distributivity,promoted,promoted,True,2025,32,0.0,32,"Mul(?v0:Expr, Add(?v1:Expr, ?v2:Expr))  ->  Add(Mul(?v0:Expr, ?v1:Expr), Mul(?v0:Expr, ?v2:Expr))",1.0,1.0,1.0,1.0,0.8449612403100775,3.238095238095238,13.5,False,False,0.08661103248596191
algebra_distributivity,promoted,promoted,True,2025,32,0.05,0,"Mul(?v0:Expr, Add(?v1:Expr, ?v2:Expr))  ->  Add(Mul(?v0:Expr, ?v1:Expr), Mul(?v0:Expr, ?v2:Expr))",1.0,1.0,1.0,1.0,0.9767441860465116,3.1242603550295858,13.5,False,False,0.0702369213104248
algebra_distributivity,promoted,promoted,True,2025,32,0.05,8,"Mul(?v0:Expr, Add(?v1:Expr, ?v2:Expr))  ->  Add(Mul(?v0:Expr, ?v1:Expr), Mul(?v0:Expr, ?v2:Expr))",1.0,1.0,1.0,1.0,0.9457364341085271,3.192488262910798,13.5,False,False,0.09516382217407227
algebra_distributivity,promoted,promoted,True,2025,32,0.05,32,"Mul(?v0:Expr, Add(?v1:Expr, ?v2:Expr))  ->  Add(Mul(?v0:Expr, ?v1:Expr), Mul(?v0:Expr, ?v2:Expr))",1.0,1.0,1.0,1.0,0.813953488372093,3.2927536231884056,13.5,False,False,0.09470605850219727
algebra_distributivity,promoted,promoted,True,2025,32,0.1,0,"Mul(?v0:Expr, Add(?v1:Expr, ?v2:Expr))  ->  Add(Mul(?v0:Expr, ?v1:Expr), Mul(?v0:Expr, ?v2:Expr))",0.875,1.0,1.0,1.0,1.0,3.0476190476190474,13.5,False,False,0.05686521530151367
algebra_distributivity,promoted,promoted,True,2025,32,0.1,8,"Mul(?v0:Expr, Add(?v1:Expr, ?v2:Expr))  ->  Add(Mul(?v0:Expr, ?v1:Expr), Mul(?v0:Expr, ?v2:Expr))",0.9,1.0,1.0,1.0,0.9615384615384616,3.0738916256157633,13.5,False,False,0.060932159423828125
algebra_distributivity,promoted,promoted,True,2025,32,0.1,32,"Mul(?v0:Expr, Add(?v1:Expr, ?v2:Expr))  ->  Add(Mul(?v0:Expr, ?v1:Expr), Mul(?v0:Expr, ?v2:Expr))",0.9375,1.0,1.0,1.0,0.8484848484848485,3.1549295774647885,13.5,False,False,0.07694721221923828
algebra_distributivity,promoted,promoted,True,2025,32,0.2,0,"Mul(?v0:Expr, Add(?v1:Expr, ?v2:Expr))  ->  Add(Mul(?v0:Expr, ?v1:Expr), Mul(?v0:Expr, ?v2:Expr))",0.84375,1.0,1.0,1.0,0.9259259259259259,2.9642857142857144,13.5,False,False,0.05409693717956543
algebra_distributivity,promoted,promoted,True,2025,32,0.2,8,"Mul(?v0:Expr, Add(?v1:Expr, ?v2:Expr))  ->  Add(Mul(?v0:Expr, ?v1:Expr), Mul(?v0:Expr, ?v2:Expr))",0.875,1.0,1.0,1.0,0.8253968253968254,3.0660377358490565,13.5,False,False,0.06764101982116699
algebra_distributivity,promoted,promoted,True,2025,32,0.2,32,"Mul(?v0:Expr, Add(?v1:Expr, ?v2:Expr))  ->  Add(Mul(?v0:Expr, ?v1:Expr), Mul(?v0:Expr, ?v2:Expr))",0.921875,1.0,1.0,1.0,0.7415730337078652,3.208092485549133,13.5,False,False,0.07521581649780273
algebra_distributivity,promoted,promoted,True,9001,4,0.0,0,"Mul(?v0:Expr, Add(?v1:Expr, ?v2:Expr))  ->  Add(Mul(?v0:Expr, ?v1:Expr), Mul(?v0:Expr, ?v2:Expr))",1.0,1.0,1.0,1.0,1.0,1.8285714285714285,13.5,False,False,0.05901384353637695
algebra_distributivity,promoted,promoted,True,9001,4,0.0,8,"Mul(?v0:Expr, Add(?v1:Expr, ?v2:Expr))  ->  Add(Mul(?v0:Expr, ?v1:Expr), Mul(?v0:Expr, ?v2:Expr))",1.0,1.0,1.0,1.0,0.8992248062015504,2.6823529411764704,13.5,False,False,0.07278800010681152
algebra_distributivity,promoted,abstain,False,9001,4,0.0,32,"Mul(?v0:Expr, Add(?v1:Expr, ?v2:Expr))  ->  Add(Mul(?v0:Expr, ?v1:Expr), Mul(?v0:Expr, ?v2:Expr))",1.0,1.0,1.0,1.0,0.46511627906976744,3.0822510822510822,13.5,False,True,0.08126115798950195
algebra_distributivity,promoted,promoted,True,9001,4,0.05,0,"Mul(?v0:Expr, Add(?v1:Expr, ?v2:Expr))  ->  Add(Mul(?v0:Expr, ?v1:Expr), Mul(?v0:Expr, ?v2:Expr))",0.75,1.0,1.0,1.0,1.0,1.6,13.5,False,False,0.04103708267211914
algebra_distributivity,promoted,promoted,True,9001,4,0.05,8,"Mul(?v0:Expr, Add(?v1:Expr, ?v2:Expr))  ->  Add(Mul(?v0:Expr, ?v1:Expr), Mul(?v0:Expr, ?v2:Expr))",0.9166666666666666,1.0,1.0,1.0,0.8360655737704918,2.590909090909091,13.5,False,False,0.07915401458740234
algebra_distributivity,promoted,abstain,False,9001,4,0.05,32,"Mul(?v0:Expr, Add(?v1:Expr, ?v2:Expr))  ->  Add(Mul(?v0:Expr, ?v1:Expr), Mul(?v0:Expr, ?v2:Expr))",0.9722222222222222,1.0,1.0,1.0,0.33653846153846156,3.0,13.5,False,True,0.07334399223327637
algebra_distributivity,promoted,promoted,True,9001,4,0.1,0,"Mul(?v0:Expr, Add(?v1:Expr, ?v2:Expr))  ->  Add(Mul(?v0:Expr, ?v1:Expr), Mul(?v0:Expr, ?v2:Expr))",0.75,1.0,1.0,1.0,1.0,1.6,13.5,False,False,0.03385281562805176
algebra_distributivity,promoted,promoted,True,9001,4,0.1,8,"Mul(?v0:Expr, Add(?v1:Expr, ?v2:Expr))  ->  Add(Mul(?v0:Expr, ?v1:Expr), Mul(?v0:Expr, ?v2:Expr))",0.9166666666666666,1.0,1.0,1.0,0.8360655737704918,2.590909090909091,13.5,False,False,0.06090283393859863
algebra_distributivity,promoted,abstain,False,9001,4,0.1,32,"Mul(?v0:Expr, Add(?v1:Expr, ?v2:Expr))  ->  Add(Mul(?v0:Expr, ?v1:Expr), Mul(?v0:Expr, ?v2:Expr))",0.9722222222222222,1.0,1.0,1.0,0.33653846153846156,3.0,13.5,False,True,0.07993698120117188
algebra_distributivity,promoted,promoted,True,9001,4,0.2,0,"Mul(?v0:Expr, Add(?v1:Expr, ?v2:Expr))  ->  Add(Mul(?v0:Expr, ?v1:Expr), Mul(?v0:Expr, ?v2:Expr))",0.75,1.0,1.0,1.0,1.0,1.6,13.5,False,False,0.036292076110839844
algebra_distributivity,promoted,promoted,True,9001,4,0.2,8,"Mul(?v0:Expr, Add(?v1:Expr, ?v2:Expr))  ->  Add(Mul(?v0:Expr, ?v1:Expr), Mul(?v0:Expr, ?v2:Expr))",0.9166666666666666,1.0,1.0,1.0,0.8360655737704918,2.590909090909091,13.5,False,False,0.06428885459899902
algebra_distributivity,promoted,abstain,False,9001,4,0.2,32,"Mul(?v0:Expr, Add(?v1:Expr, ?v2:Expr))  ->  Add(Mul(?v0:Expr, ?v1:Expr), Mul(?v0:Expr, ?v2:Expr))",0.9722222222222222,1.0,1.0,1.0,0.33653846153846156,3.0,13.5,False,True,0.07663822174072266
algebra_distributivity,promoted,promoted,True,9001,8,0.0,0,"Mul(?v0:Expr, Add(?v1:Expr, ?v2:Expr))  ->  Add(Mul(?v0:Expr, ?v1:Expr), Mul(?v0:Expr, ?v2:Expr))",1.0,1.0,1.0,1.0,0.937984496124031,2.3157894736842106,13.5,False,False,0.07203292846679688
algebra_distributivity,promoted,promoted,True,9001,8,0.0,8,"Mul(?v0:Expr, Add(?v1:Expr, ?v2:Expr))  ->  Add(Mul(?v0:Expr, ?v1:Expr), Mul(?v0:Expr, ?v2:Expr))",1.0,1.0,1.0,1.0,0.9147286821705426,2.780952380952381,13.5,False,False,0.09171509742736816
algebra_distributivity,promoted,promoted,True,9001,8,0.0,32,"Mul(?v0:Expr, Add(?v1:Expr, ?v2:Expr))  ->  Add(Mul(?v0:Expr, ?v1:Expr), Mul(?v0:Expr, ?v2:Expr))",1.0,1.0,1.0,1.0,0.6589147286821705,3.136929460580913,13.5,False,False,0.08857893943786621
algebra_distributivity,promoted,promoted,True,9001,8,0.05,0,"Mul(?v0:Expr, Add(?v1:Expr, ?v2:Expr))  ->  Add(Mul(?v0:Expr, ?v1:Expr), Mul(?v0:Expr, ?v2:Expr))",0.875,1.0,1.0,1.0,0.9047619047619048,2.3076923076923075,13.5,False,False,0.06013011932373047
algebra_distributivity,promoted,promoted,True,9001,8,0.05,8,"Mul(?v0:Expr, Add(?v1:Expr, ?v2:Expr))  ->  Add(Mul(?v0:Expr, ?v1:Expr), Mul(?v0:Expr, ?v2:Expr))",0.9375,1.0,1.0,1.0,0.851063829787234,2.769230769230769,13.5,False,False,0.06691217422485352
algebra_distributivity,promoted,abstain,False,9001,8,0.05,32,"Mul(?v0:Expr, Add(?v1:Expr, ?v2:Expr))  ->  Add(Mul(?v0:Expr, ?v1:Expr), Mul(?v0:Expr, ?v2:Expr))",0.975,1.0,1.0,1.0,0.4824561403508772,3.088,13.5,False,True,0.08771514892578125
algebra_distributivity,promoted,promoted,True,9001,8,0.1,0,"Mul(?v0:Expr, Add(?v1:Expr, ?v2:Expr))  ->  Add(Mul(?v0:Expr, ?v1:Expr), Mul(?v0:Expr, ?v2:Expr))",0.875,1.0,1.0,1.0,0.9047619047619048,2.3076923076923075,13.5,False,False,0.07029199600219727
algebra_distributivity,promoted,promoted,True,9001,8,0.1,8,"Mul(?v0:Expr, Add(?v1:Expr, ?v2:Expr))  ->  Add(Mul(?v0:Expr, ?v1:Expr), Mul(?v0:Expr, ?v2:Expr))",0.9375,1.0,1.0,1.0,0.851063829787234,2.769230769230769,13.5,False,False,0.08713984489440918
algebra_distributivity,promoted,abstain,False,9001,8,0.1,32,"Mul(?v0:Expr, Add(?v1:Expr, ?v2:Expr))  ->  Add(Mul(?v0:Expr, ?v1:Expr), Mul(?v0:Expr, ?v2:Expr))",0.975,1.0,1.0,1.0,0.4824561403508772,3.088,13.5,False,True,0.0745389461517334
algebra_distributivity,promoted,promoted,True,9001,8,0.2,0,"Mul(?v0:Expr, Add(?v1:Expr, ?v2:Expr))  ->  Add(Mul(?v0:Expr, ?v1:Expr), Mul(?v0:Expr, ?v2:Expr))",0.75,1.0,1.0,1.0,0.9473684210526315,2.1702127659574466,13.5,False,False,0.06122088432312012
algebra_distributivity,promoted,promoted,True,9001,8,0.2,8,"Mul(?v0:Expr, Add(?v1:Expr, ?v2:Expr))  ->  Add(Mul(?v0:Expr, ?v1:Expr), Mul(?v0:Expr, ?v2:Expr))",0.875,1.0,1.0,1.0,0.9629629629629629,2.727272727272727,13.5,False,False,0.06403112411499023
algebra_distributivity,promoted,abstain,False,9001,8,0.2,32,"Mul(?v0:Expr, Add(?v1:Expr, ?v2:Expr))  ->  Add(Mul(?v0:Expr, ?v1:Expr), Mul(?v0:Expr, ?v2:Expr))",0.95,1.0,1.0,1.0,0.5869565217391305,3.0775510204081633,13.5,False,True,0.07279300689697266
algebra_distributivity,promoted,promoted,True,9001,16,0.0,0,"Mul(?v0:Expr, Add(?v1:Expr, ?v2:Expr))  ->  Add(Mul(?v0:Expr, ?v1:Expr), Mul(?v0:Expr, ?v2:Expr))",1.0,1.0,1.0,1.0,0.9534883720930233,2.736842105263158,13.5,False,False,0.0641639232635498
algebra_distributivity,promoted,promoted,True,9001,16,0.0,8,"Mul(?v0:Expr, Add(?v1:Expr, ?v2:Expr))  ->  Add(Mul(?v0:Expr, ?v1:Expr), Mul(?v0:Expr, ?v2:Expr))",1.0,1.0,1.0,1.0,0.937984496124031,2.950354609929078,13.5,False,False,0.08129119873046875
algebra_distributivity,promoted,promoted,True,9001,16,0.0,32,"Mul(?v0:Expr, Add(?v1:Expr, ?v2:Expr))  ->  Add(Mul(?v0:Expr, ?v1:Expr), Mul(?v0:Expr, ?v2:Expr))",1.0,1.0,1.0,1.0,0.7674418604651163,3.1358885017421603,13.5,False,False,0.08925294876098633
algebra_distributivity,promoted,promoted,True,9001,16,0.05,0,"Mul(?v0:Expr, Add(?v1:Expr, ?v2:Expr))  ->  Add(Mul(?v0:Expr, ?v1:Expr), Mul(?v0:Expr, ?v2:Expr))",0.9375,1.0,1.0,1.0,1.0,2.744186046511628,13.5,False,False,0.06765627861022949
algebra_distributivity,promoted,promoted,True,9001,16,0.05,8,"Mul(?v0:Expr, Add(?v1:Expr, ?v2:Expr))  ->  Add(Mul(?v0:Expr, ?v1:Expr), Mul(?v0:Expr, ?v2:Expr))",0.9583333333333334,1.0,1.0,1.0,0.9902912621359223,2.9846153846153847,13.5,False,False,0.09104609489440918
algebra_distributivity,promoted,promoted,True,9001,16,0.05,32,"Mul(?v0:Expr, Add(?v1:Expr, ?v2:Expr))  ->  Add(Mul(?v0:Expr, ?v1:Expr), Mul(?v0:Expr, ?v2:Expr))",0.9791666666666666,1.0,1.0,1.0,0.7521367521367521,3.185185185185185,13.5,False,False,0.08977913856506348
algebra_distributivity,promoted,promoted,True,9001,16,0.1,0,"Mul(?v0:Expr, Add(?v1:Expr, ?v2:Expr))  ->  Add(Mul(?v0:Expr, ?v1:Expr), Mul(?v0:Expr, ?v2:Expr))",0.9375,1.0,1.0,1.0,1.0,2.744186046511628,13.5,False,False,0.0724022388458252
algebra_distributivity,promoted,promoted,True,9001,16,0.1,8,"Mul(?v0:Expr, Add(?v1:Expr, ?v2:Expr))  ->  Add(Mul(?v0:Expr, ?v1:Expr), Mul(?v0:Expr, ?v2:Expr))",0.9583333333333334,1.0,1.0,1.0,0.9902912621359223,2.9846153846153847,13.5,False,False,0.07294797897338867
algebra_distributivity,promoted,promoted,True,9001,16,0.1,32,"Mul(?v0:Expr, Add(?v1:Expr, ?v2:Expr))  ->  Add(Mul(?v0:Expr, ?v1:Expr), Mul(?v0:Expr, ?v2:Expr))",0.9791666666666666,1.0,1.0,1.0,0.7521367521367521,3.185185185185185,13.5,False,False,0.08851814270019531
algebra_distributivity,promoted,promoted,True,9001,16,0.2,0,"Mul(?v0:Expr, Add(?v1:Expr, ?v2:Expr))  ->  Add(Mul(?v0:Expr, ?v1:Expr), Mul(?v0:Expr, ?v2:Expr))",0.875,1.0,1.0,1.0,0.9824561403508771,2.7058823529411766,13.5,False,False,0.05810999870300293
algebra_distributivity,promoted,promoted,True,9001,16,0.2,8,"Mul(?v0:Expr, Add(?v1:Expr, ?v2:Expr))  ->  Add(Mul(?v0:Expr, ?v1:Expr), Mul(?v0:Expr, ?v2:Expr))",0.9166666666666666,1.0,1.0,1.0,0.9743589743589743,2.9612403100775193,13.5,False,False,0.07422518730163574
algebra_distributivity,promoted,promoted,True,9001,16,0.2,32,"Mul(?v0:Expr, Add(?v1:Expr, ?v2:Expr))  ->  Add(Mul(?v0:Expr, ?v1:Expr), Mul(?v0:Expr, ?v2:Expr))",0.9583333333333334,1.0,1.0,1.0,0.6730769230769231,3.1660516605166054,13.5,False,False,0.08823823928833008
algebra_distributivity,promoted,promoted,True,9001,32,0.0,0,"Mul(?v0:Expr, Add(?v1:Expr, ?v2:Expr))  ->  Add(Mul(?v0:Expr, ?v1:Expr), Mul(?v0:Expr, ?v2:Expr))",1.0,1.0,1.0,1.0,0.9767441860465116,3.0414201183431953,13.5,False,False,0.07439780235290527
algebra_distributivity,promoted,promoted,True,9001,32,0.0,8,"Mul(?v0:Expr, Add(?v1:Expr, ?v2:Expr))  ->  Add(Mul(?v0:Expr, ?v1:Expr), Mul(?v0:Expr, ?v2:Expr))",1.0,1.0,1.0,1.0,0.9534883720930233,3.095890410958904,13.5,False,False,0.09246683120727539
algebra_distributivity,promoted,promoted,True,9001,32,0.0,32,"Mul(?v0:Expr, Add(?v1:Expr, ?v2:Expr))  ->  Add(Mul(?v0:Expr, ?v1:Expr), Mul(?v0:Expr, ?v2:Expr))",1.0,1.0,1.0,1.0,0.9302325581395349,3.190082644628099,13.5,False,False,0.09820890426635742
algebra_distributivity,promoted,promoted,True,9001,32,0.05,0,"Mul(?v0:Expr, Add(?v1:Expr, ?v2:Expr))  ->  Add(Mul(?v0:Expr, ?v1:Expr), Mul(?v0:Expr, ?v2:Expr))",0.96875,1.0,1.0,1.0,0.98989898989899,3.011904761904762,13.5,False,False,0.07368707656860352
algebra_distributivity,promoted,promoted,True,9001,32,0.05,8,"Mul(?v0:Expr, Add(?v1:Expr, ?v2:Expr))  ->  Add(Mul(?v0:Expr, ?v1:Expr), Mul(?v0:Expr, ?v2:Expr))",0.975,1.0,1.0,1.0,0.954954954954955,3.073394495412844,13.5,False,False,0.08603072166442871
algebra_distributivity,promoted,promoted,True,9001,32,0.05,32,"Mul(?v0:Expr, Add(?v1:Expr, ?v2:Expr))  ->  Add(Mul(?v0:Expr, ?v1:Expr), Mul(?v0:Expr, ?v2:Expr))",0.984375,1.0,1.0,1.0,0.8823529411764706,3.189944134078212,13.5,False,False,0.09855532646179199
algebra_distributivity,promoted,promoted,True,9001,32,0.1,0,"Mul(?v0:Expr, Add(?v1:Expr, ?v2:Expr))  ->  Add(Mul(?v0:Expr, ?v1:Expr), Mul(?v0:Expr, ?v2:Expr))",0.90625,1.0,1.0,1.0,0.9692307692307692,3.039473684210526,13.5,False,False,0.06487178802490234
algebra_distributivity,promoted,promoted,True,9001,32,0.1,8,"Mul(?v0:Expr, Add(?v1:Expr, ?v2:Expr))  ->  Add(Mul(?v0:Expr, ?v1:Expr), Mul(?v0:Expr, ?v2:Expr))",0.925,1.0,1.0,1.0,0.9342105263157895,3.11,13.5,False,False,0.07490682601928711
algebra_distributivity,promoted,promoted,True,9001,32,0.1,32,"Mul(?v0:Expr, Add(?v1:Expr, ?v2:Expr))  ->  Add(Mul(?v0:Expr, ?v1:Expr), Mul(?v0:Expr, ?v2:Expr))",0.953125,1.0,1.0,1.0,0.865979381443299,3.246987951807229,13.5,False,False,0.10411906242370605
algebra_distributivity,promoted,promoted,True,9001,32,0.2,0,"Mul(?v0:Expr, Add(?v1:Expr, ?v2:Expr))  ->  Add(Mul(?v0:Expr, ?v1:Expr), Mul(?v0:Expr, ?v2:Expr))",0.78125,1.0,1.0,1.0,0.9666666666666667,2.985294117647059,13.5,False,False,0.04753303527832031
algebra_distributivity,promoted,promoted,True,9001,32,0.2,8,"Mul(?v0:Expr, Add(?v1:Expr, ?v2:Expr))  ->  Add(Mul(?v0:Expr, ?v1:Expr), Mul(?v0:Expr, ?v2:Expr))",0.825,1.0,1.0,1.0,0.9361702127659575,3.0531914893617023,13.5,False,False,0.06313014030456543
algebra_distributivity,promoted,promoted,True,9001,32,0.2,32,"Mul(?v0:Expr, Add(?v1:Expr, ?v2:Expr))  ->  Add(Mul(?v0:Expr, ?v1:Expr), Mul(?v0:Expr, ?v2:Expr))",0.890625,1.0,1.0,1.0,0.8428571428571429,3.1470588235294117,13.5,False,False,0.08344101905822754
biology_transcription,promoted,promoted,True,42,4,0.0,0,"Express(Gene(?v0:Promoter, Coding(?v1:Sequence)))  ->  RNA(?v1:Sequence)",1.0,1.0,1.0,1.0,1.0,1.6470588235294117,8.0,False,False,0.026712894439697266
biology_transcription,promoted,promoted,True,42,4,0.0,8,"Express(Gene(?v0:Promoter, Coding(?v1:Sequence)))  ->  RNA(?v1:Sequence)",1.0,1.0,1.0,1.0,1.0,2.5454545454545454,8.0,False,False,0.04680514335632324
biology_transcription,promoted,promoted,True,42,4,0.0,32,"Express(Gene(?v0:Promoter, Coding(?v1:Sequence)))  ->  RNA(?v1:Sequence)",1.0,1.0,1.0,1.0,1.0,3.111111111111111,8.0,False,False,0.04223799705505371
biology_transcription,promoted,promoted,True,42,4,0.05,0,"Express(Gene(?v0:Promoter, Coding(?v1:Sequence)))  ->  RNA(?v1:Sequence)",1.0,1.0,1.0,1.0,1.0,1.6470588235294117,8.0,False,False,0.029236793518066406
biology_transcription,promoted,promoted,True,42,4,0.05,8,"Express(Gene(?v0:Promoter, Coding(?v1:Sequence)))  ->  RNA(?v1:Sequence)",1.0,1.0,1.0,1.0,1.0,2.5454545454545454,8.0,False,False,0.033921003341674805
biology_transcription,promoted,promoted,True,42,4,0.05,32,"Express(Gene(?v0:Promoter, Coding(?v1:Sequence)))  ->  RNA(?v1:Sequence)",1.0,1.0,1.0,1.0,1.0,3.111111111111111,8.0,False,False,0.03832387924194336
biology_transcription,promoted,promoted,True,42,4,0.1,0,"Express(Gene(?v0:Promoter, Coding(?v1:Sequence)))  ->  RNA(?v1:Sequence)",1.0,1.0,1.0,1.0,1.0,1.6470588235294117,8.0,False,False,0.025954246520996094
biology_transcription,promoted,promoted,True,42,4,0.1,8,"Express(Gene(?v0:Promoter, Coding(?v1:Sequence)))  ->  RNA(?v1:Sequence)",1.0,1.0,1.0,1.0,1.0,2.5454545454545454,8.0,False,False,0.03383994102478027
biology_transcription,promoted,promoted,True,42,4,0.1,32,"Express(Gene(?v0:Promoter, Coding(?v1:Sequence)))  ->  RNA(?v1:Sequence)",1.0,1.0,1.0,1.0,1.0,3.111111111111111,8.0,False,False,0.04083681106567383
biology_transcription,promoted,promoted,True,42,4,0.2,0,"Express(Gene(?v0:Promoter, Coding(?v1:Sequence)))  ->  RNA(?v1:Sequence)",1.0,1.0,1.0,1.0,1.0,1.6470588235294117,8.0,False,False,0.033206939697265625
biology_transcription,promoted,promoted,True,42,4,0.2,8,"Express(Gene(?v0:Promoter, Coding(?v1:Sequence)))  ->  RNA(?v1:Sequence)",1.0,1.0,1.0,1.0,1.0,2.5454545454545454,8.0,False,False,0.04293394088745117
biology_transcription,promoted,promoted,True,42,4,0.2,32,"Express(Gene(?v0:Promoter, Coding(?v1:Sequence)))  ->  RNA(?v1:Sequence)",1.0,1.0,1.0,1.0,1.0,3.111111111111111,8.0,False,False,0.04339027404785156
biology_transcription,promoted,promoted,True,42,8,0.0,0,"Express(Gene(?v0:Promoter, Coding(?v1:Sequence)))  ->  RNA(?v1:Sequence)",1.0,1.0,1.0,1.0,1.0,2.24,8.0,False,False,0.034406185150146484
biology_transcription,promoted,promoted,True,42,8,0.0,8,"Express(Gene(?v0:Promoter, Coding(?v1:Sequence)))  ->  RNA(?v1:Sequence)",1.0,1.0,1.0,1.0,1.0,2.731707317073171,8.0,False,False,0.03827095031738281
biology_transcription,promoted,promoted,True,42,8,0.0,32,"Express(Gene(?v0:Promoter, Coding(?v1:Sequence)))  ->  RNA(?v1:Sequence)",1.0,1.0,1.0,1.0,1.0,3.146067415730337,8.0,False,False,0.04688739776611328
biology_transcription,promoted,promoted,True,42,8,0.05,0,"Express(Gene(?v0:Promoter, Coding(?v1:Sequence)))  ->  RNA(?v1:Sequence)",1.0,1.0,1.0,1.0,1.0,2.24,8.0,False,False,0.03666830062866211
biology_transcription,promoted,promoted,True,42,8,0.05,8,"Express(Gene(?v0:Promoter, Coding(?v1:Sequence)))  ->  RNA(?v1:Sequence)",1.0,1.0,1.0,1.0,1.0,2.731707317073171,8.0,False,False,0.04087710380554199
biology_transcription,promoted,promoted,True,42,8,0.05,32,"Express(Gene(?v0:Promoter, Coding(?v1:Sequence)))  ->  RNA(?v1:Sequence)",1.0,1.0,1.0,1.0,1.0,3.146067415730337,8.0,False,False,0.04333376884460449
biology_transcription,promoted,promoted,True,42,8,0.1,0,"Express(Gene(?v0:Promoter, Coding(?v1:Sequence)))  ->  RNA(?v1:Sequence)",1.0,1.0,1.0,1.0,1.0,2.24,8.0,False,False,0.036412954330444336
biology_transcription,promoted,promoted,True,42,8,0.1,8,"Express(Gene(?v0:Promoter, Coding(?v1:Sequence)))  ->  RNA(?v1:Sequence)",1.0,1.0,1.0,1.0,1.0,2.731707317073171,8.0,False,False,0.040619850158691406
biology_transcription,promoted,promoted,True,42,8,0.1,32,"Express(Gene(?v0:Promoter, Coding(?v1:Sequence)))  ->  RNA(?v1:Sequence)",1.0,1.0,1.0,1.0,1.0,3.146067415730337,8.0,False,False,0.04035186767578125
biology_transcription,promoted,promoted,True,42,8,0.2,0,"Express(Gene(?v0:Promoter, Coding(?v1:Sequence)))  ->  RNA(?v1:Sequence)",1.0,1.0,1.0,1.0,1.0,2.24,8.0,False,False,0.03683304786682129
biology_transcription,promoted,promoted,True,42,8,0.2,8,"Express(Gene(?v0:Promoter, Coding(?v1:Sequence)))  ->  RNA(?v1:Sequence)",1.0,1.0,1.0,1.0,1.0,2.731707317073171,8.0,False,False,0.04526090621948242
biology_transcription,promoted,promoted,True,42,8,0.2,32,"Express(Gene(?v0:Promoter, Coding(?v1:Sequence)))  ->  RNA(?v1:Sequence)",1.0,1.0,1.0,1.0,1.0,3.146067415730337,8.0,False,False,0.04149484634399414
biology_transcription,promoted,promoted,True,42,16,0.0,0,"Express(Gene(?v0:Promoter, Coding(?v1:Sequence)))  ->  RNA(?v1:Sequence)",1.0,1.0,1.0,1.0,1.0,2.731707317073171,8.0,False,False,0.042487144470214844
biology_transcription,promoted,promoted,True,42,16,0.0,8,"Express(Gene(?v0:Promoter, Coding(?v1:Sequence)))  ->  RNA(?v1:Sequence)",1.0,1.0,1.0,1.0,1.0,2.9473684210526314,8.0,False,False,0.044425010681152344
biology_transcription,promoted,promoted,True,42,16,0.0,32,"Express(Gene(?v0:Promoter, Coding(?v1:Sequence)))  ->  RNA(?v1:Sequence)",1.0,1.0,1.0,1.0,1.0,3.2,8.0,False,False,0.05450701713562012
biology_transcription,promoted,promoted,True,42,16,0.05,0,"Express(Gene(?v0:Promoter, Coding(?v1:Sequence)))  ->  RNA(?v1:Sequence)",0.9375,1.0,1.0,1.0,1.0,2.6923076923076925,8.0,False,False,0.03451991081237793
biology_transcription,promoted,promoted,True,42,16,0.05,8,"Express(Gene(?v0:Promoter, Coding(?v1:Sequence)))  ->  RNA(?v1:Sequence)",0.9583333333333334,1.0,1.0,1.0,1.0,2.9272727272727272,8.0,False,False,0.04909777641296387
biology_transcription,promoted,promoted,True,42,16,0.05,32,"Express(Gene(?v0:Promoter, Coding(?v1:Sequence)))  ->  RNA(?v1:Sequence)",0.9791666666666666,1.0,1.0,1.0,1.0,3.1941747572815533,8.0,False,False,0.04128408432006836
biology_transcription,promoted,promoted,True,42,16,0.1,0,"Express(Gene(?v0:Promoter, Coding(?v1:Sequence)))  ->  RNA(?v1:Sequence)",0.9375,1.0,1.0,1.0,1.0,2.6923076923076925,8.0,False,False,0.03711104393005371
biology_transcription,promoted,promoted,True,42,16,0.1,8,"Express(Gene(?v0:Promoter, Coding(?v1:Sequence)))  ->  RNA(?v1:Sequence)",0.9583333333333334,1.0,1.0,1.0,1.0,2.9272727272727272,8.0,False,False,0.038403987884521484
biology_transcription,promoted,promoted,True,42,16,0.1,32,"Express(Gene(?v0:Promoter, Coding(?v1:Sequence)))  ->  RNA(?v1:Sequence)",0.9791666666666666,1.0,1.0,1.0,1.0,3.1941747572815533,8.0,False,False,0.04447007179260254
biology_transcription,promoted,promoted,True,42,16,0.2,0,"Express(Gene(?v0:Promoter, Coding(?v1:Sequence)))  ->  RNA(?v1:Sequence)",0.875,1.0,1.0,1.0,1.0,2.6486486486486487,8.0,False,False,0.03277587890625
biology_transcription,promoted,promoted,True,42,16,0.2,8,"Express(Gene(?v0:Promoter, Coding(?v1:Sequence)))  ->  RNA(?v1:Sequence)",0.9166666666666666,1.0,1.0,1.0,1.0,2.9056603773584904,8.0,False,False,0.04211711883544922
biology_transcription,promoted,promoted,True,42,16,0.2,32,"Express(Gene(?v0:Promoter, Coding(?v1:Sequence)))  ->  RNA(?v1:Sequence)",0.9583333333333334,1.0,1.0,1.0,1.0,3.1881188118811883,8.0,False,False,0.04168820381164551
biology_transcription,promoted,promoted,True,42,32,0.0,0,"Express(Gene(?v0:Promoter, Coding(?v1:Sequence)))  ->  RNA(?v1:Sequence)",1.0,1.0,1.0,1.0,1.0,3.0684931506849313,8.0,False,False,0.03903913497924805
biology_transcription,promoted,promoted,True,42,32,0.0,8,"Express(Gene(?v0:Promoter, Coding(?v1:Sequence)))  ->  RNA(?v1:Sequence)",1.0,1.0,1.0,1.0,1.0,3.146067415730337,8.0,False,False,0.04973101615905762
biology_transcription,promoted,promoted,True,42,32,0.0,32,"Express(Gene(?v0:Promoter, Coding(?v1:Sequence)))  ->  RNA(?v1:Sequence)",1.0,1.0,1.0,1.0,1.0,3.27007299270073,8.0,False,False,0.04230785369873047
biology_transcription,promoted,promoted,True,42,32,0.05,0,"Express(Gene(?v0:Promoter, Coding(?v1:Sequence)))  ->  RNA(?v1:Sequence)",0.96875,1.0,1.0,1.0,1.0,3.056338028169014,8.0,False,False,0.03644609451293945
biology_transcription,promoted,promoted,True,42,32,0.05,8,"Express(Gene(?v0:Promoter, Coding(?v1:Sequence)))  ->  RNA(?v1:Sequence)",0.975,1.0,1.0,1.0,1.0,3.1379310344827585,8.0,False,False,0.046896934509277344
biology_transcription,promoted,promoted,True,42,32,0.05,32,"Express(Gene(?v0:Promoter, Coding(?v1:Sequence)))  ->  RNA(?v1:Sequence)",0.984375,1.0,1.0,1.0,1.0,3.2666666666666666,8.0,False,False,0.054109811782836914
biology_transcription,promoted,promoted,True,42,32,0.1,0,"Express(Gene(?v0:Promoter, Coding(?v1:Sequence)))  ->  RNA(?v1:Sequence)",0.96875,1.0,1.0,1.0,1.0,3.056338028169014,8.0,False,False,0.03462982177734375
biology_transcription,promoted,promoted,True,42,32,0.1,8,"Express(Gene(?v0:Promoter, Coding(?v1:Sequence)))  ->  RNA(?v1:Sequence)",0.975,1.0,1.0,1.0,1.0,3.1379310344827585,8.0,False,False,0.03950905799865723
biology_transcription,promoted,promoted,True,42,32,0.1,32,"Express(Gene(?v0:Promoter, Coding(?v1:Sequence)))  ->  RNA(?v1:Sequence)",0.984375,1.0,1.0,1.0,1.0,3.2666666666666666,8.0,False,False,0.05088996887207031
biology_transcription,promoted,promoted,True,42,32,0.2,0,"Express(Gene(?v0:Promoter, Coding(?v1:Sequence)))  ->  RNA(?v1:Sequence)",0.8125,1.0,1.0,1.0,1.0,2.9836065573770494,8.0,False,False,0.03769803047180176
biology_transcription,promoted,promoted,True,42,32,0.2,8,"Express(Gene(?v0:Promoter, Coding(?v1:Sequence)))  ->  RNA(?v1:Sequence)",0.85,1.0,1.0,1.0,1.0,3.090909090909091,8.0,False,False,0.03728508949279785
biology_transcription,promoted,promoted,True,42,32,0.2,32,"Express(Gene(?v0:Promoter, Coding(?v1:Sequence)))  ->  RNA(?v1:Sequence)",0.90625,1.0,1.0,1.0,1.0,3.248,8.0,False,False,0.04454493522644043
biology_transcription,promoted,promoted,True,1337,4,0.0,0,"Express(Gene(?v0:Promoter, Coding(?v1:Sequence)))  ->  RNA(?v1:Sequence)",1.0,1.0,1.0,1.0,1.0,1.6470588235294117,8.0,False,False,0.030277252197265625
biology_transcription,promoted,promoted,True,1337,4,0.0,8,"Express(Gene(?v0:Promoter, Coding(?v1:Sequence)))  ->  RNA(?v1:Sequence)",1.0,1.0,1.0,1.0,1.0,2.5454545454545454,8.0,False,False,0.04003000259399414
biology_transcription,promoted,promoted,True,1337,4,0.0,32,"Express(Gene(?v0:Promoter, Coding(?v1:Sequence)))  ->  RNA(?v1:Sequence)",1.0,1.0,1.0,1.0,1.0,3.111111111111111,8.0,False,False,0.04399919509887695
biology_transcription,promoted,promoted,True,1337,4,0.05,0,"Express(Gene(?v0:Promoter, Coding(?v1:Sequence)))  ->  RNA(?v1:Sequence)",1.0,1.0,1.0,1.0,1.0,1.6470588235294117,8.0,False,False,0.02925896644592285
biology_transcription,promoted,promoted,True,1337,4,0.05,8,"Express(Gene(?v0:Promoter, Coding(?v1:Sequence)))  ->  RNA(?v1:Sequence)",1.0,1.0,1.0,1.0,1.0,2.5454545454545454,8.0,False,False,0.03687882423400879
biology_transcription,promoted,promoted,True,1337,4,0.05,32,"Express(Gene(?v0:Promoter, Coding(?v1:Sequence)))  ->  RNA(?v1:Sequence)",1.0,1.0,1.0,1.0,1.0,3.111111111111111,8.0,False,False,0.03852391242980957
biology_transcription,promoted,promoted,True,1337,4,0.1,0,"Express(Gene(?v0:Promoter, Coding(?v1:Sequence)))  ->  RNA(?v1:Sequence)",1.0,1.0,1.0,1.0,1.0,1.6470588235294117,8.0,False,False,0.03308415412902832
biology_transcription,promoted,promoted,True,1337,4,0.1,8,"Express(Gene(?v0:Promoter, Coding(?v1:Sequence)))  ->  RNA(?v1:Sequence)",1.0,1.0,1.0,1.0,1.0,2.5454545454545454,8.0,False,False,0.034555912017822266
biology_transcription,promoted,promoted,True,1337,4,0.1,32,"Express(Gene(?v0:Promoter, Coding(?v1:Sequence)))  ->  RNA(?v1:Sequence)",1.0,1.0,1.0,1.0,1.0,3.111111111111111,8.0,False,False,0.043940067291259766
biology_transcription,promoted,abstain,False,1337,4,0.2,0,,,,,,,,,False,True,0.030255794525146484
biology_transcription,promoted,abstain,False,1337,4,0.2,8,,,,,,,,,False,True,0.02061605453491211
biology_transcription,promoted,abstain,False,1337,4,0.2,32,,,,,,,,,False,True,0.02069711685180664
biology_transcription,promoted,promoted,True,1337,8,0.0,0,"Express(Gene(?v0:Promoter, Coding(?v1:Sequence)))  ->  RNA(?v1:Sequence)",1.0,1.0,1.0,1.0,1.0,2.24,8.0,False,False,0.03573489189147949
biology_transcription,promoted,promoted,True,1337,8,0.0,8,"Express(Gene(?v0:Promoter, Coding(?v1:Sequence)))  ->  RNA(?v1:Sequence)",1.0,1.0,1.0,1.0,1.0,2.731707317073171,8.0,False,False,0.046540021896362305
biology_transcription,promoted,promoted,True,1337,8,0.0,32,"Express(Gene(?v0:Promoter, Coding(?v1:Sequence)))  ->  RNA(?v1:Sequence)",1.0,1.0,1.0,1.0,1.0,3.146067415730337,8.0,False,False,0.039999961853027344
biology_transcription,promoted,promoted,True,1337,8,0.05,0,"Express(Gene(?v0:Promoter, Coding(?v1:Sequence)))  ->  RNA(?v1:Sequence)",1.0,1.0,1.0,1.0,1.0,2.24,8.0,False,False,0.03692221641540527
biology_transcription,promoted,promoted,True,1337,8,0.05,8,"Express(Gene(?v0:Promoter, Coding(?v1:Sequence)))  ->  RNA(?v1:Sequence)",1.0,1.0,1.0,1.0,1.0,2.731707317073171,8.0,False,False,0.043740034103393555
biology_transcription,promoted,promoted,True,1337,8,0.05,32,"Express(Gene(?v0:Promoter, Coding(?v1:Sequence)))  ->  RNA(?v1:Sequence)",1.0,1.0,1.0,1.0,1.0,3.146067415730337,8.0,False,False,0.040220022201538086
biology_transcription,promoted,promoted,True,1337,8,0.1,0,"Express(Gene(?v0:Promoter, Coding(?v1:Sequence)))  ->  RNA(?v1:Sequence)",1.0,1.0,1.0,1.0,1.0,2.24,8.0,False,False,0.03461909294128418
biology_transcription,promoted,promoted,True,1337,8,0.1,8,"Express(Gene(?v0:Promoter, Coding(?v1:Sequence)))  ->  RNA(?v1:Sequence)",1.0,1.0,1.0,1.0,1.0,2.731707317073171,8.0,False,False,0.043517112731933594
biology_transcription,promoted,promoted,True,1337,8,0.1,32,"Express(Gene(?v0:Promoter, Coding(?v1:Sequence)))  ->  RNA(?v1:Sequence)",1.0,1.0,1.0,1.0,1.0,3.146067415730337,8.0,False,False,0.04195594787597656
biology_transcription,promoted,abstain,False,1337,8,0.2,0,"Express(Gene(?v0:Promoter, Coding(?v1:Sequence)))  ->  RNA(?v1:Sequence)",0.5,1.0,1.0,1.0,1.0,1.6470588235294117,8.0,False,True,0.03397989273071289
biology_transcription,promoted,promoted,True,1337,8,0.2,8,"Express(Gene(?v0:Promoter, Coding(?v1:Sequence)))  ->  RNA(?v1:Sequence)",0.75,1.0,1.0,1.0,1.0,2.5454545454545454,8.0,False,False,0.03938579559326172
biology_transcription,promoted,promoted,True,1337,8,0.2,32,"Express(Gene(?v0:Promoter, Coding(?v1:Sequence)))  ->  RNA(?v1:Sequence)",0.9,1.0,1.0,1.0,1.0,3.111111111111111,8.0,False,False,0.04196500778198242
biology_transcription,promoted,promoted,True,1337,16,0.0,0,"Express(Gene(?v0:Promoter, Coding(?v1:Sequence)))  ->  RNA(?v1:Sequence)",1.0,1.0,1.0,1.0,1.0,2.731707317073171,8.0,False,False,0.03786325454711914
biology_transcription,promoted,promoted,True,1337,16,0.0,8,"Express(Gene(?v0:Promoter, Coding(?v1:Sequence)))  ->  RNA(?v1:Sequence)",1.0,1.0,1.0,1.0,1.0,2.9473684210526314,8.0,False,False,0.04113888740539551
biology_transcription,promoted,promoted,True,1337,16,0.0,32,"Express(Gene(?v0:Promoter, Coding(?v1:Sequence)))  ->  RNA(?v1:Sequence)",1.0,1.0,1.0,1.0,1.0,3.2,8.0,False,False,0.04022812843322754
biology_transcription,promoted,promoted,True,1337,16,0.05,0,"Express(Gene(?v0:Promoter, Coding(?v1:Sequence)))  ->  RNA(?v1:Sequence)",0.875,1.0,1.0,1.0,1.0,2.6486486486486487,8.0,False,False,0.038095951080322266
biology_transcription,promoted,promoted,True,1337,16,0.05,8,"Express(Gene(?v0:Promoter, Coding(?v1:Sequence)))  ->  RNA(?v1:Sequence)",0.9166666666666666,1.0,1.0,1.0,1.0,2.9056603773584904,8.0,False,False,0.0415492057800293
biology_transcription,promoted,promoted,True,1337,16,0.05,32,"Express(Gene(?v0:Promoter, Coding(?v1:Sequence)))  ->  RNA(?v1:Sequence)",0.9583333333333334,1.0,1.0,1.0,1.0,3.1881188118811883,8.0,False,False,0.03689980506896973
biology_transcription,promoted,promoted,True,1337,16,0.1,0,"Express(Gene(?v0:Promoter, Coding(?v1:Sequence)))  ->  RNA(?v1:Sequence)",0.75,1.0,1.0,1.0,1.0,2.5454545454545454,8.0,False,False,0.031632184982299805
biology_transcription,promoted,promoted,True,1337,16,0.1,8,"Express(Gene(?v0:Promoter, Coding(?v1:Sequence)))  ->  RNA(?v1:Sequence)",0.8333333333333334,1.0,1.0,1.0,1.0,2.857142857142857,8.0,False,False,0.03917288780212402
biology_transcription,promoted,promoted,True,1337,16,0.1,32,"Express(Gene(?v0:Promoter, Coding(?v1:Sequence)))  ->  RNA(?v1:Sequence)",0.9166666666666666,1.0,1.0,1.0,1.0,3.1752577319587627,8.0,False,False,0.04132890701293945
biology_transcription,promoted,abstain,False,1337,16,0.2,0,"Express(Gene(?v0:Promoter, Coding(?v1:Sequence)))  ->  RNA(?v1:Sequence)",0.5,1.0,1.0,1.0,1.0,2.24,8.0,False,True,0.03209114074707031
biology_transcription,promoted,abstain,False,1337,16,0.2,8,"Express(Gene(?v0:Promoter, Coding(?v1:Sequence)))  ->  RNA(?v1:Sequence)",0.6666666666666666,1.0,1.0,1.0,1.0,2.731707317073171,8.0,False,True,0.0330197811126709
biology_transcription,promoted,promoted,True,1337,16,0.2,32,"Express(Gene(?v0:Promoter, Coding(?v1:Sequence)))  ->  RNA(?v1:Sequence)",0.8333333333333334,1.0,1.0,1.0,1.0,3.146067415730337,8.0,False,False,0.039353132247924805
biology_transcription,promoted,promoted,True,1337,32,0.0,0,"Express(Gene(?v0:Promoter, Coding(?v1:Sequence)))  ->  RNA(?v1:Sequence)",1.0,1.0,1.0,1.0,1.0,3.0684931506849313,8.0,False,False,0.04373884201049805
biology_transcription,promoted,promoted,True,1337,32,0.0,8,"Express(Gene(?v0:Promoter, Coding(?v1:Sequence)))  ->  RNA(?v1:Sequence)",1.0,1.0,1.0,1.0,1.0,3.146067415730337,8.0,False,False,0.04404187202453613
biology_transcription,promoted,promoted,True,1337,32,0.0,32,"Express(Gene(?v0:Promoter, Coding(?v1:Sequence)))  ->  RNA(?v1:Sequence)",1.0,1.0,1.0,1.0,1.0,3.27007299270073,8.0,False,False,0.04841876029968262
biology_transcription,promoted,promoted,True,1337,32,0.05,0,"Express(Gene(?v0:Promoter, Coding(?v1:Sequence)))  ->  RNA(?v1:Sequence)",0.9375,1.0,1.0,1.0,1.0,3.0434782608695654,8.0,False,False,0.03380393981933594
biology_transcription,promoted,promoted,True,1337,32,0.05,8,"Express(Gene(?v0:Promoter, Coding(?v1:Sequence)))  ->  RNA(?v1:Sequence)",0.95,1.0,1.0,1.0,1.0,3.1294117647058823,8.0,False,False,0.0486142635345459
biology_transcription,promoted,promoted,True,1337,32,0.05,32,"Express(Gene(?v0:Promoter, Coding(?v1:Sequence)))  ->  RNA(?v1:Sequence)",0.96875,1.0,1.0,1.0,1.0,3.263157894736842,8.0,False,False,0.0395359992980957
biology_transcription,promoted,promoted,True,1337,32,0.1,0,"Express(Gene(?v0:Promoter, Coding(?v1:Sequence)))  ->  RNA(?v1:Sequence)",0.78125,1.0,1.0,1.0,1.0,2.9661016949152543,8.0,False,False,0.03218889236450195
biology_transcription,promoted,promoted,True,1337,32,0.1,8,"Express(Gene(?v0:Promoter, Coding(?v1:Sequence)))  ->  RNA(?v1:Sequence)",0.825,1.0,1.0,1.0,1.0,3.08,8.0,False,False,0.04144787788391113
biology_transcription,promoted,promoted,True,1337,32,0.1,32,"Express(Gene(?v0:Promoter, Coding(?v1:Sequence)))  ->  RNA(?v1:Sequence)",0.890625,1.0,1.0,1.0,1.0,3.2439024390243905,8.0,False,False,0.039954185485839844
biology_transcription,promoted,abstain,False,1337,32,0.2,0,"Express(Gene(?v0:Promoter, Coding(?v1:Sequence)))  ->  RNA(?v1:Sequence)",0.65625,1.0,1.0,1.0,1.0,2.8823529411764706,8.0,False,True,0.03183293342590332
biology_transcription,promoted,abstain,False,1337,32,0.2,8,"Express(Gene(?v0:Promoter, Coding(?v1:Sequence)))  ->  RNA(?v1:Sequence)",0.725,1.0,1.0,1.0,1.0,3.029850746268657,8.0,False,True,0.03485703468322754
biology_transcription,promoted,promoted,True,1337,32,0.2,32,"Express(Gene(?v0:Promoter, Coding(?v1:Sequence)))  ->  RNA(?v1:Sequence)",0.828125,1.0,1.0,1.0,1.0,3.226086956521739,8.0,False,False,0.04944777488708496
biology_transcription,promoted,promoted,True,2025,4,0.0,0,"Express(Gene(?v0:Promoter, Coding(?v1:Sequence)))  ->  RNA(?v1:Sequence)",1.0,1.0,1.0,1.0,1.0,1.6470588235294117,8.0,False,False,0.028799057006835938
biology_transcription,promoted,promoted,True,2025,4,0.0,8,"Express(Gene(?v0:Promoter, Coding(?v1:Sequence)))  ->  RNA(?v1:Sequence)",1.0,1.0,1.0,1.0,1.0,2.5454545454545454,8.0,False,False,0.0364689826965332
biology_transcription,promoted,promoted,True,2025,4,0.0,32,"Express(Gene(?v0:Promoter, Coding(?v1:Sequence)))  ->  RNA(?v1:Sequence)",1.0,1.0,1.0,1.0,1.0,3.111111111111111,8.0,False,False,0.04442906379699707
biology_transcription,promoted,promoted,True,2025,4,0.05,0,"Express(Gene(?v0:Promoter, Coding(?v1:Sequence)))  ->  RNA(?v1:Sequence)",1.0,1.0,1.0,1.0,1.0,1.6470588235294117,8.0,False,False,0.02861189842224121
biology_transcription,promoted,promoted,True,2025,4,0.05,8,"Express(Gene(?v0:Promoter, Coding(?v1:Sequence)))  ->  RNA(?v1:Sequence)",1.0,1.0,1.0,1.0,1.0,2.5454545454545454,8.0,False,False,0.042253971099853516
biology_transcription,promoted,promoted,True,2025,4,0.05,32,"Express(Gene(?v0:Promoter, Coding(?v1:Sequence)))  ->  RNA(?v1:Sequence)",1.0,1.0,1.0,1.0,1.0,3.111111111111111,8.0,False,False,0.037772178649902344
biology_transcription,promoted,promoted,True,2025,4,0.1,0,"Express(Gene(?v0:Promoter, Coding(?v1:Sequence)))  ->  RNA(?v1:Sequence)",0.75,1.0,1.0,1.0,1.0,1.4,8.0,False,False,0.022642850875854492
biology_transcription,promoted,promoted,True,2025,4,0.1,8,"Express(Gene(?v0:Promoter, Coding(?v1:Sequence)))  ->  RNA(?v1:Sequence)",0.9166666666666666,1.0,1.0,1.0,1.0,2.4838709677419355,8.0,False,False,0.033576011657714844
biology_transcription,promoted,promoted,True,2025,4,0.1,32,"Express(Gene(?v0:Promoter, Coding(?v1:Sequence)))  ->  RNA(?v1:Sequence)",0.9722222222222222,1.0,1.0,1.0,1.0,3.1012658227848102,8.0,False,False,0.03600811958312988
biology_transcription,promoted,promoted,True,2025,4,0.2,0,"Express(Gene(?v0:Promoter, Coding(?v1:Sequence)))  ->  RNA(?v1:Sequence)",0.75,1.0,1.0,1.0,1.0,1.4,8.0,False,False,0.0305936336517334
biology_transcription,promoted,promoted,True,2025,4,0.2,8,"Express(Gene(?v0:Promoter, Coding(?v1:Sequence)))  ->  RNA(?v1:Sequence)",0.9166666666666666,1.0,1.0,1.0,1.0,2.4838709677419355,8.0,False,False,0.03528594970703125
biology_transcription,promoted,promoted,True,2025,4,0.2,32,"Express(Gene(?v0:Promoter, Coding(?v1:Sequence)))  ->  RNA(?v1:Sequence)",0.9722222222222222,1.0,1.0,1.0,1.0,3.1012658227848102,8.0,False,False,0.03283500671386719
biology_transcription,promoted,promoted,True,2025,8,0.0,0,"Express(Gene(?v0:Promoter, Coding(?v1:Sequence)))  ->  RNA(?v1:Sequence)",1.0,1.0,1.0,1.0,1.0,2.24,8.0,False,False,0.03504824638366699
biology_transcription,promoted,promoted,True,2025,8,0.0,8,"Express(Gene(?v0:Promoter, Coding(?v1:Sequence)))  ->  RNA(?v1:Sequence)",1.0,1.0,1.0,1.0,1.0,2.731707317073171,8.0,False,False,0.0395200252532959
biology_transcription,promoted,promoted,True,2025,8,0.0,32,"Express(Gene(?v0:Promoter, Coding(?v1:Sequence)))  ->  RNA(?v1:Sequence)",1.0,1.0,1.0,1.0,1.0,3.146067415730337,8.0,False,False,0.04496479034423828
biology_transcription,promoted,promoted,True,2025,8,0.05,0,"Express(Gene(?v0:Promoter, Coding(?v1:Sequence)))  ->  RNA(?v1:Sequence)",1.0,1.0,1.0,1.0,1.0,2.24,8.0,False,False,0.0489192008972168
biology_transcription,promoted,promoted,True,2025,8,0.05,8,"Express(Gene(?v0:Promoter, Coding(?v1:Sequence)))  ->  RNA(?v1:Sequence)",1.0,1.0,1.0,1.0,1.0,2.731707317073171,8.0,False,False,0.04329991340637207
biology_transcription,promoted,promoted,True,2025,8,0.05,32,"Express(Gene(?v0:Promoter, Coding(?v1:Sequence)))  ->  RNA(?v1:Sequence)",1.0,1.0,1.0,1.0,1.0,3.146067415730337,8.0,False,False,0.046543121337890625
biology_transcription,promoted,promoted,True,2025,8,0.1,0,"Express(Gene(?v0:Promoter, Coding(?v1:Sequence)))  ->  RNA(?v1:Sequence)",0.75,1.0,1.0,1.0,1.0,2.0,8.0,False,False,0.029877901077270508
biology_transcription,promoted,promoted,True,2025,8,0.1,8,"Express(Gene(?v0:Promoter, Coding(?v1:Sequence)))  ->  RNA(?v1:Sequence)",0.875,1.0,1.0,1.0,1.0,2.6486486486486487,8.0,False,False,0.038223981857299805
biology_transcription,promoted,promoted,True,2025,8,0.1,32,"Express(Gene(?v0:Promoter, Coding(?v1:Sequence)))  ->  RNA(?v1:Sequence)",0.95,1.0,1.0,1.0,1.0,3.1294117647058823,8.0,False,False,0.04818105697631836
biology_transcription,promoted,abstain,False,2025,8,0.2,0,"Express(Gene(?v0:Promoter, Coding(?v1:Sequence)))  ->  RNA(?v1:Sequence)",0.625,1.0,1.0,1.0,1.0,1.8421052631578947,8.0,False,True,0.02919912338256836
biology_transcription,promoted,promoted,True,2025,8,0.2,8,"Express(Gene(?v0:Promoter, Coding(?v1:Sequence)))  ->  RNA(?v1:Sequence)",0.8125,1.0,1.0,1.0,1.0,2.6,8.0,False,False,0.03415203094482422
biology_transcription,promoted,promoted,True,2025,8,0.2,32,"Express(Gene(?v0:Promoter, Coding(?v1:Sequence)))  ->  RNA(?v1:Sequence)",0.925,1.0,1.0,1.0,1.0,3.1204819277108435,8.0,False,False,0.03564310073852539
biology_transcription,promoted,promoted,True,2025,16,0.0,0,"Express(Gene(?v0:Promoter, Coding(?v1:Sequence)))  ->  RNA(?v1:Sequence)",1.0,1.0,1.0,1.0,1.0,2.731707317073171,8.0,False,False,0.03432512283325195
biology_transcription,promoted,promoted,True,2025,16,0.0,8,"Express(Gene(?v0:Promoter, Coding(?v1:Sequence)))  ->  RNA(?v1:Sequence)",1.0,1.0,1.0,1.0,1.0,2.9473684210526314,8.0,False,False,0.0430908203125
biology_transcription,promoted,promoted,True,2025,16,0.0,32,"Express(Gene(?v0:Promoter, Coding(?v1:Sequence)))  ->  RNA(?v1:Sequence)",1.0,1.0,1.0,1.0,1.0,3.2,8.0,False,False,0.04554414749145508
biology_transcription,promoted,promoted,True,2025,16,0.05,0,"Express(Gene(?v0:Promoter, Coding(?v1:Sequence)))  ->  RNA(?v1:Sequence)",1.0,1.0,1.0,1.0,1.0,2.731707317073171,8.0,False,False,0.03789210319519043
biology_transcription,promoted,promoted,True,2025,16,0.05,8,"Express(Gene(?v0:Promoter, Coding(?v1:Sequence)))  ->  RNA(?v1:Sequence)",1.0,1.0,1.0,1.0,1.0,2.9473684210526314,8.0,False,False,0.04489588737487793
biology_transcription,promoted,promoted,True,2025,16,0.05,32,"Express(Gene(?v0:Promoter, Coding(?v1:Sequence)))  ->  RNA(?v1:Sequence)",1.0,1.0,1.0,1.0,1.0,3.2,8.0,False,False,0.049391984939575195
biology_transcription,promoted,promoted,True,2025,16,0.1,0,"Express(Gene(?v0:Promoter, Coding(?v1:Sequence)))  ->  RNA(?v1:Sequence)",0.875,1.0,1.0,1.0,1.0,2.6486486486486487,8.0,False,False,0.03548598289489746
biology_transcription,promoted,promoted,True,2025,16,0.1,8,"Express(Gene(?v0:Promoter, Coding(?v1:Sequence)))  ->  RNA(?v1:Sequence)",0.9166666666666666,1.0,1.0,1.0,1.0,2.9056603773584904,8.0,False,False,0.0362088680267334
biology_transcription,promoted,promoted,True,2025,16,0.1,32,"Express(Gene(?v0:Promoter, Coding(?v1:Sequence)))  ->  RNA(?v1:Sequence)",0.9583333333333334,1.0,1.0,1.0,1.0,3.1881188118811883,8.0,False,False,0.037715911865234375
biology_transcription,promoted,promoted,True,2025,16,0.2,0,"Express(Gene(?v0:Promoter, Coding(?v1:Sequence)))  ->  RNA(?v1:Sequence)",0.8125,1.0,1.0,1.0,1.0,2.6,8.0,False,False,0.03338432312011719
biology_transcription,promoted,promoted,True,2025,16,0.2,8,"Express(Gene(?v0:Promoter, Coding(?v1:Sequence)))  ->  RNA(?v1:Sequence)",0.875,1.0,1.0,1.0,1.0,2.8823529411764706,8.0,False,False,0.03676724433898926
biology_transcription,promoted,promoted,True,2025,16,0.2,32,"Express(Gene(?v0:Promoter, Coding(?v1:Sequence)))  ->  RNA(?v1:Sequence)",0.9375,1.0,1.0,1.0,1.0,3.1818181818181817,8.0,False,False,0.05235004425048828
biology_transcription,promoted,promoted,True,2025,32,0.0,0,"Express(Gene(?v0:Promoter, Coding(?v1:Sequence)))  ->  RNA(?v1:Sequence)",1.0,1.0,1.0,1.0,1.0,3.0684931506849313,8.0,False,False,0.0404820442199707
biology_transcription,promoted,promoted,True,2025,32,0.0,8,"Express(Gene(?v0:Promoter, Coding(?v1:Sequence)))  ->  RNA(?v1:Sequence)",1.0,1.0,1.0,1.0,1.0,3.146067415730337,8.0,False,False,0.0579378604888916
biology_transcription,promoted,promoted,True,2025,32,0.0,32,"Express(Gene(?v0:Promoter, Coding(?v1:Sequence)))  ->  RNA(?v1:Sequence)",1.0,1.0,1.0,1.0,1.0,3.27007299270073,8.0,False,False,0.040840864181518555
biology_transcription,promoted,promoted,True,2025,32,0.05,0,"Express(Gene(?v0:Promoter, Coding(?v1:Sequence)))  ->  RNA(?v1:Sequence)",1.0,1.0,1.0,1.0,1.0,3.0684931506849313,8.0,False,False,0.04525899887084961
biology_transcription,promoted,promoted,True,2025,32,0.05,8,"Express(Gene(?v0:Promoter, Coding(?v1:Sequence)))  ->  RNA(?v1:Sequence)",1.0,1.0,1.0,1.0,1.0,3.146067415730337,8.0,False,False,0.042601823806762695
biology_transcription,promoted,promoted,True,2025,32,0.05,32,"Express(Gene(?v0:Promoter, Coding(?v1:Sequence)))  ->  RNA(?v1:Sequence)",1.0,1.0,1.0,1.0,1.0,3.27007299270073,8.0,False,False,0.047679901123046875
biology_transcription,promoted,promoted,True,2025,32,0.1,0,"Express(Gene(?v0:Promoter, Coding(?v1:Sequence)))  ->  RNA(?v1:Sequence)",0.9375,1.0,1.0,1.0,1.0,3.0434782608695654,8.0,False,False,0.03701210021972656
biology_transcription,promoted,promoted,True,2025,32,0.1,8,"Express(Gene(?v0:Promoter, Coding(?v1:Sequence)))  ->  RNA(?v1:Sequence)",0.95,1.0,1.0,1.0,1.0,3.1294117647058823,8.0,False,False,0.04538393020629883
biology_transcription,promoted,promoted,True,2025,32,0.1,32,"Express(Gene(?v0:Promoter, Coding(?v1:Sequence)))  ->  RNA(?v1:Sequence)",0.96875,1.0,1.0,1.0,1.0,3.263157894736842,8.0,False,False,0.048963069915771484
biology_transcription,promoted,promoted,True,2025,32,0.2,0,"Express(Gene(?v0:Promoter, Coding(?v1:Sequence)))  ->  RNA(?v1:Sequence)",0.875,1.0,1.0,1.0,1.0,3.0153846153846153,8.0,False,False,0.03522825241088867
biology_transcription,promoted,promoted,True,2025,32,0.2,8,"Express(Gene(?v0:Promoter, Coding(?v1:Sequence)))  ->  RNA(?v1:Sequence)",0.9,1.0,1.0,1.0,1.0,3.111111111111111,8.0,False,False,0.03649711608886719
biology_transcription,promoted,promoted,True,2025,32,0.2,32,"Express(Gene(?v0:Promoter, Coding(?v1:Sequence)))  ->  RNA(?v1:Sequence)",0.9375,1.0,1.0,1.0,1.0,3.255813953488372,8.0,False,False,0.03859114646911621
biology_transcription,promoted,promoted,True,9001,4,0.0,0,"Express(Gene(?v0:Promoter, Coding(?v1:Sequence)))  ->  RNA(?v1:Sequence)",1.0,1.0,1.0,1.0,1.0,1.6470588235294117,8.0,False,False,0.03574180603027344
biology_transcription,promoted,promoted,True,9001,4,0.0,8,"Express(Gene(?v0:Promoter, Coding(?v1:Sequence)))  ->  RNA(?v1:Sequence)",1.0,1.0,1.0,1.0,1.0,2.5454545454545454,8.0,False,False,0.03592085838317871
biology_transcription,promoted,promoted,True,9001,4,0.0,32,"Express(Gene(?v0:Promoter, Coding(?v1:Sequence)))  ->  RNA(?v1:Sequence)",1.0,1.0,1.0,1.0,1.0,3.111111111111111,8.0,False,False,0.036073923110961914
biology_transcription,promoted,promoted,True,9001,4,0.05,0,"Express(Gene(?v0:Promoter, Coding(?v1:Sequence)))  ->  RNA(?v1:Sequence)",1.0,1.0,1.0,1.0,1.0,1.6470588235294117,8.0,False,False,0.031188011169433594
biology_transcription,promoted,promoted,True,9001,4,0.05,8,"Express(Gene(?v0:Promoter, Coding(?v1:Sequence)))  ->  RNA(?v1:Sequence)",1.0,1.0,1.0,1.0,1.0,2.5454545454545454,8.0,False,False,0.03370499610900879
biology_transcription,promoted,promoted,True,9001,4,0.05,32,"Express(Gene(?v0:Promoter, Coding(?v1:Sequence)))  ->  RNA(?v1:Sequence)",1.0,1.0,1.0,1.0,1.0,3.111111111111111,8.0,False,False,0.03496694564819336
biology_transcription,promoted,promoted,True,9001,4,0.1,0,"Express(Gene(?v0:Promoter, Coding(?v1:Sequence)))  ->  RNA(?v1:Sequence)",0.75,1.0,1.0,1.0,1.0,1.4,8.0,False,False,0.0246429443359375
biology_transcription,promoted,promoted,True,9001,4,0.1,8,"Express(Gene(?v0:Promoter, Coding(?v1:Sequence)))  ->  RNA(?v1:Sequence)",0.9166666666666666,1.0,1.0,1.0,1.0,2.4838709677419355,8.0,False,False,0.0305328369140625
biology_transcription,promoted,promoted,True,9001,4,0.1,32,"Express(Gene(?v0:Promoter, Coding(?v1:Sequence)))  ->  RNA(?v1:Sequence)",0.9722222222222222,1.0,1.0,1.0,1.0,3.1012658227848102,8.0,False,False,0.04019784927368164
biology_transcription,promoted,promoted,True,9001,4,0.2,0,"Express(Gene(?v0:Promoter, Coding(?v1:Sequence)))  ->  RNA(?v1:Sequence)",0.75,1.0,1.0,1.0,1.0,1.4,8.0,False,False,0.027437925338745117
biology_transcription,promoted,promoted,True,9001,4,0.2,8,"Express(Gene(?v0:Promoter, Coding(?v1:Sequence)))  ->  RNA(?v1:Sequence)",0.9166666666666666,1.0,1.0,1.0,1.0,2.4838709677419355,8.0,False,False,0.0328221321105957
biology_transcription,promoted,promoted,True,9001,4,0.2,32,"Express(Gene(?v0:Promoter, Coding(?v1:Sequence)))  ->  RNA(?v1:Sequence)",0.9722222222222222,1.0,1.0,1.0,1.0,3.1012658227848102,8.0,False,False,0.032460927963256836
biology_transcription,promoted,promoted,True,9001,8,0.0,0,"Express(Gene(?v0:Promoter, Coding(?v1:Sequence)))  ->  RNA(?v1:Sequence)",1.0,1.0,1.0,1.0,1.0,2.24,8.0,False,False,0.03426098823547363
biology_transcription,promoted,promoted,True,9001,8,0.0,8,"Express(Gene(?v0:Promoter, Coding(?v1:Sequence)))  ->  RNA(?v1:Sequence)",1.0,1.0,1.0,1.0,1.0,2.731707317073171,8.0,False,False,0.03781604766845703
biology_transcription,promoted,promoted,True,9001,8,0.0,32,"Express(Gene(?v0:Promoter, Coding(?v1:Sequence)))  ->  RNA(?v1:Sequence)",1.0,1.0,1.0,1.0,1.0,3.146067415730337,8.0,False,False,0.04381108283996582
biology_transcription,promoted,promoted,True,9001,8,0.05,0,"Express(Gene(?v0:Promoter, Coding(?v1:Sequence)))  ->  RNA(?v1:Sequence)",1.0,1.0,1.0,1.0,1.0,2.24,8.0,False,False,0.03402113914489746
biology_transcription,promoted,promoted,True,9001,8,0.05,8,"Express(Gene(?v0:Promoter, Coding(?v1:Sequence)))  ->  RNA(?v1:Sequence)",1.0,1.0,1.0,1.0,1.0,2.731707317073171,8.0,False,False,0.04606485366821289
biology_transcription,promoted,promoted,True,9001,8,0.05,32,"Express(Gene(?v0:Promoter, Coding(?v1:Sequence)))  ->  RNA(?v1:Sequence)",1.0,1.0,1.0,1.0,1.0,3.146067415730337,8.0,False,False,0.04136991500854492
biology_transcription,promoted,promoted,True,9001,8,0.1,0,"Express(Gene(?v0:Promoter, Coding(?v1:Sequence)))  ->  RNA(?v1:Sequence)",0.75,1.0,1.0,1.0,1.0,2.0,8.0,False,False,0.03484201431274414
biology_transcription,promoted,promoted,True,9001,8,0.1,8,"Express(Gene(?v0:Promoter, Coding(?v1:Sequence)))  ->  RNA(?v1:Sequence)",0.875,1.0,1.0,1.0,1.0,2.6486486486486487,8.0,False,False,0.03394579887390137
biology_transcription,promoted,promoted,True,9001,8,0.1,32,"Express(Gene(?v0:Promoter, Coding(?v1:Sequence)))  ->  RNA(?v1:Sequence)",0.95,1.0,1.0,1.0,1.0,3.1294117647058823,8.0,False,False,0.042440176010131836
biology_transcription,promoted,promoted,True,9001,8,0.2,0,"Express(Gene(?v0:Promoter, Coding(?v1:Sequence)))  ->  RNA(?v1:Sequence)",0.75,1.0,1.0,1.0,1.0,2.0,8.0,False,False,0.0362701416015625
biology_transcription,promoted,promoted,True,9001,8,0.2,8,"Express(Gene(?v0:Promoter, Coding(?v1:Sequence)))  ->  RNA(?v1:Sequence)",0.875,1.0,1.0,1.0,1.0,2.6486486486486487,8.0,False,False,0.04103493690490723
biology_transcription,promoted,promoted,True,9001,8,0.2,32,"Express(Gene(?v0:Promoter, Coding(?v1:Sequence)))  ->  RNA(?v1:Sequence)",0.95,1.0,1.0,1.0,1.0,3.1294117647058823,8.0,False,False,0.03663015365600586
biology_transcription,promoted,promoted,True,9001,16,0.0,0,"Express(Gene(?v0:Promoter, Coding(?v1:Sequence)))  ->  RNA(?v1:Sequence)",1.0,1.0,1.0,1.0,1.0,2.731707317073171,8.0,False,False,0.03979682922363281
biology_transcription,promoted,promoted,True,9001,16,0.0,8,"Express(Gene(?v0:Promoter, Coding(?v1:Sequence)))  ->  RNA(?v1:Sequence)",1.0,1.0,1.0,1.0,1.0,2.9473684210526314,8.0,False,False,0.03867006301879883
biology_transcription,promoted,promoted,True,9001,16,0.0,32,"Express(Gene(?v0:Promoter, Coding(?v1:Sequence)))  ->  RNA(?v1:Sequence)",1.0,1.0,1.0,1.0,1.0,3.2,8.0,False,False,0.039459943771362305
biology_transcription,promoted,promoted,True,9001,16,0.05,0,"Express(Gene(?v0:Promoter, Coding(?v1:Sequence)))  ->  RNA(?v1:Sequence)",1.0,1.0,1.0,1.0,1.0,2.731707317073171,8.0,False,False,0.035002946853637695
biology_transcription,promoted,promoted,True,9001,16,0.05,8,"Express(Gene(?v0:Promoter, Coding(?v1:Sequence)))  ->  RNA(?v1:Sequence)",1.0,1.0,1.0,1.0,1.0,2.9473684210526314,8.0,False,False,0.044911861419677734
biology_transcription,promoted,promoted,True,9001,16,0.05,32,"Express(Gene(?v0:Promoter, Coding(?v1:Sequence)))  ->  RNA(?v1:Sequence)",1.0,1.0,1.0,1.0,1.0,3.2,8.0,False,False,0.04797816276550293
biology_transcription,promoted,promoted,True,9001,16,0.1,0,"Express(Gene(?v0:Promoter, Coding(?v1:Sequence)))  ->  RNA(?v1:Sequence)",0.875,1.0,1.0,1.0,1.0,2.6486486486486487,8.0,False,False,0.036010026931762695
biology_transcription,promoted,promoted,True,9001,16,0.1,8,"Express(Gene(?v0:Promoter, Coding(?v1:Sequence)))  ->  RNA(?v1:Sequence)",0.9166666666666666,1.0,1.0,1.0,1.0,2.9056603773584904,8.0,False,False,0.03860878944396973
biology_transcription,promoted,promoted,True,9001,16,0.1,32,"Express(Gene(?v0:Promoter, Coding(?v1:Sequence)))  ->  RNA(?v1:Sequence)",0.9583333333333334,1.0,1.0,1.0,1.0,3.1881188118811883,8.0,False,False,0.04121112823486328
biology_transcription,promoted,promoted,True,9001,16,0.2,0,"Express(Gene(?v0:Promoter, Coding(?v1:Sequence)))  ->  RNA(?v1:Sequence)",0.875,1.0,1.0,1.0,1.0,2.6486486486486487,8.0,False,False,0.031661033630371094
biology_transcription,promoted,promoted,True,9001,16,0.2,8,"Express(Gene(?v0:Promoter, Coding(?v1:Sequence)))  ->  RNA(?v1:Sequence)",0.9166666666666666,1.0,1.0,1.0,1.0,2.9056603773584904,8.0,False,False,0.04100799560546875
biology_transcription,promoted,promoted,True,9001,16,0.2,32,"Express(Gene(?v0:Promoter, Coding(?v1:Sequence)))  ->  RNA(?v1:Sequence)",0.9583333333333334,1.0,1.0,1.0,1.0,3.1881188118811883,8.0,False,False,0.049919843673706055
biology_transcription,promoted,promoted,True,9001,32,0.0,0,"Express(Gene(?v0:Promoter, Coding(?v1:Sequence)))  ->  RNA(?v1:Sequence)",1.0,1.0,1.0,1.0,1.0,3.0684931506849313,8.0,False,False,0.03875613212585449
biology_transcription,promoted,promoted,True,9001,32,0.0,8,"Express(Gene(?v0:Promoter, Coding(?v1:Sequence)))  ->  RNA(?v1:Sequence)",1.0,1.0,1.0,1.0,1.0,3.146067415730337,8.0,False,False,0.04799222946166992
biology_transcription,promoted,promoted,True,9001,32,0.0,32,"Express(Gene(?v0:Promoter, Coding(?v1:Sequence)))  ->  RNA(?v1:Sequence)",1.0,1.0,1.0,1.0,1.0,3.27007299270073,8.0,False,False,0.04215693473815918
biology_transcription,promoted,promoted,True,9001,32,0.05,0,"Express(Gene(?v0:Promoter, Coding(?v1:Sequence)))  ->  RNA(?v1:Sequence)",0.96875,1.0,1.0,1.0,1.0,3.056338028169014,8.0,False,False,0.03523397445678711
biology_transcription,promoted,promoted,True,9001,32,0.05,8,"Express(Gene(?v0:Promoter, Coding(?v1:Sequence)))  ->  RNA(?v1:Sequence)",0.975,1.0,1.0,1.0,1.0,3.1379310344827585,8.0,False,False,0.04019427299499512
biology_transcription,promoted,promoted,True,9001,32,0.05,32,"Express(Gene(?v0:Promoter, Coding(?v1:Sequence)))  ->  RNA(?v1:Sequence)",0.984375,1.0,1.0,1.0,1.0,3.2666666666666666,8.0,False,False,0.04385995864868164
biology_transcription,promoted,promoted,True,9001,32,0.1,0,"Express(Gene(?v0:Promoter, Coding(?v1:Sequence)))  ->  RNA(?v1:Sequence)",0.875,1.0,1.0,1.0,1.0,3.0153846153846153,8.0,False,False,0.03522920608520508
biology_transcription,promoted,promoted,True,9001,32,0.1,8,"Express(Gene(?v0:Promoter, Coding(?v1:Sequence)))  ->  RNA(?v1:Sequence)",0.9,1.0,1.0,1.0,1.0,3.111111111111111,8.0,False,False,0.03925776481628418
biology_transcription,promoted,promoted,True,9001,32,0.1,32,"Express(Gene(?v0:Promoter, Coding(?v1:Sequence)))  ->  RNA(?v1:Sequence)",0.9375,1.0,1.0,1.0,1.0,3.255813953488372,8.0,False,False,0.03877711296081543
biology_transcription,promoted,promoted,True,9001,32,0.2,0,"Express(Gene(?v0:Promoter, Coding(?v1:Sequence)))  ->  RNA(?v1:Sequence)",0.875,1.0,1.0,1.0,1.0,3.0153846153846153,8.0,False,False,0.04176783561706543
biology_transcription,promoted,promoted,True,9001,32,0.2,8,"Express(Gene(?v0:Promoter, Coding(?v1:Sequence)))  ->  RNA(?v1:Sequence)",0.9,1.0,1.0,1.0,1.0,3.111111111111111,8.0,False,False,0.03623390197753906
biology_transcription,promoted,promoted,True,9001,32,0.2,32,"Express(Gene(?v0:Promoter, Coding(?v1:Sequence)))  ->  RNA(?v1:Sequence)",0.9375,1.0,1.0,1.0,1.0,3.255813953488372,8.0,False,False,0.03799796104431152
chemistry_hydrogenation,promoted,promoted,True,42,4,0.0,0,"React(Alkene(?v0:Group, ?v1:Group), H2)  ->  Alkane(?v0:Group, ?v1:Group)",1.0,1.0,1.0,1.0,1.0,1.7777777777777777,9.0,False,False,0.025104045867919922
chemistry_hydrogenation,promoted,promoted,True,42,4,0.0,8,"React(Alkene(?v0:Group, ?v1:Group), H2)  ->  Alkane(?v0:Group, ?v1:Group)",1.0,1.0,1.0,1.0,1.0,2.823529411764706,9.0,False,False,0.03347587585449219
chemistry_hydrogenation,promoted,promoted,True,42,4,0.0,32,"React(Alkene(?v0:Group, ?v1:Group), H2)  ->  Alkane(?v0:Group, ?v1:Group)",1.0,1.0,1.0,1.0,1.0,3.5121951219512195,9.0,False,False,0.046777963638305664
chemistry_hydrogenation,promoted,promoted,True,42,4,0.05,0,"React(Alkene(?v0:Group, ?v1:Group), H2)  ->  Alkane(?v0:Group, ?v1:Group)",1.0,1.0,1.0,1.0,1.0,1.7777777777777777,9.0,False,False,0.026916980743408203
chemistry_hydrogenation,promoted,promoted,True,42,4,0.05,8,"React(Alkene(?v0:Group, ?v1:Group), H2)  ->  Alkane(?v0:Group, ?v1:Group)",1.0,1.0,1.0,1.0,1.0,2.823529411764706,9.0,False,False,0.033987998962402344
chemistry_hydrogenation,promoted,promoted,True,42,4,0.05,32,"React(Alkene(?v0:Group, ?v1:Group), H2)  ->  Alkane(?v0:Group, ?v1:Group)",1.0,1.0,1.0,1.0,1.0,3.5121951219512195,9.0,False,False,0.03815913200378418
chemistry_hydrogenation,promoted,promoted,True,42,4,0.1,0,"React(Alkene(?v0:Group, ?v1:Group), H2)  ->  Alkane(?v0:Group, ?v1:Group)",1.0,1.0,1.0,1.0,1.0,1.7777777777777777,9.0,False,False,0.026404857635498047
chemistry_hydrogenation,promoted,promoted,True,42,4,0.1,8,"React(Alkene(?v0:Group, ?v1:Group), H2)  ->  Alkane(?v0:Group, ?v1:Group)",1.0,1.0,1.0,1.0,1.0,2.823529411764706,9.0,False,False,0.03427314758300781
chemistry_hydrogenation,promoted,promoted,True,42,4,0.1,32,"React(Alkene(?v0:Group, ?v1:Group), H2)  ->  Alkane(?v0:Group, ?v1:Group)",1.0,1.0,1.0,1.0,1.0,3.5121951219512195,9.0,False,False,0.03819704055786133
chemistry_hydrogenation,promoted,promoted,True,42,4,0.2,0,"React(Alkene(?v0:Group, ?v1:Group), H2)  ->  Alkane(?v0:Group, ?v1:Group)",1.0,1.0,1.0,1.0,1.0,1.7777777777777777,9.0,False,False,0.030230045318603516
chemistry_hydrogenation,promoted,promoted,True,42,4,0.2,8,"React(Alkene(?v0:Group, ?v1:Group), H2)  ->  Alkane(?v0:Group, ?v1:Group)",1.0,1.0,1.0,1.0,1.0,2.823529411764706,9.0,False,False,0.034857988357543945
chemistry_hydrogenation,promoted,promoted,True,42,4,0.2,32,"React(Alkene(?v0:Group, ?v1:Group), H2)  ->  Alkane(?v0:Group, ?v1:Group)",1.0,1.0,1.0,1.0,1.0,3.5121951219512195,9.0,False,False,0.04364919662475586
chemistry_hydrogenation,promoted,promoted,True,42,8,0.0,0,"React(Alkene(?v0:Group, ?v1:Group), H2)  ->  Alkane(?v0:Group, ?v1:Group)",1.0,1.0,1.0,1.0,1.0,2.4615384615384617,9.0,False,False,0.03252220153808594
chemistry_hydrogenation,promoted,promoted,True,42,8,0.0,8,"React(Alkene(?v0:Group, ?v1:Group), H2)  ->  Alkane(?v0:Group, ?v1:Group)",1.0,1.0,1.0,1.0,1.0,3.0476190476190474,9.0,False,False,0.03817605972290039
chemistry_hydrogenation,promoted,promoted,True,42,8,0.0,32,"React(Alkene(?v0:Group, ?v1:Group), H2)  ->  Alkane(?v0:Group, ?v1:Group)",1.0,1.0,1.0,1.0,1.0,3.5555555555555554,9.0,False,False,0.039588212966918945
chemistry_hydrogenation,promoted,promoted,True,42,8,0.05,0,"React(Alkene(?v0:Group, ?v1:Group), H2)  ->  Alkane(?v0:Group, ?v1:Group)",1.0,1.0,1.0,1.0,1.0,2.4615384615384617,9.0,False,False,0.04258608818054199
chemistry_hydrogenation,promoted,promoted,True,42,8,0.05,8,"React(Alkene(?v0:Group, ?v1:Group), H2)  ->  Alkane(?v0:Group, ?v1:Group)",1.0,1.0,1.0,1.0,1.0,3.0476190476190474,9.0,False,False,0.0555109977722168
chemistry_hydrogenation,promoted,promoted,True,42,8,0.05,32,"React(Alkene(?v0:Group, ?v1:Group), H2)  ->  Alkane(?v0:Group, ?v1:Group)",1.0,1.0,1.0,1.0,1.0,3.5555555555555554,9.0,False,False,0.04238724708557129
chemistry_hydrogenation,promoted,promoted,True,42,8,0.1,0,"React(Alkene(?v0:Group, ?v1:Group), H2)  ->  Alkane(?v0:Group, ?v1:Group)",1.0,1.0,1.0,1.0,1.0,2.4615384615384617,9.0,False,False,0.034583091735839844
chemistry_hydrogenation,promoted,promoted,True,42,8,0.1,8,"React(Alkene(?v0:Group, ?v1:Group), H2)  ->  Alkane(?v0:Group, ?v1:Group)",1.0,1.0,1.0,1.0,1.0,3.0476190476190474,9.0,False,False,0.03957104682922363
chemistry_hydrogenation,promoted,promoted,True,42,8,0.1,32,"React(Alkene(?v0:Group, ?v1:Group), H2)  ->  Alkane(?v0:Group, ?v1:Group)",1.0,1.0,1.0,1.0,1.0,3.5555555555555554,9.0,False,False,0.04089498519897461
chemistry_hydrogenation,promoted,promoted,True,42,8,0.2,0,"React(Alkene(?v0:Group, ?v1:Group), H2)  ->  Alkane(?v0:Group, ?v1:Group)",1.0,1.0,1.0,1.0,1.0,2.4615384615384617,9.0,False,False,0.03697609901428223
chemistry_hydrogenation,promoted,promoted,True,42,8,0.2,8,"React(Alkene(?v0:Group, ?v1:Group), H2)  ->  Alkane(?v0:Group, ?v1:Group)",1.0,1.0,1.0,1.0,1.0,3.0476190476190474,9.0,False,False,0.03925514221191406
chemistry_hydrogenation,promoted,promoted,True,42,8,0.2,32,"React(Alkene(?v0:Group, ?v1:Group), H2)  ->  Alkane(?v0:Group, ?v1:Group)",1.0,1.0,1.0,1.0,1.0,3.5555555555555554,9.0,False,False,0.04496431350708008
chemistry_hydrogenation,promoted,promoted,True,42,16,0.0,0,"React(Alkene(?v0:Group, ?v1:Group), H2)  ->  Alkane(?v0:Group, ?v1:Group)",1.0,1.0,1.0,1.0,1.0,3.0476190476190474,9.0,False,False,0.03846096992492676
chemistry_hydrogenation,promoted,promoted,True,42,16,0.0,8,"React(Alkene(?v0:Group, ?v1:Group), H2)  ->  Alkane(?v0:Group, ?v1:Group)",1.0,1.0,1.0,1.0,1.0,3.310344827586207,9.0,False,False,0.040309906005859375
chemistry_hydrogenation,promoted,promoted,True,42,16,0.0,32,"React(Alkene(?v0:Group, ?v1:Group), H2)  ->  Alkane(?v0:Group, ?v1:Group)",1.0,1.0,1.0,1.0,1.0,3.6226415094339623,9.0,False,False,0.042887210845947266
chemistry_hydrogenation,promoted,promoted,True,42,16,0.05,0,"React(Alkene(?v0:Group, ?v1:Group), H2)  ->  Alkane(?v0:Group, ?v1:Group)",0.9375,1.0,1.0,1.0,1.0,3.0,9.0,False,False,0.03862929344177246
chemistry_hydrogenation,promoted,promoted,True,42,16,0.05,8,"React(Alkene(?v0:Group, ?v1:Group), H2)  ->  Alkane(?v0:Group, ?v1:Group)",0.9583333333333334,1.0,1.0,1.0,1.0,3.2857142857142856,9.0,False,False,0.037297725677490234
chemistry_hydrogenation,promoted,promoted,True,42,16,0.05,32,"React(Alkene(?v0:Group, ?v1:Group), H2)  ->  Alkane(?v0:Group, ?v1:Group)",0.9791666666666666,1.0,1.0,1.0,1.0,3.6153846153846154,9.0,False,False,0.03711199760437012
chemistry_hydrogenation,promoted,promoted,True,42,16,0.1,0,"React(Alkene(?v0:Group, ?v1:Group), H2)  ->  Alkane(?v0:Group, ?v1:Group)",0.9375,1.0,1.0,1.0,1.0,3.0,9.0,False,False,0.030853986740112305
chemistry_hydrogenation,promoted,promoted,True,42,16,0.1,8,"React(Alkene(?v0:Group, ?v1:Group), H2)  ->  Alkane(?v0:Group, ?v1:Group)",0.9583333333333334,1.0,1.0,1.0,1.0,3.2857142857142856,9.0,False,False,0.03705883026123047
chemistry_hydrogenation,promoted,promoted,True,42,16,0.1,32,"React(Alkene(?v0:Group, ?v1:Group), H2)  ->  Alkane(?v0:Group, ?v1:Group)",0.9791666666666666,1.0,1.0,1.0,1.0,3.6153846153846154,9.0,False,False,0.041031837463378906
chemistry_hydrogenation,promoted,promoted,True,42,16,0.2,0,"React(Alkene(?v0:Group, ?v1:Group), H2)  ->  Alkane(?v0:Group, ?v1:Group)",0.875,1.0,1.0,1.0,1.0,2.9473684210526314,9.0,False,False,0.03648495674133301
chemistry_hydrogenation,promoted,promoted,True,42,16,0.2,8,"React(Alkene(?v0:Group, ?v1:Group), H2)  ->  Alkane(?v0:Group, ?v1:Group)",0.9166666666666666,1.0,1.0,1.0,1.0,3.259259259259259,9.0,False,False,0.03504586219787598
chemistry_hydrogenation,promoted,promoted,True,42,16,0.2,32,"React(Alkene(?v0:Group, ?v1:Group), H2)  ->  Alkane(?v0:Group, ?v1:Group)",0.9583333333333334,1.0,1.0,1.0,1.0,3.607843137254902,9.0,False,False,0.035592079162597656
chemistry_hydrogenation,promoted,promoted,True,42,32,0.0,0,"React(Alkene(?v0:Group, ?v1:Group), H2)  ->  Alkane(?v0:Group, ?v1:Group)",1.0,1.0,1.0,1.0,1.0,3.4594594594594597,9.0,False,False,0.035645246505737305
chemistry_hydrogenation,promoted,promoted,True,42,32,0.0,8,"React(Alkene(?v0:Group, ?v1:Group), H2)  ->  Alkane(?v0:Group, ?v1:Group)",1.0,1.0,1.0,1.0,1.0,3.5555555555555554,9.0,False,False,0.03890514373779297
chemistry_hydrogenation,promoted,promoted,True,42,32,0.0,32,"React(Alkene(?v0:Group, ?v1:Group), H2)  ->  Alkane(?v0:Group, ?v1:Group)",1.0,1.0,1.0,1.0,1.0,3.710144927536232,9.0,False,False,0.045577049255371094
chemistry_hydrogenation,promoted,promoted,True,42,32,0.05,0,"React(Alkene(?v0:Group, ?v1:Group), H2)  ->  Alkane(?v0:Group, ?v1:Group)",0.96875,1.0,1.0,1.0,1.0,3.4444444444444446,9.0,False,False,0.04427981376647949
chemistry_hydrogenation,promoted,promoted,True,42,32,0.05,8,"React(Alkene(?v0:Group, ?v1:Group), H2)  ->  Alkane(?v0:Group, ?v1:Group)",0.975,1.0,1.0,1.0,1.0,3.5454545454545454,9.0,False,False,0.037143707275390625
chemistry_hydrogenation,promoted,promoted,True,42,32,0.05,32,"React(Alkene(?v0:Group, ?v1:Group), H2)  ->  Alkane(?v0:Group, ?v1:Group)",0.984375,1.0,1.0,1.0,1.0,3.7058823529411766,9.0,False,False,0.03812098503112793
chemistry_hydrogenation,promoted,promoted,True,42,32,0.1,0,"React(Alkene(?v0:Group, ?v1:Group), H2)  ->  Alkane(?v0:Group, ?v1:Group)",0.96875,1.0,1.0,1.0,1.0,3.4444444444444446,9.0,False,False,0.033174991607666016
chemistry_hydrogenation,promoted,promoted,True,42,32,0.1,8,"React(Alkene(?v0:Group, ?v1:Group), H2)  ->  Alkane(?v0:Group, ?v1:Group)",0.975,1.0,1.0,1.0,1.0,3.5454545454545454,9.0,False,False,0.04046916961669922
chemistry_hydrogenation,promoted,promoted,True,42,32,0.1,32,"React(Alkene(?v0:Group, ?v1:Group), H2)  ->  Alkane(?v0:Group, ?v1:Group)",0.984375,1.0,1.0,1.0,1.0,3.7058823529411766,9.0,False,False,0.048684120178222656
chemistry_hydrogenation,promoted,promoted,True,42,32,0.2,0,"React(Alkene(?v0:Group, ?v1:Group), H2)  ->  Alkane(?v0:Group, ?v1:Group)",0.8125,1.0,1.0,1.0,1.0,3.3548387096774195,9.0,False,False,0.03235507011413574
chemistry_hydrogenation,promoted,promoted,True,42,32,0.2,8,"React(Alkene(?v0:Group, ?v1:Group), H2)  ->  Alkane(?v0:Group, ?v1:Group)",0.85,1.0,1.0,1.0,1.0,3.4871794871794872,9.0,False,False,0.04774212837219238
chemistry_hydrogenation,promoted,promoted,True,42,32,0.2,32,"React(Alkene(?v0:Group, ?v1:Group), H2)  ->  Alkane(?v0:Group, ?v1:Group)",0.90625,1.0,1.0,1.0,1.0,3.6825396825396823,9.0,False,False,0.03462505340576172
chemistry_hydrogenation,promoted,promoted,True,1337,4,0.0,0,"React(Alkene(?v0:Group, ?v1:Group), H2)  ->  Alkane(?v0:Group, ?v1:Group)",1.0,1.0,1.0,1.0,1.0,1.7777777777777777,9.0,False,False,0.025825023651123047
chemistry_hydrogenation,promoted,promoted,True,1337,4,0.0,8,"React(Alkene(?v0:Group, ?v1:Group), H2)  ->  Alkane(?v0:Group, ?v1:Group)",1.0,1.0,1.0,1.0,1.0,2.823529411764706,9.0,False,False,0.03330588340759277
chemistry_hydrogenation,promoted,promoted,True,1337,4,0.0,32,"React(Alkene(?v0:Group, ?v1:Group), H2)  ->  Alkane(?v0:Group, ?v1:Group)",1.0,1.0,1.0,1.0,1.0,3.5121951219512195,9.0,False,False,0.03486299514770508
chemistry_hydrogenation,promoted,promoted,True,1337,4,0.05,0,"React(Alkene(?v0:Group, ?v1:Group), H2)  ->  Alkane(?v0:Group, ?v1:Group)",1.0,1.0,1.0,1.0,1.0,1.7777777777777777,9.0,False,False,0.03393101692199707
chemistry_hydrogenation,promoted,promoted,True,1337,4,0.05,8,"React(Alkene(?v0:Group, ?v1:Group), H2)  ->  Alkane(?v0:Group, ?v1:Group)",1.0,1.0,1.0,1.0,1.0,2.823529411764706,9.0,False,False,0.03643488883972168
chemistry_hydrogenation,promoted,promoted,True,1337,4,0.05,32,"React(Alkene(?v0:Group, ?v1:Group), H2)  ->  Alkane(?v0:Group, ?v1:Group)",1.0,1.0,1.0,1.0,1.0,3.5121951219512195,9.0,False,False,0.038836002349853516
chemistry_hydrogenation,promoted,promoted,True,1337,4,0.1,0,"React(Alkene(?v0:Group, ?v1:Group), H2)  ->  Alkane(?v0:Group, ?v1:Group)",1.0,1.0,1.0,1.0,1.0,1.7777777777777777,9.0,False,False,0.02536797523498535
chemistry_hydrogenation,promoted,promoted,True,1337,4,0.1,8,"React(Alkene(?v0:Group, ?v1:Group), H2)  ->  Alkane(?v0:Group, ?v1:Group)",1.0,1.0,1.0,1.0,1.0,2.823529411764706,9.0,False,False,0.03814101219177246
chemistry_hydrogenation,promoted,promoted,True,1337,4,0.1,32,"React(Alkene(?v0:Group, ?v1:Group), H2)  ->  Alkane(?v0:Group, ?v1:Group)",1.0,1.0,1.0,1.0,1.0,3.5121951219512195,9.0,False,False,0.03291487693786621
chemistry_hydrogenation,promoted,abstain,False,1337,4,0.2,0,,,,,,,,,False,True,0.01767897605895996
chemistry_hydrogenation,promoted,abstain,False,1337,4,0.2,8,,,,,,,,,False,True,0.01782393455505371
chemistry_hydrogenation,promoted,abstain,False,1337,4,0.2,32,,,,,,,,,False,True,0.0186769962310791
chemistry_hydrogenation,promoted,promoted,True,1337,8,0.0,0,"React(Alkene(?v0:Group, ?v1:Group), H2)  ->  Alkane(?v0:Group, ?v1:Group)",1.0,1.0,1.0,1.0,1.0,2.4615384615384617,9.0,False,False,0.03410506248474121
chemistry_hydrogenation,promoted,promoted,True,1337,8,0.0,8,"React(Alkene(?v0:Group, ?v1:Group), H2)  ->  Alkane(?v0:Group, ?v1:Group)",1.0,1.0,1.0,1.0,1.0,3.0476190476190474,9.0,False,False,0.039621829986572266
chemistry_hydrogenation,promoted,promoted,True,1337,8,0.0,32,"React(Alkene(?v0:Group, ?v1:Group), H2)  ->  Alkane(?v0:Group, ?v1:Group)",1.0,1.0,1.0,1.0,1.0,3.5555555555555554,9.0,False,False,0.05376791954040527
chemistry_hydrogenation,promoted,promoted,True,1337,8,0.05,0,"React(Alkene(?v0:Group, ?v1:Group), H2)  ->  Alkane(?v0:Group, ?v1:Group)",1.0,1.0,1.0,1.0,1.0,2.4615384615384617,9.0,False,False,0.0328369140625
chemistry_hydrogenation,promoted,promoted,True,1337,8,0.05,8,"React(Alkene(?v0:Group, ?v1:Group), H2)  ->  Alkane(?v0:Group, ?v1:Group)",1.0,1.0,1.0,1.0,1.0,3.0476190476190474,9.0,False,False,0.039295196533203125
chemistry_hydrogenation,promoted,promoted,True,1337,8,0.05,32,"React(Alkene(?v0:Group, ?v1:Group), H2)  ->  Alkane(?v0:Group, ?v1:Group)",1.0,1.0,1.0,1.0,1.0,3.5555555555555554,9.0,False,False,0.04691791534423828
chemistry_hydrogenation,promoted,promoted,True,1337,8,0.1,0,"React(Alkene(?v0:Group, ?v1:Group), H2)  ->  Alkane(?v0:Group, ?v1:Group)",1.0,1.0,1.0,1.0,1.0,2.4615384615384617,9.0,False,False,0.03400397300720215
chemistry_hydrogenation,promoted,promoted,True,1337,8,0.1,8,"React(Alkene(?v0:Group, ?v1:Group), H2)  ->  Alkane(?v0:Group, ?v1:Group)",1.0,1.0,1.0,1.0,1.0,3.0476190476190474,9.0,False,False,0.04050874710083008
chemistry_hydrogenation,promoted,promoted,True,1337,8,0.1,32,"React(Alkene(?v0:Group, ?v1:Group), H2)  ->  Alkane(?v0:Group, ?v1:Group)",1.0,1.0,1.0,1.0,1.0,3.5555555555555554,9.0,False,False,0.03937888145446777
chemistry_hydrogenation,promoted,abstain,False,1337,8,0.2,0,"React(Alkene(?v0:Group, ?v1:Group), H2)  ->  Alkane(?v0:Group, ?v1:Group)",0.5,1.0,1.0,1.0,1.0,1.7777777777777777,9.0,False,True,0.025645017623901367
chemistry_hydrogenation,promoted,promoted,True,1337,8,0.2,8,"React(Alkene(?v0:Group, ?v1:Group), H2)  ->  Alkane(?v0:Group, ?v1:Group)",0.75,1.0,1.0,1.0,1.0,2.823529411764706,9.0,False,False,0.03846931457519531
chemistry_hydrogenation,promoted,promoted,True,1337,8,0.2,32,"React(Alkene(?v0:Group, ?v1:Group), H2)  ->  Alkane(?v0:Group, ?v1:Group)",0.9,1.0,1.0,1.0,1.0,3.5121951219512195,9.0,False,False,0.034542083740234375
chemistry_hydrogenation,promoted,promoted,True,1337,16,0.0,0,"React(Alkene(?v0:Group, ?v1:Group), H2)  ->  Alkane(?v0:Group, ?v1:Group)",1.0,1.0,1.0,1.0,1.0,3.0476190476190474,9.0,False,False,0.03247880935668945
chemistry_hydrogenation,promoted,promoted,True,1337,16,0.0,8,"React(Alkene(?v0:Group, ?v1:Group), H2)  ->  Alkane(?v0:Group, ?v1:Group)",1.0,1.0,1.0,1.0,1.0,3.310344827586207,9.0,False,False,0.046328067779541016
chemistry_hydrogenation,promoted,promoted,True,1337,16,0.0,32,"React(Alkene(?v0:Group, ?v1:Group), H2)  ->  Alkane(?v0:Group, ?v1:Group)",1.0,1.0,1.0,1.0,1.0,3.6226415094339623,9.0,False,False,0.04255485534667969
chemistry_hydrogenation,promoted,promoted,True,1337,16,0.05,0,"React(Alkene(?v0:Group, ?v1:Group), H2)  ->  Alkane(?v0:Group, ?v1:Group)",0.875,1.0,1.0,1.0,1.0,2.9473684210526314,9.0,False,False,0.03833174705505371
chemistry_hydrogenation,promoted,promoted,True,1337,16,0.05,8,"React(Alkene(?v0:Group, ?v1:Group), H2)  ->  Alkane(?v0:Group, ?v1:Group)",0.9166666666666666,1.0,1.0,1.0,1.0,3.259259259259259,9.0,False,False,0.03397178649902344
chemistry_hydrogenation,promoted,promoted,True,1337,16,0.05,32,"React(Alkene(?v0:Group, ?v1:Group), H2)  ->  Alkane(?v0:Group, ?v1:Group)",0.9583333333333334,1.0,1.0,1.0,1.0,3.607843137254902,9.0,False,False,0.03554701805114746
chemistry_hydrogenation,promoted,promoted,True,1337,16,0.1,0,"React(Alkene(?v0:Group, ?v1:Group), H2)  ->  Alkane(?v0:Group, ?v1:Group)",0.75,1.0,1.0,1.0,1.0,2.823529411764706,9.0,False,False,0.03708386421203613
chemistry_hydrogenation,promoted,promoted,True,1337,16,0.1,8,"React(Alkene(?v0:Group, ?v1:Group), H2)  ->  Alkane(?v0:Group, ?v1:Group)",0.8333333333333334,1.0,1.0,1.0,1.0,3.2,9.0,False,False,0.03352499008178711
chemistry_hydrogenation,promoted,promoted,True,1337,16,0.1,32,"React(Alkene(?v0:Group, ?v1:Group), H2)  ->  Alkane(?v0:Group, ?v1:Group)",0.9166666666666666,1.0,1.0,1.0,1.0,3.5918367346938775,9.0,False,False,0.034426212310791016
chemistry_hydrogenation,promoted,abstain,False,1337,16,0.2,0,"React(Alkene(?v0:Group, ?v1:Group), H2)  ->  Alkane(?v0:Group, ?v1:Group)",0.5,1.0,1.0,1.0,1.0,2.4615384615384617,9.0,False,True,0.025806188583374023
chemistry_hydrogenation,promoted,abstain,False,1337,16,0.2,8,"React(Alkene(?v0:Group, ?v1:Group), H2)  ->  Alkane(?v0:Group, ?v1:Group)",0.6666666666666666,1.0,1.0,1.0,1.0,3.0476190476190474,9.0,False,True,0.030515193939208984
chemistry_hydrogenation,promoted,promoted,True,1337,16,0.2,32,"React(Alkene(?v0:Group, ?v1:Group), H2)  ->  Alkane(?v0:Group, ?v1:Group)",0.8333333333333334,1.0,1.0,1.0,1.0,3.5555555555555554,9.0,False,False,0.032850027084350586
chemistry_hydrogenation,promoted,promoted,True,1337,32,0.0,0,"React(Alkene(?v0:Group, ?v1:Group), H2)  ->  Alkane(?v0:Group, ?v1:Group)",1.0,1.0,1.0,1.0,1.0,3.4594594594594597,9.0,False,False,0.04256486892700195
chemistry_hydrogenation,promoted,promoted,True,1337,32,0.0,8,"React(Alkene(?v0:Group, ?v1:Group), H2)  ->  Alkane(?v0:Group, ?v1:Group)",1.0,1.0,1.0,1.0,1.0,3.5555555555555554,9.0,False,False,0.0437166690826416
chemistry_hydrogenation,promoted,promoted,True,1337,32,0.0,32,"React(Alkene(?v0:Group, ?v1:Group), H2)  ->  Alkane(?v0:Group, ?v1:Group)",1.0,1.0,1.0,1.0,1.0,3.710144927536232,9.0,False,False,0.0395350456237793
chemistry_hydrogenation,promoted,promoted,True,1337,32,0.05,0,"React(Alkene(?v0:Group, ?v1:Group), H2)  ->  Alkane(?v0:Group, ?v1:Group)",0.9375,1.0,1.0,1.0,1.0,3.4285714285714284,9.0,False,False,0.035611867904663086
chemistry_hydrogenation,promoted,promoted,True,1337,32,0.05,8,"React(Alkene(?v0:Group, ?v1:Group), H2)  ->  Alkane(?v0:Group, ?v1:Group)",0.95,1.0,1.0,1.0,1.0,3.5348837209302326,9.0,False,False,0.04017210006713867
chemistry_hydrogenation,promoted,promoted,True,1337,32,0.05,32,"React(Alkene(?v0:Group, ?v1:Group), H2)  ->  Alkane(?v0:Group, ?v1:Group)",0.96875,1.0,1.0,1.0,1.0,3.701492537313433,9.0,False,False,0.03897500038146973
chemistry_hydrogenation,promoted,promoted,True,1337,32,0.1,0,"React(Alkene(?v0:Group, ?v1:Group), H2)  ->  Alkane(?v0:Group, ?v1:Group)",0.78125,1.0,1.0,1.0,1.0,3.3333333333333335,9.0,False,False,0.0282590389251709
chemistry_hydrogenation,promoted,promoted,True,1337,32,0.1,8,"React(Alkene(?v0:Group, ?v1:Group), H2)  ->  Alkane(?v0:Group, ?v1:Group)",0.825,1.0,1.0,1.0,1.0,3.473684210526316,9.0,False,False,0.03695797920227051
chemistry_hydrogenation,promoted,promoted,True,1337,32,0.1,32,"React(Alkene(?v0:Group, ?v1:Group), H2)  ->  Alkane(?v0:Group, ?v1:Group)",0.890625,1.0,1.0,1.0,1.0,3.6774193548387095,9.0,False,False,0.0369410514831543
chemistry_hydrogenation,promoted,abstain,False,1337,32,0.2,0,"React(Alkene(?v0:Group, ?v1:Group), H2)  ->  Alkane(?v0:Group, ?v1:Group)",0.65625,1.0,1.0,1.0,1.0,3.230769230769231,9.0,False,True,0.03128981590270996
chemistry_hydrogenation,promoted,abstain,False,1337,32,0.2,8,"React(Alkene(?v0:Group, ?v1:Group), H2)  ->  Alkane(?v0:Group, ?v1:Group)",0.725,1.0,1.0,1.0,1.0,3.411764705882353,9.0,False,True,0.03554582595825195
chemistry_hydrogenation,promoted,promoted,True,1337,32,0.2,32,"React(Alkene(?v0:Group, ?v1:Group), H2)  ->  Alkane(?v0:Group, ?v1:Group)",0.828125,1.0,1.0,1.0,1.0,3.6551724137931036,9.0,False,False,0.03638458251953125
chemistry_hydrogenation,promoted,promoted,True,2025,4,0.0,0,"React(Alkene(?v0:Group, ?v1:Group), H2)  ->  Alkane(?v0:Group, ?v1:Group)",1.0,1.0,1.0,1.0,1.0,1.7777777777777777,9.0,False,False,0.02741384506225586
chemistry_hydrogenation,promoted,promoted,True,2025,4,0.0,8,"React(Alkene(?v0:Group, ?v1:Group), H2)  ->  Alkane(?v0:Group, ?v1:Group)",1.0,1.0,1.0,1.0,1.0,2.823529411764706,9.0,False,False,0.03282928466796875
chemistry_hydrogenation,promoted,promoted,True,2025,4,0.0,32,"React(Alkene(?v0:Group, ?v1:Group), H2)  ->  Alkane(?v0:Group, ?v1:Group)",1.0,1.0,1.0,1.0,1.0,3.5121951219512195,9.0,False,False,0.035169124603271484
chemistry_hydrogenation,promoted,promoted,True,2025,4,0.05,0,"React(Alkene(?v0:Group, ?v1:Group), H2)  ->  Alkane(?v0:Group, ?v1:Group)",1.0,1.0,1.0,1.0,1.0,1.7777777777777777,9.0,False,False,0.0329132080078125
chemistry_hydrogenation,promoted,promoted,True,2025,4,0.05,8,"React(Alkene(?v0:Group, ?v1:Group), H2)  ->  Alkane(?v0:Group, ?v1:Group)",1.0,1.0,1.0,1.0,1.0,2.823529411764706,9.0,False,False,0.034150123596191406
chemistry_hydrogenation,promoted,promoted,True,2025,4,0.05,32,"React(Alkene(?v0:Group, ?v1:Group), H2)  ->  Alkane(?v0:Group, ?v1:Group)",1.0,1.0,1.0,1.0,1.0,3.5121951219512195,9.0,False,False,0.05603289604187012
chemistry_hydrogenation,promoted,promoted,True,2025,4,0.1,0,"React(Alkene(?v0:Group, ?v1:Group), H2)  ->  Alkane(?v0:Group, ?v1:Group)",0.75,1.0,1.0,1.0,1.0,1.5,9.0,False,False,0.022448062896728516
chemistry_hydrogenation,promoted,promoted,True,2025,4,0.1,8,"React(Alkene(?v0:Group, ?v1:Group), H2)  ->  Alkane(?v0:Group, ?v1:Group)",0.9166666666666666,1.0,1.0,1.0,1.0,2.75,9.0,False,False,0.028334856033325195
chemistry_hydrogenation,promoted,promoted,True,2025,4,0.1,32,"React(Alkene(?v0:Group, ?v1:Group), H2)  ->  Alkane(?v0:Group, ?v1:Group)",0.9722222222222222,1.0,1.0,1.0,1.0,3.5,9.0,False,False,0.04930996894836426
chemistry_hydrogenation,promoted,promoted,True,2025,4,0.2,0,"React(Alkene(?v0:Group, ?v1:Group), H2)  ->  Alkane(?v0:Group, ?v1:Group)",0.75,1.0,1.0,1.0,1.0,1.5,9.0,False,False,0.02289295196533203
chemistry_hydrogenation,promoted,promoted,True,2025,4,0.2,8,"React(Alkene(?v0:Group, ?v1:Group), H2)  ->  Alkane(?v0:Group, ?v1:Group)",0.9166666666666666,1.0,1.0,1.0,1.0,2.75,9.0,False,False,0.06094098091125488
chemistry_hydrogenation,promoted,promoted,True,2025,4,0.2,32,"React(Alkene(?v0:Group, ?v1:Group), H2)  ->  Alkane(?v0:Group, ?v1:Group)",0.9722222222222222,1.0,1.0,1.0,1.0,3.5,9.0,False,False,0.06043505668640137
chemistry_hydrogenation,promoted,promoted,True,2025,8,0.0,0,"React(Alkene(?v0:Group, ?v1:Group), H2)  ->  Alkane(?v0:Group, ?v1:Group)",1.0,1.0,1.0,1.0,1.0,2.4615384615384617,9.0,False,False,0.06728982925415039
chemistry_hydrogenation,promoted,promoted,True,2025,8,0.0,8,"React(Alkene(?v0:Group, ?v1:Group), H2)  ->  Alkane(?v0:Group, ?v1:Group)",1.0,1.0,1.0,1.0,1.0,3.0476190476190474,9.0,False,False,0.06888294219970703
chemistry_hydrogenation,promoted,promoted,True,2025,8,0.0,32,"React(Alkene(?v0:Group, ?v1:Group), H2)  ->  Alkane(?v0:Group, ?v1:Group)",1.0,1.0,1.0,1.0,1.0,3.5555555555555554,9.0,False,False,0.08403682708740234
chemistry_hydrogenation,promoted,promoted,True,2025,8,0.05,0,"React(Alkene(?v0:Group, ?v1:Group), H2)  ->  Alkane(?v0:Group, ?v1:Group)",1.0,1.0,1.0,1.0,1.0,2.4615384615384617,9.0,False,False,0.0685570240020752
chemistry_hydrogenation,promoted,promoted,True,2025,8,0.05,8,"React(Alkene(?v0:Group, ?v1:Group), H2)  ->  Alkane(?v0:Group, ?v1:Group)",1.0,1.0,1.0,1.0,1.0,3.0476190476190474,9.0,False,False,0.05320906639099121
chemistry_hydrogenation,promoted,promoted,True,2025,8,0.05,32,"React(Alkene(?v0:Group, ?v1:Group), H2)  ->  Alkane(?v0:Group, ?v1:Group)",1.0,1.0,1.0,1.0,1.0,3.5555555555555554,9.0,False,False,0.06088972091674805
chemistry_hydrogenation,promoted,promoted,True,2025,8,0.1,0,"React(Alkene(?v0:Group, ?v1:Group), H2)  ->  Alkane(?v0:Group, ?v1:Group)",0.75,1.0,1.0,1.0,1.0,2.1818181818181817,9.0,False,False,0.0306549072265625
chemistry_hydrogenation,promoted,promoted,True,2025,8,0.1,8,"React(Alkene(?v0:Group, ?v1:Group), H2)  ->  Alkane(?v0:Group, ?v1:Group)",0.875,1.0,1.0,1.0,1.0,2.9473684210526314,9.0,False,False,0.041105031967163086
chemistry_hydrogenation,promoted,promoted,True,2025,8,0.1,32,"React(Alkene(?v0:Group, ?v1:Group), H2)  ->  Alkane(?v0:Group, ?v1:Group)",0.95,1.0,1.0,1.0,1.0,3.5348837209302326,9.0,False,False,0.033698081970214844
chemistry_hydrogenation,promoted,abstain,False,2025,8,0.2,0,"React(Alkene(?v0:Group, ?v1:Group), H2)  ->  Alkane(?v0:Group, ?v1:Group)",0.625,1.0,1.0,1.0,1.0,2.0,9.0,False,True,0.026820898056030273
chemistry_hydrogenation,promoted,promoted,True,2025,8,0.2,8,"React(Alkene(?v0:Group, ?v1:Group), H2)  ->  Alkane(?v0:Group, ?v1:Group)",0.8125,1.0,1.0,1.0,1.0,2.888888888888889,9.0,False,False,0.0340268611907959
chemistry_hydrogenation,promoted,promoted,True,2025,8,0.2,32,"React(Alkene(?v0:Group, ?v1:Group), H2)  ->  Alkane(?v0:Group, ?v1:Group)",0.925,1.0,1.0,1.0,1.0,3.5238095238095237,9.0,False,False,0.034871816635131836
chemistry_hydrogenation,promoted,promoted,True,2025,16,0.0,0,"React(Alkene(?v0:Group, ?v1:Group), H2)  ->  Alkane(?v0:Group, ?v1:Group)",1.0,1.0,1.0,1.0,1.0,3.0476190476190474,9.0,False,False,0.0329279899597168
chemistry_hydrogenation,promoted,promoted,True,2025,16,0.0,8,"React(Alkene(?v0:Group, ?v1:Group), H2)  ->  Alkane(?v0:Group, ?v1:Group)",1.0,1.0,1.0,1.0,1.0,3.310344827586207,9.0,False,False,0.04430818557739258
chemistry_hydrogenation,promoted,promoted,True,2025,16,0.0,32,"React(Alkene(?v0:Group, ?v1:Group), H2)  ->  Alkane(?v0:Group, ?v1:Group)",1.0,1.0,1.0,1.0,1.0,3.6226415094339623,9.0,False,False,0.04054093360900879
chemistry_hydrogenation,promoted,promoted,True,2025,16,0.05,0,"React(Alkene(?v0:Group, ?v1:Group), H2)  ->  Alkane(?v0:Group, ?v1:Group)",1.0,1.0,1.0,1.0,1.0,3.0476190476190474,9.0,False,False,0.03305387496948242
chemistry_hydrogenation,promoted,promoted,True,2025,16,0.05,8,"React(Alkene(?v0:Group, ?v1:Group), H2)  ->  Alkane(?v0:Group, ?v1:Group)",1.0,1.0,1.0,1.0,1.0,3.310344827586207,9.0,False,False,0.03805899620056152
chemistry_hydrogenation,promoted,promoted,True,2025,16,0.05,32,"React(Alkene(?v0:Group, ?v1:Group), H2)  ->  Alkane(?v0:Group, ?v1:Group)",1.0,1.0,1.0,1.0,1.0,3.6226415094339623,9.0,False,False,0.038308143615722656
chemistry_hydrogenation,promoted,promoted,True,2025,16,0.1,0,"React(Alkene(?v0:Group, ?v1:Group), H2)  ->  Alkane(?v0:Group, ?v1:Group)",0.875,1.0,1.0,1.0,1.0,2.9473684210526314,9.0,False,False,0.028476953506469727
chemistry_hydrogenation,promoted,promoted,True,2025,16,0.1,8,"React(Alkene(?v0:Group, ?v1:Group), H2)  ->  Alkane(?v0:Group, ?v1:Group)",0.9166666666666666,1.0,1.0,1.0,1.0,3.259259259259259,9.0,False,False,0.039919137954711914
chemistry_hydrogenation,promoted,promoted,True,2025,16,0.1,32,"React(Alkene(?v0:Group, ?v1:Group), H2)  ->  Alkane(?v0:Group, ?v1:Group)",0.9583333333333334,1.0,1.0,1.0,1.0,3.607843137254902,9.0,False,False,0.04402613639831543
chemistry_hydrogenation,promoted,promoted,True,2025,16,0.2,0,"React(Alkene(?v0:Group, ?v1:Group), H2)  ->  Alkane(?v0:Group, ?v1:Group)",0.8125,1.0,1.0,1.0,1.0,2.888888888888889,9.0,False,False,0.028010129928588867
chemistry_hydrogenation,promoted,promoted,True,2025,16,0.2,8,"React(Alkene(?v0:Group, ?v1:Group), H2)  ->  Alkane(?v0:Group, ?v1:Group)",0.875,1.0,1.0,1.0,1.0,3.230769230769231,9.0,False,False,0.031929969787597656
chemistry_hydrogenation,promoted,promoted,True,2025,16,0.2,32,"React(Alkene(?v0:Group, ?v1:Group), H2)  ->  Alkane(?v0:Group, ?v1:Group)",0.9375,1.0,1.0,1.0,1.0,3.6,9.0,False,False,0.04517507553100586
chemistry_hydrogenation,promoted,promoted,True,2025,32,0.0,0,"React(Alkene(?v0:Group, ?v1:Group), H2)  ->  Alkane(?v0:Group, ?v1:Group)",1.0,1.0,1.0,1.0,1.0,3.4594594594594597,9.0,False,False,0.04066872596740723
chemistry_hydrogenation,promoted,promoted,True,2025,32,0.0,8,"React(Alkene(?v0:Group, ?v1:Group), H2)  ->  Alkane(?v0:Group, ?v1:Group)",1.0,1.0,1.0,1.0,1.0,3.5555555555555554,9.0,False,False,0.04045701026916504
chemistry_hydrogenation,promoted,promoted,True,2025,32,0.0,32,"React(Alkene(?v0:Group, ?v1:Group), H2)  ->  Alkane(?v0:Group, ?v1:Group)",1.0,1.0,1.0,1.0,1.0,3.710144927536232,9.0,False,False,0.03929400444030762
chemistry_hydrogenation,promoted,promoted,True,2025,32,0.05,0,"React(Alkene(?v0:Group, ?v1:Group), H2)  ->  Alkane(?v0:Group, ?v1:Group)",1.0,1.0,1.0,1.0,1.0,3.4594594594594597,9.0,False,False,0.03770589828491211
chemistry_hydrogenation,promoted,promoted,True,2025,32,0.05,8,"React(Alkene(?v0:Group, ?v1:Group), H2)  ->  Alkane(?v0:Group, ?v1:Group)",1.0,1.0,1.0,1.0,1.0,3.5555555555555554,9.0,False,False,0.04740405082702637
chemistry_hydrogenation,promoted,promoted,True,2025,32,0.05,32,"React(Alkene(?v0:Group, ?v1:Group), H2)  ->  Alkane(?v0:Group, ?v1:Group)",1.0,1.0,1.0,1.0,1.0,3.710144927536232,9.0,False,False,0.04709601402282715
chemistry_hydrogenation,promoted,promoted,True,2025,32,0.1,0,"React(Alkene(?v0:Group, ?v1:Group), H2)  ->  Alkane(?v0:Group, ?v1:Group)",0.9375,1.0,1.0,1.0,1.0,3.4285714285714284,9.0,False,False,0.037249088287353516
chemistry_hydrogenation,promoted,promoted,True,2025,32,0.1,8,"React(Alkene(?v0:Group, ?v1:Group), H2)  ->  Alkane(?v0:Group, ?v1:Group)",0.95,1.0,1.0,1.0,1.0,3.5348837209302326,9.0,False,False,0.038810014724731445
chemistry_hydrogenation,promoted,promoted,True,2025,32,0.1,32,"React(Alkene(?v0:Group, ?v1:Group), H2)  ->  Alkane(?v0:Group, ?v1:Group)",0.96875,1.0,1.0,1.0,1.0,3.701492537313433,9.0,False,False,0.03907179832458496
chemistry_hydrogenation,promoted,promoted,True,2025,32,0.2,0,"React(Alkene(?v0:Group, ?v1:Group), H2)  ->  Alkane(?v0:Group, ?v1:Group)",0.875,1.0,1.0,1.0,1.0,3.393939393939394,9.0,False,False,0.03278803825378418
chemistry_hydrogenation,promoted,promoted,True,2025,32,0.2,8,"React(Alkene(?v0:Group, ?v1:Group), H2)  ->  Alkane(?v0:Group, ?v1:Group)",0.9,1.0,1.0,1.0,1.0,3.5121951219512195,9.0,False,False,0.0356600284576416
chemistry_hydrogenation,promoted,promoted,True,2025,32,0.2,32,"React(Alkene(?v0:Group, ?v1:Group), H2)  ->  Alkane(?v0:Group, ?v1:Group)",0.9375,1.0,1.0,1.0,1.0,3.6923076923076925,9.0,False,False,0.035593271255493164
chemistry_hydrogenation,promoted,promoted,True,9001,4,0.0,0,"React(Alkene(?v0:Group, ?v1:Group), H2)  ->  Alkane(?v0:Group, ?v1:Group)",1.0,1.0,1.0,1.0,1.0,1.7777777777777777,9.0,False,False,0.031426191329956055
chemistry_hydrogenation,promoted,promoted,True,9001,4,0.0,8,"React(Alkene(?v0:Group, ?v1:Group), H2)  ->  Alkane(?v0:Group, ?v1:Group)",1.0,1.0,1.0,1.0,1.0,2.823529411764706,9.0,False,False,0.03682518005371094
chemistry_hydrogenation,promoted,promoted,True,9001,4,0.0,32,"React(Alkene(?v0:Group, ?v1:Group), H2)  ->  Alkane(?v0:Group, ?v1:Group)",1.0,1.0,1.0,1.0,1.0,3.5121951219512195,9.0,False,False,0.03550004959106445
chemistry_hydrogenation,promoted,promoted,True,9001,4,0.05,0,"React(Alkene(?v0:Group, ?v1:Group), H2)  ->  Alkane(?v0:Group, ?v1:Group)",1.0,1.0,1.0,1.0,1.0,1.7777777777777777,9.0,False,False,0.030201196670532227
chemistry_hydrogenation,promoted,promoted,True,9001,4,0.05,8,"React(Alkene(?v0:Group, ?v1:Group), H2)  ->  Alkane(?v0:Group, ?v1:Group)",1.0,1.0,1.0,1.0,1.0,2.823529411764706,9.0,False,False,0.03302788734436035
chemistry_hydrogenation,promoted,promoted,True,9001,4,0.05,32,"React(Alkene(?v0:Group, ?v1:Group), H2)  ->  Alkane(?v0:Group, ?v1:Group)",1.0,1.0,1.0,1.0,1.0,3.5121951219512195,9.0,False,False,0.034768104553222656
chemistry_hydrogenation,promoted,promoted,True,9001,4,0.1,0,"React(Alkene(?v0:Group, ?v1:Group), H2)  ->  Alkane(?v0:Group, ?v1:Group)",0.75,1.0,1.0,1.0,1.0,1.5,9.0,False,False,0.021535873413085938
chemistry_hydrogenation,promoted,promoted,True,9001,4,0.1,8,"React(Alkene(?v0:Group, ?v1:Group), H2)  ->  Alkane(?v0:Group, ?v1:Group)",0.9166666666666666,1.0,1.0,1.0,1.0,2.75,9.0,False,False,0.03410601615905762
chemistry_hydrogenation,promoted,promoted,True,9001,4,0.1,32,"React(Alkene(?v0:Group, ?v1:Group), H2)  ->  Alkane(?v0:Group, ?v1:Group)",0.9722222222222222,1.0,1.0,1.0,1.0,3.5,9.0,False,False,0.03246474266052246
chemistry_hydrogenation,promoted,promoted,True,9001,4,0.2,0,"React(Alkene(?v0:Group, ?v1:Group), H2)  ->  Alkane(?v0:Group, ?v1:Group)",0.75,1.0,1.0,1.0,1.0,1.5,9.0,False,False,0.02090001106262207
chemistry_hydrogenation,promoted,promoted,True,9001,4,0.2,8,"React(Alkene(?v0:Group, ?v1:Group), H2)  ->  Alkane(?v0:Group, ?v1:Group)",0.9166666666666666,1.0,1.0,1.0,1.0,2.75,9.0,False,False,0.029784202575683594
chemistry_hydrogenation,promoted,promoted,True,9001,4,0.2,32,"React(Alkene(?v0:Group, ?v1:Group), H2)  ->  Alkane(?v0:Group, ?v1:Group)",0.9722222222222222,1.0,1.0,1.0,1.0,3.5,9.0,False,False,0.036546945571899414
chemistry_hydrogenation,promoted,promoted,True,9001,8,0.0,0,"React(Alkene(?v0:Group, ?v1:Group), H2)  ->  Alkane(?v0:Group, ?v1:Group)",1.0,1.0,1.0,1.0,1.0,2.4615384615384617,9.0,False,False,0.036299705505371094
chemistry_hydrogenation,promoted,promoted,True,9001,8,0.0,8,"React(Alkene(?v0:Group, ?v1:Group), H2)  ->  Alkane(?v0:Group, ?v1:Group)",1.0,1.0,1.0,1.0,1.0,3.0476190476190474,9.0,False,False,0.043321847915649414
chemistry_hydrogenation,promoted,promoted,True,9001,8,0.0,32,"React(Alkene(?v0:Group, ?v1:Group), H2)  ->  Alkane(?v0:Group, ?v1:Group)",1.0,1.0,1.0,1.0,1.0,3.5555555555555554,9.0,False,False,0.037712812423706055
chemistry_hydrogenation,promoted,promoted,True,9001,8,0.05,0,"React(Alkene(?v0:Group, ?v1:Group), H2)  ->  Alkane(?v0:Group, ?v1:Group)",1.0,1.0,1.0,1.0,1.0,2.4615384615384617,9.0,False,False,0.032956838607788086
chemistry_hydrogenation,promoted,promoted,True,9001,8,0.05,8,"React(Alkene(?v0:Group, ?v1:Group), H2)  ->  Alkane(?v0:Group, ?v1:Group)",1.0,1.0,1.0,1.0,1.0,3.0476190476190474,9.0,False,False,0.04971575736999512
chemistry_hydrogenation,promoted,promoted,True,9001,8,0.05,32,"React(Alkene(?v0:Group, ?v1:Group), H2)  ->  Alkane(?v0:Group, ?v1:Group)",1.0,1.0,1.0,1.0,1.0,3.5555555555555554,9.0,False,False,0.04348278045654297
chemistry_hydrogenation,promoted,promoted,True,9001,8,0.1,0,"React(Alkene(?v0:Group, ?v1:Group), H2)  ->  Alkane(?v0:Group, ?v1:Group)",0.75,1.0,1.0,1.0,1.0,2.1818181818181817,9.0,False,False,0.027297019958496094
chemistry_hydrogenation,promoted,promoted,True,9001,8,0.1,8,"React(Alkene(?v0:Group, ?v1:Group), H2)  ->  Alkane(?v0:Group, ?v1:Group)",0.875,1.0,1.0,1.0,1.0,2.9473684210526314,9.0,False,False,0.03275322914123535
chemistry_hydrogenation,promoted,promoted,True,9001,8,0.1,32,"React(Alkene(?v0:Group, ?v1:Group), H2)  ->  Alkane(?v0:Group, ?v1:Group)",0.95,1.0,1.0,1.0,1.0,3.5348837209302326,9.0,False,False,0.034995079040527344
chemistry_hydrogenation,promoted,promoted,True,9001,8,0.2,0,"React(Alkene(?v0:Group, ?v1:Group), H2)  ->  Alkane(?v0:Group, ?v1:Group)",0.75,1.0,1.0,1.0,1.0,2.1818181818181817,9.0,False,False,0.025970935821533203
chemistry_hydrogenation,promoted,promoted,True,9001,8,0.2,8,"React(Alkene(?v0:Group, ?v1:Group), H2)  ->  Alkane(?v0:Group, ?v1:Group)",0.875,1.0,1.0,1.0,1.0,2.9473684210526314,9.0,False,False,0.031501054763793945
chemistry_hydrogenation,promoted,promoted,True,9001,8,0.2,32,"React(Alkene(?v0:Group, ?v1:Group), H2)  ->  Alkane(?v0:Group, ?v1:Group)",0.95,1.0,1.0,1.0,1.0,3.5348837209302326,9.0,False,False,0.0492711067199707
chemistry_hydrogenation,promoted,promoted,True,9001,16,0.0,0,"React(Alkene(?v0:Group, ?v1:Group), H2)  ->  Alkane(?v0:Group, ?v1:Group)",1.0,1.0,1.0,1.0,1.0,3.0476190476190474,9.0,False,False,0.03942608833312988
chemistry_hydrogenation,promoted,promoted,True,9001,16,0.0,8,"React(Alkene(?v0:Group, ?v1:Group), H2)  ->  Alkane(?v0:Group, ?v1:Group)",1.0,1.0,1.0,1.0,1.0,3.310344827586207,9.0,False,False,0.03721022605895996
chemistry_hydrogenation,promoted,promoted,True,9001,16,0.0,32,"React(Alkene(?v0:Group, ?v1:Group), H2)  ->  Alkane(?v0:Group, ?v1:Group)",1.0,1.0,1.0,1.0,1.0,3.6226415094339623,9.0,False,False,0.03792881965637207
chemistry_hydrogenation,promoted,promoted,True,9001,16,0.05,0,"React(Alkene(?v0:Group, ?v1:Group), H2)  ->  Alkane(?v0:Group, ?v1:Group)",1.0,1.0,1.0,1.0,1.0,3.0476190476190474,9.0,False,False,0.033590078353881836
chemistry_hydrogenation,promoted,promoted,True,9001,16,0.05,8,"React(Alkene(?v0:Group, ?v1:Group), H2)  ->  Alkane(?v0:Group, ?v1:Group)",1.0,1.0,1.0,1.0,1.0,3.310344827586207,9.0,False,False,0.039322853088378906
chemistry_hydrogenation,promoted,promoted,True,9001,16,0.05,32,"React(Alkene(?v0:Group, ?v1:Group), H2)  ->  Alkane(?v0:Group, ?v1:Group)",1.0,1.0,1.0,1.0,1.0,3.6226415094339623,9.0,False,False,0.04911494255065918
chemistry_hydrogenation,promoted,promoted,True,9001,16,0.1,0,"React(Alkene(?v0:Group, ?v1:Group), H2)  ->  Alkane(?v0:Group, ?v1:Group)",0.875,1.0,1.0,1.0,1.0,2.9473684210526314,9.0,False,False,0.02900409698486328
chemistry_hydrogenation,promoted,promoted,True,9001,16,0.1,8,"React(Alkene(?v0:Group, ?v1:Group), H2)  ->  Alkane(?v0:Group, ?v1:Group)",0.9166666666666666,1.0,1.0,1.0,1.0,3.259259259259259,9.0,False,False,0.03420114517211914
chemistry_hydrogenation,promoted,promoted,True,9001,16,0.1,32,"React(Alkene(?v0:Group, ?v1:Group), H2)  ->  Alkane(?v0:Group, ?v1:Group)",0.9583333333333334,1.0,1.0,1.0,1.0,3.607843137254902,9.0,False,False,0.03997492790222168
chemistry_hydrogenation,promoted,promoted,True,9001,16,0.2,0,"React(Alkene(?v0:Group, ?v1:Group), H2)  ->  Alkane(?v0:Group, ?v1:Group)",0.875,1.0,1.0,1.0,1.0,2.9473684210526314,9.0,False,False,0.028862953186035156
chemistry_hydrogenation,promoted,promoted,True,9001,16,0.2,8,"React(Alkene(?v0:Group, ?v1:Group), H2)  ->  Alkane(?v0:Group, ?v1:Group)",0.9166666666666666,1.0,1.0,1.0,1.0,3.259259259259259,9.0,False,False,0.034371137619018555
chemistry_hydrogenation,promoted,promoted,True,9001,16,0.2,32,"React(Alkene(?v0:Group, ?v1:Group), H2)  ->  Alkane(?v0:Group, ?v1:Group)",0.9583333333333334,1.0,1.0,1.0,1.0,3.607843137254902,9.0,False,False,0.04534101486206055
chemistry_hydrogenation,promoted,promoted,True,9001,32,0.0,0,"React(Alkene(?v0:Group, ?v1:Group), H2)  ->  Alkane(?v0:Group, ?v1:Group)",1.0,1.0,1.0,1.0,1.0,3.4594594594594597,9.0,False,False,0.034279823303222656
chemistry_hydrogenation,promoted,promoted,True,9001,32,0.0,8,"React(Alkene(?v0:Group, ?v1:Group), H2)  ->  Alkane(?v0:Group, ?v1:Group)",1.0,1.0,1.0,1.0,1.0,3.5555555555555554,9.0,False,False,0.03796982765197754
chemistry_hydrogenation,promoted,promoted,True,9001,32,0.0,32,"React(Alkene(?v0:Group, ?v1:Group), H2)  ->  Alkane(?v0:Group, ?v1:Group)",1.0,1.0,1.0,1.0,1.0,3.710144927536232,9.0,False,False,0.05452585220336914
chemistry_hydrogenation,promoted,promoted,True,9001,32,0.05,0,"React(Alkene(?v0:Group, ?v1:Group), H2)  ->  Alkane(?v0:Group, ?v1:Group)",0.96875,1.0,1.0,1.0,1.0,3.4444444444444446,9.0,False,False,0.03377485275268555
chemistry_hydrogenation,promoted,promoted,True,9001,32,0.05,8,"React(Alkene(?v0:Group, ?v1:Group), H2)  ->  Alkane(?v0:Group, ?v1:Group)",0.975,1.0,1.0,1.0,1.0,3.5454545454545454,9.0,False,False,0.0393369197845459
chemistry_hydrogenation,promoted,promoted,True,9001,32,0.05,32,"React(Alkene(?v0:Group, ?v1:Group), H2)  ->  Alkane(?v0:Group, ?v1:Group)",0.984375,1.0,1.0,1.0,1.0,3.7058823529411766,9.0,False,False,0.03940606117248535
chemistry_hydrogenation,promoted,promoted,True,9001,32,0.1,0,"React(Alkene(?v0:Group, ?v1:Group), H2)  ->  Alkane(?v0:Group, ?v1:Group)",0.875,1.0,1.0,1.0,1.0,3.393939393939394,9.0,False,False,0.03004169464111328
chemistry_hydrogenation,promoted,promoted,True,9001,32,0.1,8,"React(Alkene(?v0:Group, ?v1:Group), H2)  ->  Alkane(?v0:Group, ?v1:Group)",0.9,1.0,1.0,1.0,1.0,3.5121951219512195,9.0,False,False,0.034729957580566406
chemistry_hydrogenation,promoted,promoted,True,9001,32,0.1,32,"React(Alkene(?v0:Group, ?v1:Group), H2)  ->  Alkane(?v0:Group, ?v1:Group)",0.9375,1.0,1.0,1.0,1.0,3.6923076923076925,9.0,False,False,0.03653693199157715
chemistry_hydrogenation,promoted,promoted,True,9001,32,0.2,0,"React(Alkene(?v0:Group, ?v1:Group), H2)  ->  Alkane(?v0:Group, ?v1:Group)",0.875,1.0,1.0,1.0,1.0,3.393939393939394,9.0,False,False,0.04917192459106445
chemistry_hydrogenation,promoted,promoted,True,9001,32,0.2,8,"React(Alkene(?v0:Group, ?v1:Group), H2)  ->  Alkane(?v0:Group, ?v1:Group)",0.9,1.0,1.0,1.0,1.0,3.5121951219512195,9.0,False,False,0.03753018379211426
chemistry_hydrogenation,promoted,promoted,True,9001,32,0.2,32,"React(Alkene(?v0:Group, ?v1:Group), H2)  ->  Alkane(?v0:Group, ?v1:Group)",0.9375,1.0,1.0,1.0,1.0,3.6923076923076925,9.0,False,False,0.03565621376037598
lambda_beta_identity,promoted,promoted,True,42,4,0.0,0,"App(Lam(?v0:Name, Var(?v0:Name)), ?v1:Expr)  ->  ?v1:Expr",1.0,1.0,1.0,1.0,1.0,1.6470588235294117,8.0,False,False,0.027312755584716797
lambda_beta_identity,promoted,promoted,True,42,4,0.0,8,"App(Lam(?v0:Name, Var(?v0:Name)), ?v1:Expr)  ->  ?v1:Expr",1.0,1.0,1.0,1.0,1.0,2.4864864864864864,8.0,False,False,0.04154610633850098
lambda_beta_identity,promoted,promoted,True,42,4,0.0,32,"App(Lam(?v0:Name, Var(?v0:Name)), ?v1:Expr)  ->  ?v1:Expr",1.0,1.0,1.0,1.0,1.0,2.8411214953271027,8.0,False,False,0.051071882247924805
lambda_beta_identity,promoted,promoted,True,42,4,0.05,0,"App(Lam(?v0:Name, Var(?v0:Name)), ?v1:Expr)  ->  ?v1:Expr",1.0,1.0,1.0,1.0,1.0,1.7142857142857142,8.0,False,False,0.03681778907775879
lambda_beta_identity,promoted,promoted,True,42,4,0.05,8,"App(Lam(?v0:Name, Var(?v0:Name)), ?v1:Expr)  ->  ?v1:Expr",1.0,1.0,1.0,1.0,1.0,2.4390243902439024,8.0,False,False,0.04273200035095215
lambda_beta_identity,promoted,promoted,True,42,4,0.05,32,"App(Lam(?v0:Name, Var(?v0:Name)), ?v1:Expr)  ->  ?v1:Expr",1.0,1.0,1.0,1.0,1.0,2.810810810810811,8.0,False,False,0.04554176330566406
lambda_beta_identity,promoted,promoted,True,42,4,0.1,0,"App(Lam(?v0:Name, Var(?v0:Name)), ?v1:Expr)  ->  ?v1:Expr",1.0,1.0,1.0,1.0,1.0,1.7142857142857142,8.0,False,False,0.029332876205444336
lambda_beta_identity,promoted,promoted,True,42,4,0.1,8,"App(Lam(?v0:Name, Var(?v0:Name)), ?v1:Expr)  ->  ?v1:Expr",1.0,1.0,1.0,1.0,1.0,2.4390243902439024,8.0,False,False,0.04979109764099121
lambda_beta_identity,promoted,promoted,True,42,4,0.1,32,"App(Lam(?v0:Name, Var(?v0:Name)), ?v1:Expr)  ->  ?v1:Expr",1.0,1.0,1.0,1.0,1.0,2.810810810810811,8.0,False,False,0.05639505386352539
lambda_beta_identity,promoted,promoted,True,42,4,0.2,0,"App(Lam(?v0:Name, Var(?v0:Name)), ?v1:Expr)  ->  ?v1:Expr",1.0,1.0,1.0,1.0,1.0,1.7142857142857142,8.0,False,False,0.0418391227722168
lambda_beta_identity,promoted,promoted,True,42,4,0.2,8,"App(Lam(?v0:Name, Var(?v0:Name)), ?v1:Expr)  ->  ?v1:Expr",1.0,1.0,1.0,1.0,1.0,2.4390243902439024,8.0,False,False,0.03930401802062988
lambda_beta_identity,promoted,promoted,True,42,4,0.2,32,"App(Lam(?v0:Name, Var(?v0:Name)), ?v1:Expr)  ->  ?v1:Expr",1.0,1.0,1.0,1.0,1.0,2.810810810810811,8.0,False,False,0.042243003845214844
lambda_beta_identity,promoted,promoted,True,42,8,0.0,0,"App(Lam(?v0:Name, Var(?v0:Name)), ?v1:Expr)  ->  ?v1:Expr",1.0,1.0,1.0,1.0,1.0,2.2222222222222223,8.0,False,False,0.043062686920166016
lambda_beta_identity,promoted,promoted,True,42,8,0.0,8,"App(Lam(?v0:Name, Var(?v0:Name)), ?v1:Expr)  ->  ?v1:Expr",1.0,1.0,1.0,1.0,1.0,2.6382978723404253,8.0,False,False,0.062448740005493164
lambda_beta_identity,promoted,promoted,True,42,8,0.0,32,"App(Lam(?v0:Name, Var(?v0:Name)), ?v1:Expr)  ->  ?v1:Expr",1.0,1.0,1.0,1.0,1.0,2.871794871794872,8.0,False,False,0.048583984375
lambda_beta_identity,promoted,promoted,True,42,8,0.05,0,"App(Lam(?v0:Name, Var(?v0:Name)), ?v1:Expr)  ->  ?v1:Expr",1.0,1.0,1.0,1.0,0.9922480620155039,2.193548387096774,8.0,False,False,0.040154218673706055
lambda_beta_identity,promoted,promoted,True,42,8,0.05,8,"App(Lam(?v0:Name, Var(?v0:Name)), ?v1:Expr)  ->  ?v1:Expr",1.0,1.0,1.0,1.0,1.0,2.588235294117647,8.0,False,False,0.04657721519470215
lambda_beta_identity,promoted,promoted,True,42,8,0.05,32,"App(Lam(?v0:Name, Var(?v0:Name)), ?v1:Expr)  ->  ?v1:Expr",1.0,1.0,1.0,1.0,1.0,2.84297520661157,8.0,False,False,0.04575681686401367
lambda_beta_identity,promoted,promoted,True,42,8,0.1,0,"App(Lam(?v0:Name, Var(?v0:Name)), ?v1:Expr)  ->  ?v1:Expr",1.0,1.0,1.0,1.0,0.9922480620155039,2.193548387096774,8.0,False,False,0.04061698913574219
lambda_beta_identity,promoted,promoted,True,42,8,0.1,8,"App(Lam(?v0:Name, Var(?v0:Name)), ?v1:Expr)  ->  ?v1:Expr",1.0,1.0,1.0,1.0,1.0,2.588235294117647,8.0,False,False,0.05657505989074707
lambda_beta_identity,promoted,promoted,True,42,8,0.1,32,"App(Lam(?v0:Name, Var(?v0:Name)), ?v1:Expr)  ->  ?v1:Expr",1.0,1.0,1.0,1.0,1.0,2.84297520661157,8.0,False,False,0.041131019592285156
lambda_beta_identity,promoted,promoted,True,42,8,0.2,0,"App(Lam(?v0:Name, Var(?v0:Name)), ?v1:Expr)  ->  ?v1:Expr",0.875,1.0,1.0,1.0,0.9772727272727273,2.103448275862069,8.0,False,False,0.035633087158203125
lambda_beta_identity,promoted,promoted,True,42,8,0.2,8,"App(Lam(?v0:Name, Var(?v0:Name)), ?v1:Expr)  ->  ?v1:Expr",0.9375,1.0,1.0,1.0,1.0,2.5510204081632653,8.0,False,False,0.049722909927368164
lambda_beta_identity,promoted,promoted,True,42,8,0.2,32,"App(Lam(?v0:Name, Var(?v0:Name)), ?v1:Expr)  ->  ?v1:Expr",0.975,1.0,1.0,1.0,1.0,2.831932773109244,8.0,False,False,0.040029048919677734
lambda_beta_identity,promoted,promoted,True,42,16,0.0,0,"App(Lam(?v0:Name, Var(?v0:Name)), ?v1:Expr)  ->  ?v1:Expr",1.0,1.0,1.0,1.0,1.0,2.6382978723404253,8.0,False,False,0.04304218292236328
lambda_beta_identity,promoted,promoted,True,42,16,0.0,8,"App(Lam(?v0:Name, Var(?v0:Name)), ?v1:Expr)  ->  ?v1:Expr",1.0,1.0,1.0,1.0,1.0,2.8059701492537314,8.0,False,False,0.040068864822387695
lambda_beta_identity,promoted,promoted,True,42,16,0.0,32,"App(Lam(?v0:Name, Var(?v0:Name)), ?v1:Expr)  ->  ?v1:Expr",1.0,1.0,1.0,1.0,1.0,2.9197080291970803,8.0,False,False,0.045307159423828125
lambda_beta_identity,promoted,promoted,True,42,16,0.05,0,"App(Lam(?v0:Name, Var(?v0:Name)), ?v1:Expr)  ->  ?v1:Expr",0.9375,1.0,1.0,1.0,1.0,2.5294117647058822,8.0,False,False,0.035668373107910156
lambda_beta_identity,promoted,promoted,True,42,16,0.05,8,"App(Lam(?v0:Name, Var(?v0:Name)), ?v1:Expr)  ->  ?v1:Expr",0.9583333333333334,1.0,1.0,1.0,1.0,2.739130434782609,8.0,False,False,0.04598402976989746
lambda_beta_identity,promoted,promoted,True,42,16,0.05,32,"App(Lam(?v0:Name, Var(?v0:Name)), ?v1:Expr)  ->  ?v1:Expr",0.9791666666666666,1.0,1.0,1.0,0.990909090909091,2.911111111111111,8.0,False,False,0.04768490791320801
lambda_beta_identity,promoted,promoted,True,42,16,0.1,0,"App(Lam(?v0:Name, Var(?v0:Name)), ?v1:Expr)  ->  ?v1:Expr",0.9375,1.0,1.0,1.0,1.0,2.5294117647058822,8.0,False,False,0.03679203987121582
lambda_beta_identity,promoted,promoted,True,42,16,0.1,8,"App(Lam(?v0:Name, Var(?v0:Name)), ?v1:Expr)  ->  ?v1:Expr",0.9583333333333334,1.0,1.0,1.0,1.0,2.739130434782609,8.0,False,False,0.0441739559173584
lambda_beta_identity,promoted,promoted,True,42,16,0.1,32,"App(Lam(?v0:Name, Var(?v0:Name)), ?v1:Expr)  ->  ?v1:Expr",0.9791666666666666,1.0,1.0,1.0,0.990909090909091,2.911111111111111,8.0,False,False,0.0402679443359375
lambda_beta_identity,promoted,promoted,True,42,16,0.2,0,"App(Lam(?v0:Name, Var(?v0:Name)), ?v1:Expr)  ->  ?v1:Expr",0.875,1.0,1.0,1.0,0.9642857142857143,2.489795918367347,8.0,False,False,0.03916597366333008
lambda_beta_identity,promoted,promoted,True,42,16,0.2,8,"App(Lam(?v0:Name, Var(?v0:Name)), ?v1:Expr)  ->  ?v1:Expr",0.9166666666666666,1.0,1.0,1.0,1.0,2.7384615384615385,8.0,False,False,0.0449678897857666
lambda_beta_identity,promoted,promoted,True,42,16,0.2,32,"App(Lam(?v0:Name, Var(?v0:Name)), ?v1:Expr)  ->  ?v1:Expr",0.9583333333333334,1.0,1.0,1.0,1.0,3.061946902654867,8.0,False,False,0.05073380470275879
lambda_beta_identity,promoted,promoted,True,42,32,0.0,0,"App(Lam(?v0:Name, Var(?v0:Name)), ?v1:Expr)  ->  ?v1:Expr",1.0,1.0,1.0,1.0,1.0,2.8764044943820224,8.0,False,False,0.0390779972076416
lambda_beta_identity,promoted,promoted,True,42,32,0.0,8,"App(Lam(?v0:Name, Var(?v0:Name)), ?v1:Expr)  ->  ?v1:Expr",1.0,1.0,1.0,1.0,1.0,2.9357798165137616,8.0,False,False,0.04740190505981445
lambda_beta_identity,promoted,promoted,True,42,32,0.0,32,"App(Lam(?v0:Name, Var(?v0:Name)), ?v1:Expr)  ->  ?v1:Expr",1.0,1.0,1.0,1.0,1.0,3.005780346820809,8.0,False,False,0.04493308067321777
lambda_beta_identity,promoted,promoted,True,42,32,0.05,0,"App(Lam(?v0:Name, Var(?v0:Name)), ?v1:Expr)  ->  ?v1:Expr",0.96875,1.0,1.0,1.0,1.0,2.8241758241758244,8.0,False,False,0.037941932678222656
lambda_beta_identity,promoted,promoted,True,42,32,0.05,8,"App(Lam(?v0:Name, Var(?v0:Name)), ?v1:Expr)  ->  ?v1:Expr",0.975,1.0,1.0,1.0,1.0,2.925233644859813,8.0,False,False,0.04213905334472656
lambda_beta_identity,promoted,promoted,True,42,32,0.05,32,"App(Lam(?v0:Name, Var(?v0:Name)), ?v1:Expr)  ->  ?v1:Expr",0.984375,1.0,1.0,1.0,1.0,3.1032258064516127,8.0,False,False,0.05157899856567383
lambda_beta_identity,promoted,promoted,True,42,32,0.1,0,"App(Lam(?v0:Name, Var(?v0:Name)), ?v1:Expr)  ->  ?v1:Expr",0.96875,1.0,1.0,1.0,1.0,2.8241758241758244,8.0,False,False,0.0416102409362793
lambda_beta_identity,promoted,promoted,True,42,32,0.1,8,"App(Lam(?v0:Name, Var(?v0:Name)), ?v1:Expr)  ->  ?v1:Expr",0.975,1.0,1.0,1.0,1.0,2.925233644859813,8.0,False,False,0.04169893264770508
lambda_beta_identity,promoted,promoted,True,42,32,0.1,32,"App(Lam(?v0:Name, Var(?v0:Name)), ?v1:Expr)  ->  ?v1:Expr",0.984375,1.0,1.0,1.0,1.0,3.1032258064516127,8.0,False,False,0.042726993560791016
lambda_beta_identity,promoted,promoted,True,42,32,0.2,0,"App(Lam(?v0:Name, Var(?v0:Name)), ?v1:Expr)  ->  ?v1:Expr",0.9375,1.0,1.0,1.0,0.978021978021978,2.7578947368421054,8.0,False,False,0.04178214073181152
lambda_beta_identity,promoted,promoted,True,42,32,0.2,8,"App(Lam(?v0:Name, Var(?v0:Name)), ?v1:Expr)  ->  ?v1:Expr",0.95,1.0,1.0,1.0,1.0,2.864864864864865,8.0,False,False,0.04145002365112305
lambda_beta_identity,promoted,promoted,True,42,32,0.2,32,"App(Lam(?v0:Name, Var(?v0:Name)), ?v1:Expr)  ->  ?v1:Expr",0.96875,1.0,1.0,1.0,1.0,3.056603773584906,8.0,False,False,0.041809797286987305
lambda_beta_identity,promoted,promoted,True,1337,4,0.0,0,"App(Lam(?v0:Name, Var(?v0:Name)), ?v1:Expr)  ->  ?v1:Expr",1.0,1.0,1.0,1.0,1.0,1.7142857142857142,8.0,False,False,0.024831295013427734
lambda_beta_identity,promoted,promoted,True,1337,4,0.0,8,"App(Lam(?v0:Name, Var(?v0:Name)), ?v1:Expr)  ->  ?v1:Expr",1.0,1.0,1.0,1.0,0.9767441860465116,2.4186046511627906,8.0,False,False,0.04265594482421875
lambda_beta_identity,promoted,promoted,True,1337,4,0.0,32,"App(Lam(?v0:Name, Var(?v0:Name)), ?v1:Expr)  ->  ?v1:Expr",1.0,1.0,1.0,1.0,0.9922480620155039,2.857142857142857,8.0,False,False,0.043691158294677734
lambda_beta_identity,promoted,promoted,True,1337,4,0.05,0,"App(Lam(?v0:Name, Var(?v0:Name)), ?v1:Expr)  ->  ?v1:Expr",1.0,1.0,1.0,1.0,0.8527131782945736,1.7391304347826086,8.0,False,False,0.026942968368530273
lambda_beta_identity,promoted,promoted,True,1337,4,0.05,8,"App(Lam(?v0:Name, Var(?v0:Name)), ?v1:Expr)  ->  ?v1:Expr",1.0,1.0,1.0,1.0,1.0,2.4615384615384617,8.0,False,False,0.04328608512878418
lambda_beta_identity,promoted,promoted,True,1337,4,0.05,32,"App(Lam(?v0:Name, Var(?v0:Name)), ?v1:Expr)  ->  ?v1:Expr",1.0,1.0,1.0,1.0,1.0,3.0344827586206895,8.0,False,False,0.03765082359313965
lambda_beta_identity,promoted,promoted,True,1337,4,0.1,0,"App(Lam(?v0:Name, Var(?v0:Name)), ?v1:Expr)  ->  ?v1:Expr",1.0,1.0,1.0,1.0,0.8527131782945736,1.7391304347826086,8.0,False,False,0.02777695655822754
lambda_beta_identity,promoted,promoted,True,1337,4,0.1,8,"App(Lam(?v0:Name, Var(?v0:Name)), ?v1:Expr)  ->  ?v1:Expr",1.0,1.0,1.0,1.0,1.0,2.4615384615384617,8.0,False,False,0.0422971248626709
lambda_beta_identity,promoted,promoted,True,1337,4,0.1,32,"App(Lam(?v0:Name, Var(?v0:Name)), ?v1:Expr)  ->  ?v1:Expr",1.0,1.0,1.0,1.0,1.0,3.0344827586206895,8.0,False,False,0.052471160888671875
lambda_beta_identity,promoted,abstain,False,1337,4,0.2,0,,,,,,,,,False,True,0.028124094009399414
lambda_beta_identity,promoted,abstain,False,1337,4,0.2,8,,,,,,,,,False,True,0.028584957122802734
lambda_beta_identity,promoted,abstain,False,1337,4,0.2,32,,,,,,,,,False,True,0.025512218475341797
lambda_beta_identity,promoted,promoted,True,1337,8,0.0,0,"App(Lam(?v0:Name, Var(?v0:Name)), ?v1:Expr)  ->  ?v1:Expr",1.0,1.0,1.0,1.0,0.9767441860465116,2.1818181818181817,8.0,False,False,0.03902697563171387
lambda_beta_identity,promoted,promoted,True,1337,8,0.0,8,"App(Lam(?v0:Name, Var(?v0:Name)), ?v1:Expr)  ->  ?v1:Expr",1.0,1.0,1.0,1.0,1.0,2.6122448979591835,8.0,False,False,0.04370689392089844
lambda_beta_identity,promoted,promoted,True,1337,8,0.0,32,"App(Lam(?v0:Name, Var(?v0:Name)), ?v1:Expr)  ->  ?v1:Expr",1.0,1.0,1.0,1.0,1.0,3.051546391752577,8.0,False,False,0.04394125938415527
lambda_beta_identity,promoted,promoted,True,1337,8,0.05,0,"App(Lam(?v0:Name, Var(?v0:Name)), ?v1:Expr)  ->  ?v1:Expr",0.875,1.0,1.0,1.0,0.9523809523809523,2.090909090909091,8.0,False,False,0.03666377067565918
lambda_beta_identity,promoted,promoted,True,1337,8,0.05,8,"App(Lam(?v0:Name, Var(?v0:Name)), ?v1:Expr)  ->  ?v1:Expr",0.9375,1.0,1.0,1.0,1.0,2.5510204081632653,8.0,False,False,0.039047956466674805
lambda_beta_identity,promoted,promoted,True,1337,8,0.05,32,"App(Lam(?v0:Name, Var(?v0:Name)), ?v1:Expr)  ->  ?v1:Expr",0.975,1.0,1.0,1.0,1.0,3.020618556701031,8.0,False,False,0.041329145431518555
lambda_beta_identity,promoted,promoted,True,1337,8,0.1,0,"App(Lam(?v0:Name, Var(?v0:Name)), ?v1:Expr)  ->  ?v1:Expr",0.875,1.0,1.0,1.0,0.9523809523809523,2.090909090909091,8.0,False,False,0.034581899642944336
lambda_beta_identity,promoted,promoted,True,1337,8,0.1,8,"App(Lam(?v0:Name, Var(?v0:Name)), ?v1:Expr)  ->  ?v1:Expr",0.9375,1.0,1.0,1.0,1.0,2.5510204081632653,8.0,False,False,0.0459592342376709
lambda_beta_identity,promoted,promoted,True,1337,8,0.1,32,"App(Lam(?v0:Name, Var(?v0:Name)), ?v1:Expr)  ->  ?v1:Expr",0.975,1.0,1.0,1.0,1.0,3.020618556701031,8.0,False,False,0.06075310707092285
lambda_beta_identity,promoted,abstain,False,1337,8,0.2,0,"App(Lam(?v0:Name, Var(?v0:Name)), ?v1:Expr)  ->  ?v1:Expr",0.625,1.0,1.0,1.0,1.0,1.88,8.0,False,True,0.03522801399230957
lambda_beta_identity,promoted,promoted,True,1337,8,0.2,8,"App(Lam(?v0:Name, Var(?v0:Name)), ?v1:Expr)  ->  ?v1:Expr",0.8125,1.0,1.0,1.0,1.0,2.5121951219512195,8.0,False,False,0.04611086845397949
lambda_beta_identity,promoted,promoted,True,1337,8,0.2,32,"App(Lam(?v0:Name, Var(?v0:Name)), ?v1:Expr)  ->  ?v1:Expr",0.925,1.0,1.0,1.0,1.0,3.044943820224719,8.0,False,False,0.042495012283325195
lambda_beta_identity,promoted,promoted,True,1337,16,0.0,0,"App(Lam(?v0:Name, Var(?v0:Name)), ?v1:Expr)  ->  ?v1:Expr",1.0,1.0,1.0,1.0,0.9767441860465116,2.526315789473684,8.0,False,False,0.03506207466125488
lambda_beta_identity,promoted,promoted,True,1337,16,0.0,8,"App(Lam(?v0:Name, Var(?v0:Name)), ?v1:Expr)  ->  ?v1:Expr",1.0,1.0,1.0,1.0,0.9922480620155039,2.73972602739726,8.0,False,False,0.043309926986694336
lambda_beta_identity,promoted,promoted,True,1337,16,0.0,32,"App(Lam(?v0:Name, Var(?v0:Name)), ?v1:Expr)  ->  ?v1:Expr",1.0,1.0,1.0,1.0,1.0,3.041322314049587,8.0,False,False,0.04068922996520996
lambda_beta_identity,promoted,promoted,True,1337,16,0.05,0,"App(Lam(?v0:Name, Var(?v0:Name)), ?v1:Expr)  ->  ?v1:Expr",0.9375,1.0,1.0,1.0,0.9871794871794872,2.509433962264151,8.0,False,False,0.03494596481323242
lambda_beta_identity,promoted,promoted,True,1337,16,0.05,8,"App(Lam(?v0:Name, Var(?v0:Name)), ?v1:Expr)  ->  ?v1:Expr",0.9583333333333334,1.0,1.0,1.0,1.0,2.739130434782609,8.0,False,False,0.04138493537902832
lambda_beta_identity,promoted,promoted,True,1337,16,0.05,32,"App(Lam(?v0:Name, Var(?v0:Name)), ?v1:Expr)  ->  ?v1:Expr",0.9791666666666666,1.0,1.0,1.0,1.0,3.051282051282051,8.0,False,False,0.04042792320251465
lambda_beta_identity,promoted,promoted,True,1337,16,0.1,0,"App(Lam(?v0:Name, Var(?v0:Name)), ?v1:Expr)  ->  ?v1:Expr",0.9375,1.0,1.0,1.0,0.9871794871794872,2.509433962264151,8.0,False,False,0.037940025329589844
lambda_beta_identity,promoted,promoted,True,1337,16,0.1,8,"App(Lam(?v0:Name, Var(?v0:Name)), ?v1:Expr)  ->  ?v1:Expr",0.9583333333333334,1.0,1.0,1.0,1.0,2.739130434782609,8.0,False,False,0.0409998893737793
lambda_beta_identity,promoted,promoted,True,1337,16,0.1,32,"App(Lam(?v0:Name, Var(?v0:Name)), ?v1:Expr)  ->  ?v1:Expr",0.9791666666666666,1.0,1.0,1.0,1.0,3.051282051282051,8.0,False,False,0.057920217514038086
lambda_beta_identity,promoted,abstain,False,1337,16,0.2,0,"App(Lam(?v0:Name, Var(?v0:Name)), ?v1:Expr)  ->  ?v1:Expr",0.6875,1.0,1.0,1.0,1.0,2.3658536585365852,8.0,False,True,0.04173588752746582
lambda_beta_identity,promoted,promoted,True,1337,16,0.2,8,"App(Lam(?v0:Name, Var(?v0:Name)), ?v1:Expr)  ->  ?v1:Expr",0.7916666666666666,1.0,1.0,1.0,1.0,2.6,8.0,False,False,0.03725004196166992
lambda_beta_identity,promoted,promoted,True,1337,16,0.2,32,"App(Lam(?v0:Name, Var(?v0:Name)), ?v1:Expr)  ->  ?v1:Expr",0.8958333333333334,1.0,1.0,1.0,0.9661016949152542,2.8473282442748094,8.0,False,False,0.03822898864746094
lambda_beta_identity,promoted,promoted,True,1337,32,0.0,0,"App(Lam(?v0:Name, Var(?v0:Name)), ?v1:Expr)  ->  ?v1:Expr",1.0,1.0,1.0,1.0,0.9534883720930233,2.7289719626168223,8.0,False,False,0.03707075119018555
lambda_beta_identity,promoted,promoted,True,1337,32,0.0,8,"App(Lam(?v0:Name, Var(?v0:Name)), ?v1:Expr)  ->  ?v1:Expr",1.0,1.0,1.0,1.0,0.9767441860465116,2.8292682926829267,8.0,False,False,0.0415339469909668
lambda_beta_identity,promoted,promoted,True,1337,32,0.0,32,"App(Lam(?v0:Name, Var(?v0:Name)), ?v1:Expr)  ->  ?v1:Expr",1.0,1.0,1.0,1.0,1.0,3.017543859649123,8.0,False,False,0.0449068546295166
lambda_beta_identity,promoted,promoted,True,1337,32,0.05,0,"App(Lam(?v0:Name, Var(?v0:Name)), ?v1:Expr)  ->  ?v1:Expr",0.90625,1.0,1.0,1.0,0.9512195121951219,2.7263157894736842,8.0,False,False,0.03849220275878906
lambda_beta_identity,promoted,promoted,True,1337,32,0.05,8,"App(Lam(?v0:Name, Var(?v0:Name)), ?v1:Expr)  ->  ?v1:Expr",0.925,1.0,1.0,1.0,0.9876543209876543,2.8378378378378377,8.0,False,False,0.039652109146118164
lambda_beta_identity,promoted,promoted,True,1337,32,0.05,32,"App(Lam(?v0:Name, Var(?v0:Name)), ?v1:Expr)  ->  ?v1:Expr",0.953125,1.0,1.0,1.0,1.0,3.0377358490566038,8.0,False,False,0.055770158767700195
lambda_beta_identity,promoted,promoted,True,1337,32,0.1,0,"App(Lam(?v0:Name, Var(?v0:Name)), ?v1:Expr)  ->  ?v1:Expr",0.90625,1.0,1.0,1.0,0.9594594594594594,2.7263157894736842,8.0,False,False,0.035198211669921875
lambda_beta_identity,promoted,promoted,True,1337,32,0.1,8,"App(Lam(?v0:Name, Var(?v0:Name)), ?v1:Expr)  ->  ?v1:Expr",0.925,1.0,1.0,1.0,0.9880952380952381,2.8378378378378377,8.0,False,False,0.09101700782775879
lambda_beta_identity,promoted,promoted,True,1337,32,0.1,32,"App(Lam(?v0:Name, Var(?v0:Name)), ?v1:Expr)  ->  ?v1:Expr",0.953125,1.0,1.0,1.0,1.0,3.0377358490566038,8.0,False,False,0.04638099670410156
lambda_beta_identity,promoted,promoted,True,1337,32,0.2,0,"App(Lam(?v0:Name, Var(?v0:Name)), ?v1:Expr)  ->  ?v1:Expr",0.75,1.0,1.0,1.0,0.9642857142857143,2.72,8.0,False,False,0.03386425971984863
lambda_beta_identity,promoted,promoted,True,1337,32,0.2,8,"App(Lam(?v0:Name, Var(?v0:Name)), ?v1:Expr)  ->  ?v1:Expr",0.8,1.0,1.0,1.0,1.0,2.857142857142857,8.0,False,False,0.04340982437133789
lambda_beta_identity,promoted,promoted,True,1337,32,0.2,32,"App(Lam(?v0:Name, Var(?v0:Name)), ?v1:Expr)  ->  ?v1:Expr",0.875,1.0,1.0,1.0,1.0,3.079136690647482,8.0,False,False,0.049588918685913086
lambda_beta_identity,promoted,promoted,True,2025,4,0.0,0,"App(Lam(?v0:Name, Var(?v0:Name)), ?v1:Expr)  ->  ?v1:Expr",1.0,1.0,1.0,1.0,1.0,1.6842105263157894,8.0,False,False,0.024235963821411133
lambda_beta_identity,promoted,promoted,True,2025,4,0.0,8,"App(Lam(?v0:Name, Var(?v0:Name)), ?v1:Expr)  ->  ?v1:Expr",1.0,1.0,1.0,1.0,1.0,2.4390243902439024,8.0,False,False,0.034607648849487305
lambda_beta_identity,promoted,promoted,True,2025,4,0.0,32,"App(Lam(?v0:Name, Var(?v0:Name)), ?v1:Expr)  ->  ?v1:Expr",1.0,1.0,1.0,1.0,0.9844961240310077,2.8411214953271027,8.0,False,False,0.039346933364868164
lambda_beta_identity,promoted,promoted,True,2025,4,0.05,0,"App(Lam(?v0:Name, Var(?v0:Name)), ?v1:Expr)  ->  ?v1:Expr",1.0,1.0,1.0,1.0,1.0,1.6470588235294117,8.0,False,False,0.025053977966308594
lambda_beta_identity,promoted,promoted,True,2025,4,0.05,8,"App(Lam(?v0:Name, Var(?v0:Name)), ?v1:Expr)  ->  ?v1:Expr",1.0,1.0,1.0,1.0,1.0,2.4615384615384617,8.0,False,False,0.03327608108520508
lambda_beta_identity,promoted,promoted,True,2025,4,0.05,32,"App(Lam(?v0:Name, Var(?v0:Name)), ?v1:Expr)  ->  ?v1:Expr",1.0,1.0,1.0,1.0,0.9922480620155039,2.857142857142857,8.0,False,False,0.04007434844970703
lambda_beta_identity,promoted,promoted,True,2025,4,0.1,0,"App(Lam(?v0:Name, Var(?v0:Name)), ?v1:Expr)  ->  ?v1:Expr",0.75,1.0,1.0,1.0,1.0,1.5263157894736843,8.0,False,False,0.024446964263916016
lambda_beta_identity,promoted,promoted,True,2025,4,0.1,8,"App(Lam(?v0:Name, Var(?v0:Name)), ?v1:Expr)  ->  ?v1:Expr",0.9166666666666666,1.0,1.0,1.0,0.9866666666666667,2.3658536585365852,8.0,False,False,0.03347468376159668
lambda_beta_identity,promoted,promoted,True,2025,4,0.1,32,"App(Lam(?v0:Name, Var(?v0:Name)), ?v1:Expr)  ->  ?v1:Expr",0.9722222222222222,1.0,1.0,1.0,1.0,2.8130841121495327,8.0,False,False,0.0384218692779541
lambda_beta_identity,promoted,promoted,True,2025,4,0.2,0,"App(Lam(?v0:Name, Var(?v0:Name)), ?v1:Expr)  ->  ?v1:Expr",0.75,1.0,1.0,1.0,1.0,1.5263157894736843,8.0,False,False,0.024526119232177734
lambda_beta_identity,promoted,promoted,True,2025,4,0.2,8,"App(Lam(?v0:Name, Var(?v0:Name)), ?v1:Expr)  ->  ?v1:Expr",0.9166666666666666,1.0,1.0,1.0,0.9866666666666667,2.3658536585365852,8.0,False,False,0.0366969108581543
lambda_beta_identity,promoted,promoted,True,2025,4,0.2,32,"App(Lam(?v0:Name, Var(?v0:Name)), ?v1:Expr)  ->  ?v1:Expr",0.9722222222222222,1.0,1.0,1.0,1.0,2.8130841121495327,8.0,False,False,0.04862689971923828
lambda_beta_identity,promoted,promoted,True,2025,8,0.0,0,"App(Lam(?v0:Name, Var(?v0:Name)), ?v1:Expr)  ->  ?v1:Expr",1.0,1.0,1.0,1.0,1.0,2.193548387096774,8.0,False,False,0.04813694953918457
lambda_beta_identity,promoted,promoted,True,2025,8,0.0,8,"App(Lam(?v0:Name, Var(?v0:Name)), ?v1:Expr)  ->  ?v1:Expr",1.0,1.0,1.0,1.0,0.9844961240310077,2.5660377358490565,8.0,False,False,0.04434704780578613
lambda_beta_identity,promoted,promoted,True,2025,8,0.0,32,"App(Lam(?v0:Name, Var(?v0:Name)), ?v1:Expr)  ->  ?v1:Expr",1.0,1.0,1.0,1.0,1.0,2.84297520661157,8.0,False,False,0.054296255111694336
lambda_beta_identity,promoted,promoted,True,2025,8,0.05,0,"App(Lam(?v0:Name, Var(?v0:Name)), ?v1:Expr)  ->  ?v1:Expr",1.0,1.0,1.0,1.0,1.0,2.206896551724138,8.0,False,False,0.03935599327087402
lambda_beta_identity,promoted,promoted,True,2025,8,0.05,8,"App(Lam(?v0:Name, Var(?v0:Name)), ?v1:Expr)  ->  ?v1:Expr",1.0,1.0,1.0,1.0,1.0,2.588235294117647,8.0,False,False,0.04682803153991699
lambda_beta_identity,promoted,promoted,True,2025,8,0.05,32,"App(Lam(?v0:Name, Var(?v0:Name)), ?v1:Expr)  ->  ?v1:Expr",1.0,1.0,1.0,1.0,0.9922480620155039,2.871794871794872,8.0,False,False,0.057813167572021484
lambda_beta_identity,promoted,promoted,True,2025,8,0.1,0,"App(Lam(?v0:Name, Var(?v0:Name)), ?v1:Expr)  ->  ?v1:Expr",0.875,1.0,1.0,1.0,0.8,2.090909090909091,8.0,False,False,0.04962515830993652
lambda_beta_identity,promoted,promoted,True,2025,8,0.1,8,"App(Lam(?v0:Name, Var(?v0:Name)), ?v1:Expr)  ->  ?v1:Expr",0.9375,1.0,1.0,1.0,0.9885057471264368,2.5510204081632653,8.0,False,False,0.057456016540527344
lambda_beta_identity,promoted,promoted,True,2025,8,0.1,32,"App(Lam(?v0:Name, Var(?v0:Name)), ?v1:Expr)  ->  ?v1:Expr",0.975,1.0,1.0,1.0,1.0,3.020618556701031,8.0,False,False,0.056234121322631836
lambda_beta_identity,promoted,promoted,True,2025,8,0.2,0,"App(Lam(?v0:Name, Var(?v0:Name)), ?v1:Expr)  ->  ?v1:Expr",0.75,1.0,1.0,1.0,0.6,2.0,8.0,False,False,0.04418206214904785
lambda_beta_identity,promoted,promoted,True,2025,8,0.2,8,"App(Lam(?v0:Name, Var(?v0:Name)), ?v1:Expr)  ->  ?v1:Expr",0.875,1.0,1.0,1.0,1.0,2.533333333333333,8.0,False,False,0.04604196548461914
lambda_beta_identity,promoted,promoted,True,2025,8,0.2,32,"App(Lam(?v0:Name, Var(?v0:Name)), ?v1:Expr)  ->  ?v1:Expr",0.95,1.0,1.0,1.0,1.0,3.032258064516129,8.0,False,False,0.05939197540283203
lambda_beta_identity,promoted,promoted,True,2025,16,0.0,0,"App(Lam(?v0:Name, Var(?v0:Name)), ?v1:Expr)  ->  ?v1:Expr",1.0,1.0,1.0,1.0,1.0,2.6122448979591835,8.0,False,False,0.04620003700256348
lambda_beta_identity,promoted,promoted,True,2025,16,0.0,8,"App(Lam(?v0:Name, Var(?v0:Name)), ?v1:Expr)  ->  ?v1:Expr",1.0,1.0,1.0,1.0,1.0,2.782608695652174,8.0,False,False,0.042864084243774414
lambda_beta_identity,promoted,promoted,True,2025,16,0.0,32,"App(Lam(?v0:Name, Var(?v0:Name)), ?v1:Expr)  ->  ?v1:Expr",1.0,1.0,1.0,1.0,0.9689922480620154,2.893617021276596,8.0,False,False,0.049965858459472656
lambda_beta_identity,promoted,promoted,True,2025,16,0.05,0,"App(Lam(?v0:Name, Var(?v0:Name)), ?v1:Expr)  ->  ?v1:Expr",1.0,1.0,1.0,1.0,1.0,2.6382978723404253,8.0,False,False,0.041990041732788086
lambda_beta_identity,promoted,promoted,True,2025,16,0.05,8,"App(Lam(?v0:Name, Var(?v0:Name)), ?v1:Expr)  ->  ?v1:Expr",1.0,1.0,1.0,1.0,1.0,2.782608695652174,8.0,False,False,0.05541872978210449
lambda_beta_identity,promoted,promoted,True,2025,16,0.05,32,"App(Lam(?v0:Name, Var(?v0:Name)), ?v1:Expr)  ->  ?v1:Expr",1.0,1.0,1.0,1.0,1.0,2.9197080291970803,8.0,False,False,0.045649051666259766
lambda_beta_identity,promoted,promoted,True,2025,16,0.1,0,"App(Lam(?v0:Name, Var(?v0:Name)), ?v1:Expr)  ->  ?v1:Expr",0.9375,1.0,1.0,1.0,0.975609756097561,2.5294117647058822,8.0,False,False,0.04821419715881348
lambda_beta_identity,promoted,promoted,True,2025,16,0.1,8,"App(Lam(?v0:Name, Var(?v0:Name)), ?v1:Expr)  ->  ?v1:Expr",0.9583333333333334,1.0,1.0,1.0,0.9906542056074766,2.7611940298507465,8.0,False,False,0.050230979919433594
lambda_beta_identity,promoted,promoted,True,2025,16,0.1,32,"App(Lam(?v0:Name, Var(?v0:Name)), ?v1:Expr)  ->  ?v1:Expr",0.9791666666666666,1.0,1.0,1.0,1.0,3.0695652173913044,8.0,False,False,0.0479741096496582
lambda_beta_identity,promoted,promoted,True,2025,16,0.2,0,"App(Lam(?v0:Name, Var(?v0:Name)), ?v1:Expr)  ->  ?v1:Expr",0.875,1.0,1.0,1.0,1.0,2.533333333333333,8.0,False,False,0.04191303253173828
lambda_beta_identity,promoted,promoted,True,2025,16,0.2,8,"App(Lam(?v0:Name, Var(?v0:Name)), ?v1:Expr)  ->  ?v1:Expr",0.9166666666666666,1.0,1.0,1.0,0.9875,2.716417910447761,8.0,False,False,0.04201984405517578
lambda_beta_identity,promoted,promoted,True,2025,16,0.2,32,"App(Lam(?v0:Name, Var(?v0:Name)), ?v1:Expr)  ->  ?v1:Expr",0.9583333333333334,1.0,1.0,1.0,1.0,2.888888888888889,8.0,False,False,0.048932790756225586
lambda_beta_identity,promoted,promoted,True,2025,32,0.0,0,"App(Lam(?v0:Name, Var(?v0:Name)), ?v1:Expr)  ->  ?v1:Expr",1.0,1.0,1.0,1.0,1.0,2.838709677419355,8.0,False,False,0.036581993103027344
lambda_beta_identity,promoted,promoted,True,2025,32,0.0,8,"App(Lam(?v0:Name, Var(?v0:Name)), ?v1:Expr)  ->  ?v1:Expr",1.0,1.0,1.0,1.0,0.9922480620155039,2.8869565217391306,8.0,False,False,0.03962898254394531
lambda_beta_identity,promoted,promoted,True,2025,32,0.0,32,"App(Lam(?v0:Name, Var(?v0:Name)), ?v1:Expr)  ->  ?v1:Expr",1.0,1.0,1.0,1.0,0.9922480620155039,2.9508196721311477,8.0,False,False,0.04538917541503906
lambda_beta_identity,promoted,promoted,True,2025,32,0.05,0,"App(Lam(?v0:Name, Var(?v0:Name)), ?v1:Expr)  ->  ?v1:Expr",1.0,1.0,1.0,1.0,0.9922480620155039,2.857142857142857,8.0,False,False,0.03732585906982422
lambda_beta_identity,promoted,promoted,True,2025,32,0.05,8,"App(Lam(?v0:Name, Var(?v0:Name)), ?v1:Expr)  ->  ?v1:Expr",1.0,1.0,1.0,1.0,1.0,2.953271028037383,8.0,False,False,0.052503108978271484
lambda_beta_identity,promoted,promoted,True,2025,32,0.05,32,"App(Lam(?v0:Name, Var(?v0:Name)), ?v1:Expr)  ->  ?v1:Expr",1.0,1.0,1.0,1.0,1.0,3.1225806451612903,8.0,False,False,0.04333186149597168
lambda_beta_identity,promoted,promoted,True,2025,32,0.1,0,"App(Lam(?v0:Name, Var(?v0:Name)), ?v1:Expr)  ->  ?v1:Expr",0.9375,1.0,1.0,1.0,1.0,2.774193548387097,8.0,False,False,0.039962053298950195
lambda_beta_identity,promoted,promoted,True,2025,32,0.1,8,"App(Lam(?v0:Name, Var(?v0:Name)), ?v1:Expr)  ->  ?v1:Expr",0.95,1.0,1.0,1.0,1.0,2.8807339449541285,8.0,False,False,0.044558048248291016
lambda_beta_identity,promoted,promoted,True,2025,32,0.1,32,"App(Lam(?v0:Name, Var(?v0:Name)), ?v1:Expr)  ->  ?v1:Expr",0.96875,1.0,1.0,1.0,1.0,3.070063694267516,8.0,False,False,0.04714012145996094
lambda_beta_identity,promoted,promoted,True,2025,32,0.2,0,"App(Lam(?v0:Name, Var(?v0:Name)), ?v1:Expr)  ->  ?v1:Expr",0.8125,1.0,1.0,1.0,0.9722222222222222,2.759493670886076,8.0,False,False,0.03833484649658203
lambda_beta_identity,promoted,promoted,True,2025,32,0.2,8,"App(Lam(?v0:Name, Var(?v0:Name)), ?v1:Expr)  ->  ?v1:Expr",0.85,1.0,1.0,1.0,1.0,2.8842105263157896,8.0,False,False,0.04558706283569336
lambda_beta_identity,promoted,promoted,True,2025,32,0.2,32,"App(Lam(?v0:Name, Var(?v0:Name)), ?v1:Expr)  ->  ?v1:Expr",0.90625,1.0,1.0,1.0,1.0,3.090909090909091,8.0,False,False,0.0388951301574707
lambda_beta_identity,promoted,promoted,True,9001,4,0.0,0,"App(Lam(?v0:Name, Var(?v0:Name)), ?v1:Expr)  ->  ?v1:Expr",1.0,1.0,1.0,1.0,1.0,1.6842105263157894,8.0,False,False,0.02546095848083496
lambda_beta_identity,promoted,promoted,True,9001,4,0.0,8,"App(Lam(?v0:Name, Var(?v0:Name)), ?v1:Expr)  ->  ?v1:Expr",1.0,1.0,1.0,1.0,1.0,2.4390243902439024,8.0,False,False,0.03517007827758789
lambda_beta_identity,promoted,promoted,True,9001,4,0.0,32,"App(Lam(?v0:Name, Var(?v0:Name)), ?v1:Expr)  ->  ?v1:Expr",1.0,1.0,1.0,1.0,0.9922480620155039,2.857142857142857,8.0,False,False,0.03581500053405762
lambda_beta_identity,promoted,promoted,True,9001,4,0.05,0,"App(Lam(?v0:Name, Var(?v0:Name)), ?v1:Expr)  ->  ?v1:Expr",0.75,1.0,1.0,1.0,1.0,1.4705882352941178,8.0,False,False,0.02376389503479004
lambda_beta_identity,promoted,promoted,True,9001,4,0.05,8,"App(Lam(?v0:Name, Var(?v0:Name)), ?v1:Expr)  ->  ?v1:Expr",0.9166666666666666,1.0,1.0,1.0,1.0,2.3658536585365852,8.0,False,False,0.04366016387939453
lambda_beta_identity,promoted,promoted,True,9001,4,0.05,32,"App(Lam(?v0:Name, Var(?v0:Name)), ?v1:Expr)  ->  ?v1:Expr",0.9722222222222222,1.0,1.0,1.0,1.0,2.8613861386138613,8.0,False,False,0.043486833572387695
lambda_beta_identity,promoted,promoted,True,9001,4,0.1,0,"App(Lam(?v0:Name, Var(?v0:Name)), ?v1:Expr)  ->  ?v1:Expr",0.75,1.0,1.0,1.0,1.0,1.4705882352941178,8.0,False,False,0.023445844650268555
lambda_beta_identity,promoted,promoted,True,9001,4,0.1,8,"App(Lam(?v0:Name, Var(?v0:Name)), ?v1:Expr)  ->  ?v1:Expr",0.9166666666666666,1.0,1.0,1.0,1.0,2.3658536585365852,8.0,False,False,0.039841651916503906
lambda_beta_identity,promoted,promoted,True,9001,4,0.1,32,"App(Lam(?v0:Name, Var(?v0:Name)), ?v1:Expr)  ->  ?v1:Expr",0.9722222222222222,1.0,1.0,1.0,1.0,2.8613861386138613,8.0,False,False,0.03643202781677246
lambda_beta_identity,promoted,abstain,False,9001,4,0.2,0,,,,,,,,,False,True,0.023365259170532227
lambda_beta_identity,promoted,abstain,False,9001,4,0.2,8,,,,,,,,,False,True,0.02221226692199707
lambda_beta_identity,promoted,abstain,False,9001,4,0.2,32,,,,,,,,,False,True,0.02293229103088379
lambda_beta_identity,promoted,promoted,True,9001,8,0.0,0,"App(Lam(?v0:Name, Var(?v0:Name)), ?v1:Expr)  ->  ?v1:Expr",1.0,1.0,1.0,1.0,1.0,2.206896551724138,8.0,False,False,0.034912109375
lambda_beta_identity,promoted,promoted,True,9001,8,0.0,8,"App(Lam(?v0:Name, Var(?v0:Name)), ?v1:Expr)  ->  ?v1:Expr",1.0,1.0,1.0,1.0,1.0,2.5660377358490565,8.0,False,False,0.044387102127075195
lambda_beta_identity,promoted,promoted,True,9001,8,0.0,32,"App(Lam(?v0:Name, Var(?v0:Name)), ?v1:Expr)  ->  ?v1:Expr",1.0,1.0,1.0,1.0,0.9844961240310077,2.871794871794872,8.0,False,False,0.042101144790649414
lambda_beta_identity,promoted,promoted,True,9001,8,0.05,0,"App(Lam(?v0:Name, Var(?v0:Name)), ?v1:Expr)  ->  ?v1:Expr",0.875,1.0,1.0,1.0,0.9534883720930233,2.103448275862069,8.0,False,False,0.03378105163574219
lambda_beta_identity,promoted,promoted,True,9001,8,0.05,8,"App(Lam(?v0:Name, Var(?v0:Name)), ?v1:Expr)  ->  ?v1:Expr",0.9375,1.0,1.0,1.0,0.9487179487179487,2.509433962264151,8.0,False,False,0.04919576644897461
lambda_beta_identity,promoted,promoted,True,9001,8,0.05,32,"App(Lam(?v0:Name, Var(?v0:Name)), ?v1:Expr)  ->  ?v1:Expr",0.975,1.0,1.0,1.0,0.9821428571428571,2.8461538461538463,8.0,False,False,0.04377913475036621
lambda_beta_identity,promoted,promoted,True,9001,8,0.1,0,"App(Lam(?v0:Name, Var(?v0:Name)), ?v1:Expr)  ->  ?v1:Expr",0.875,1.0,1.0,1.0,0.9534883720930233,2.103448275862069,8.0,False,False,0.03697514533996582
lambda_beta_identity,promoted,promoted,True,9001,8,0.1,8,"App(Lam(?v0:Name, Var(?v0:Name)), ?v1:Expr)  ->  ?v1:Expr",0.9375,1.0,1.0,1.0,0.9487179487179487,2.509433962264151,8.0,False,False,0.04097318649291992
lambda_beta_identity,promoted,promoted,True,9001,8,0.1,32,"App(Lam(?v0:Name, Var(?v0:Name)), ?v1:Expr)  ->  ?v1:Expr",0.975,1.0,1.0,1.0,0.9821428571428571,2.8461538461538463,8.0,False,False,0.03878307342529297
lambda_beta_identity,promoted,abstain,False,9001,8,0.2,0,"App(Lam(?v0:Name, Var(?v0:Name)), ?v1:Expr)  ->  ?v1:Expr",0.625,1.0,1.0,1.0,1.0,1.8695652173913044,8.0,False,True,0.04491376876831055
lambda_beta_identity,promoted,promoted,True,9001,8,0.2,8,"App(Lam(?v0:Name, Var(?v0:Name)), ?v1:Expr)  ->  ?v1:Expr",0.8125,1.0,1.0,1.0,0.9117647058823529,2.4285714285714284,8.0,False,False,0.04337191581726074
lambda_beta_identity,promoted,promoted,True,9001,8,0.2,32,"App(Lam(?v0:Name, Var(?v0:Name)), ?v1:Expr)  ->  ?v1:Expr",0.925,1.0,1.0,1.0,0.9876543209876543,2.8230088495575223,8.0,False,False,0.041316986083984375
lambda_beta_identity,promoted,promoted,True,9001,16,0.0,0,"App(Lam(?v0:Name, Var(?v0:Name)), ?v1:Expr)  ->  ?v1:Expr",1.0,1.0,1.0,1.0,1.0,2.588235294117647,8.0,False,False,0.0412440299987793
lambda_beta_identity,promoted,promoted,True,9001,16,0.0,8,"App(Lam(?v0:Name, Var(?v0:Name)), ?v1:Expr)  ->  ?v1:Expr",1.0,1.0,1.0,1.0,1.0,2.8059701492537314,8.0,False,False,0.04527091979980469
lambda_beta_identity,promoted,promoted,True,9001,16,0.0,32,"App(Lam(?v0:Name, Var(?v0:Name)), ?v1:Expr)  ->  ?v1:Expr",1.0,1.0,1.0,1.0,1.0,3.0956521739130434,8.0,False,False,0.0415799617767334
lambda_beta_identity,promoted,promoted,True,9001,16,0.05,0,"App(Lam(?v0:Name, Var(?v0:Name)), ?v1:Expr)  ->  ?v1:Expr",0.9375,1.0,1.0,1.0,0.9753086419753086,2.4909090909090907,8.0,False,False,0.04683208465576172
lambda_beta_identity,promoted,promoted,True,9001,16,0.05,8,"App(Lam(?v0:Name, Var(?v0:Name)), ?v1:Expr)  ->  ?v1:Expr",0.9583333333333334,1.0,1.0,1.0,1.0,2.7183098591549295,8.0,False,False,0.040335893630981445
lambda_beta_identity,promoted,promoted,True,9001,16,0.05,32,"App(Lam(?v0:Name, Var(?v0:Name)), ?v1:Expr)  ->  ?v1:Expr",0.9791666666666666,1.0,1.0,1.0,1.0,3.033613445378151,8.0,False,False,0.04322504997253418
lambda_beta_identity,promoted,promoted,True,9001,16,0.1,0,"App(Lam(?v0:Name, Var(?v0:Name)), ?v1:Expr)  ->  ?v1:Expr",0.9375,1.0,1.0,1.0,0.9753086419753086,2.4909090909090907,8.0,False,False,0.03462576866149902
lambda_beta_identity,promoted,promoted,True,9001,16,0.1,8,"App(Lam(?v0:Name, Var(?v0:Name)), ?v1:Expr)  ->  ?v1:Expr",0.9583333333333334,1.0,1.0,1.0,1.0,2.7183098591549295,8.0,False,False,0.04599714279174805
lambda_beta_identity,promoted,promoted,True,9001,16,0.1,32,"App(Lam(?v0:Name, Var(?v0:Name)), ?v1:Expr)  ->  ?v1:Expr",0.9791666666666666,1.0,1.0,1.0,1.0,3.033613445378151,8.0,False,False,0.040908098220825195
lambda_beta_identity,promoted,abstain,False,9001,16,0.2,0,"App(Lam(?v0:Name, Var(?v0:Name)), ?v1:Expr)  ->  ?v1:Expr",0.6875,1.0,1.0,1.0,1.0,2.3658536585365852,8.0,False,True,0.03925490379333496
lambda_beta_identity,promoted,promoted,True,9001,16,0.2,8,"App(Lam(?v0:Name, Var(?v0:Name)), ?v1:Expr)  ->  ?v1:Expr",0.7916666666666666,1.0,1.0,1.0,1.0,2.6842105263157894,8.0,False,False,0.039411067962646484
lambda_beta_identity,promoted,promoted,True,9001,16,0.2,32,"App(Lam(?v0:Name, Var(?v0:Name)), ?v1:Expr)  ->  ?v1:Expr",0.8958333333333334,1.0,1.0,1.0,1.0,3.057142857142857,8.0,False,False,0.050299882888793945
lambda_beta_identity,promoted,promoted,True,9001,32,0.0,0,"App(Lam(?v0:Name, Var(?v0:Name)), ?v1:Expr)  ->  ?v1:Expr",1.0,1.0,1.0,1.0,1.0,2.8764044943820224,8.0,False,False,0.03724789619445801
lambda_beta_identity,promoted,promoted,True,9001,32,0.0,8,"App(Lam(?v0:Name, Var(?v0:Name)), ?v1:Expr)  ->  ?v1:Expr",1.0,1.0,1.0,1.0,0.9844961240310077,2.8869565217391306,8.0,False,False,0.041725873947143555
lambda_beta_identity,promoted,promoted,True,9001,32,0.0,32,"App(Lam(?v0:Name, Var(?v0:Name)), ?v1:Expr)  ->  ?v1:Expr",1.0,1.0,1.0,1.0,0.9922480620155039,2.9508196721311477,8.0,False,False,0.040639400482177734
lambda_beta_identity,promoted,promoted,True,9001,32,0.05,0,"App(Lam(?v0:Name, Var(?v0:Name)), ?v1:Expr)  ->  ?v1:Expr",0.96875,1.0,1.0,1.0,0.9906542056074766,2.7731958762886597,8.0,False,False,0.03897809982299805
lambda_beta_identity,promoted,promoted,True,9001,32,0.05,8,"App(Lam(?v0:Name, Var(?v0:Name)), ?v1:Expr)  ->  ?v1:Expr",0.975,1.0,1.0,1.0,0.990990990990991,2.8761061946902653,8.0,False,False,0.048818111419677734
lambda_beta_identity,promoted,promoted,True,9001,32,0.05,32,"App(Lam(?v0:Name, Var(?v0:Name)), ?v1:Expr)  ->  ?v1:Expr",0.984375,1.0,1.0,1.0,1.0,3.062111801242236,8.0,False,False,0.04465937614440918
lambda_beta_identity,promoted,promoted,True,9001,32,0.1,0,"App(Lam(?v0:Name, Var(?v0:Name)), ?v1:Expr)  ->  ?v1:Expr",0.96875,1.0,1.0,1.0,0.9906542056074766,2.7731958762886597,8.0,False,False,0.03672504425048828
lambda_beta_identity,promoted,promoted,True,9001,32,0.1,8,"App(Lam(?v0:Name, Var(?v0:Name)), ?v1:Expr)  ->  ?v1:Expr",0.975,1.0,1.0,1.0,0.990990990990991,2.8761061946902653,8.0,False,False,0.05072212219238281
lambda_beta_identity,promoted,promoted,True,9001,32,0.1,32,"App(Lam(?v0:Name, Var(?v0:Name)), ?v1:Expr)  ->  ?v1:Expr",0.984375,1.0,1.0,1.0,1.0,3.062111801242236,8.0,False,False,0.05013132095336914
lambda_beta_identity,promoted,promoted,True,9001,32,0.2,0,"App(Lam(?v0:Name, Var(?v0:Name)), ?v1:Expr)  ->  ?v1:Expr",0.8125,1.0,1.0,1.0,1.0,2.7058823529411766,8.0,False,False,0.03565263748168945
lambda_beta_identity,promoted,promoted,True,9001,32,0.2,8,"App(Lam(?v0:Name, Var(?v0:Name)), ?v1:Expr)  ->  ?v1:Expr",0.85,1.0,1.0,1.0,0.9787234042553191,2.8316831683168315,8.0,False,False,0.04341387748718262
lambda_beta_identity,promoted,promoted,True,9001,32,0.2,32,"App(Lam(?v0:Name, Var(?v0:Name)), ?v1:Expr)  ->  ?v1:Expr",0.90625,1.0,1.0,1.0,1.0,3.046979865771812,8.0,False,False,0.05012917518615723
null_hidden_switching,abstain,abstain,True,42,4,0.0,0,,,,,,,,,False,False,0.026955127716064453
null_hidden_switching,abstain,abstain,True,42,4,0.0,8,,,,,,,,,False,False,0.022109270095825195
null_hidden_switching,abstain,abstain,True,42,4,0.0,32,,,,,,,,,False,False,0.018223047256469727
null_hidden_switching,abstain,abstain,True,42,4,0.05,0,,,,,,,,,False,False,0.01925182342529297
null_hidden_switching,abstain,abstain,True,42,4,0.05,8,,,,,,,,,False,False,0.025063037872314453
null_hidden_switching,abstain,abstain,True,42,4,0.05,32,,,,,,,,,False,False,0.021780967712402344
null_hidden_switching,abstain,abstain,True,42,4,0.1,0,,,,,,,,,False,False,0.018748998641967773
null_hidden_switching,abstain,abstain,True,42,4,0.1,8,,,,,,,,,False,False,0.022238969802856445
null_hidden_switching,abstain,abstain,True,42,4,0.1,32,,,,,,,,,False,False,0.018830060958862305
null_hidden_switching,abstain,abstain,True,42,4,0.2,0,,,,,,,,,False,False,0.025181055068969727
null_hidden_switching,abstain,abstain,True,42,4,0.2,8,,,,,,,,,False,False,0.019086122512817383
null_hidden_switching,abstain,abstain,True,42,4,0.2,32,,,,,,,,,False,False,0.025617122650146484
null_hidden_switching,abstain,abstain,True,42,8,0.0,0,"Pair(?v0:Expr, ?v1:Expr)  ->  Pair(?v1:Expr, ?v0:Expr)",0.5,0.5,1.0,1.0,1.0,1.5555555555555556,7.0,False,False,0.025372982025146484
null_hidden_switching,abstain,abstain,True,42,8,0.0,8,"Pair(?v0:Expr, ?v1:Expr)  ->  Pair(?v1:Expr, ?v0:Expr)",0.5,0.5,1.0,1.0,1.0,1.5555555555555556,7.0,False,False,0.02774810791015625
null_hidden_switching,abstain,abstain,True,42,8,0.0,32,"Pair(?v0:Expr, ?v1:Expr)  ->  Pair(?v1:Expr, ?v0:Expr)",0.5,0.5,1.0,1.0,1.0,1.5555555555555556,7.0,False,False,0.026124000549316406
null_hidden_switching,abstain,abstain,True,42,8,0.05,0,"Pair(?v0:Expr, ?v1:Expr)  ->  Pair(?v1:Expr, ?v0:Expr)",0.5,0.5,1.0,1.0,1.0,1.6363636363636365,7.0,False,False,0.025242090225219727
null_hidden_switching,abstain,abstain,True,42,8,0.05,8,"Pair(?v0:Expr, ?v1:Expr)  ->  Pair(?v1:Expr, ?v0:Expr)",0.5,0.5,1.0,1.0,1.0,1.6363636363636365,7.0,False,False,0.0326690673828125
null_hidden_switching,abstain,abstain,True,42,8,0.05,32,"Pair(?v0:Expr, ?v1:Expr)  ->  Pair(?v1:Expr, ?v0:Expr)",0.5,0.5,1.0,1.0,1.0,1.6363636363636365,7.0,False,False,0.028280019760131836
null_hidden_switching,abstain,abstain,True,42,8,0.1,0,"Pair(?v0:Expr, ?v1:Expr)  ->  Pair(?v1:Expr, ?v0:Expr)",0.5,0.5,1.0,1.0,1.0,1.6363636363636365,7.0,False,False,0.026690244674682617
null_hidden_switching,abstain,abstain,True,42,8,0.1,8,"Pair(?v0:Expr, ?v1:Expr)  ->  Pair(?v1:Expr, ?v0:Expr)",0.5,0.5,1.0,1.0,1.0,1.6363636363636365,7.0,False,False,0.02576589584350586
null_hidden_switching,abstain,abstain,True,42,8,0.1,32,"Pair(?v0:Expr, ?v1:Expr)  ->  Pair(?v1:Expr, ?v0:Expr)",0.5,0.5,1.0,1.0,1.0,1.6363636363636365,7.0,False,False,0.03027510643005371
null_hidden_switching,abstain,abstain,True,42,8,0.2,0,"Pair(?v0:Expr, ?v1:Expr)  ->  Pair(?v1:Expr, ?v0:Expr)",0.5,0.5,1.0,1.0,1.0,1.6363636363636365,7.0,False,False,0.026829004287719727
null_hidden_switching,abstain,abstain,True,42,8,0.2,8,"Pair(?v0:Expr, ?v1:Expr)  ->  Pair(?v1:Expr, ?v0:Expr)",0.5,0.5,1.0,1.0,1.0,1.6363636363636365,7.0,False,False,0.034246206283569336
null_hidden_switching,abstain,abstain,True,42,8,0.2,32,"Pair(?v0:Expr, ?v1:Expr)  ->  Pair(?v1:Expr, ?v0:Expr)",0.5,0.5,1.0,1.0,1.0,1.6363636363636365,7.0,False,False,0.030228853225708008
null_hidden_switching,abstain,abstain,True,42,16,0.0,0,"Pair(?v0:Expr, ?v1:Expr)  ->  Pair(?v1:Expr, ?v0:Expr)",0.5,0.5,1.0,1.0,1.0,2.0,7.0,False,False,0.03912091255187988
null_hidden_switching,abstain,abstain,True,42,16,0.0,8,"Pair(?v0:Expr, ?v1:Expr)  ->  Pair(?v1:Expr, ?v0:Expr)",0.6666666666666666,0.5,1.0,1.0,0.7777777777777778,2.2162162162162162,7.0,False,False,0.038912057876586914
null_hidden_switching,abstain,abstain,True,42,16,0.0,32,"Pair(?v0:Expr, ?v1:Expr)  ->  Pair(?v1:Expr, ?v0:Expr)",0.8333333333333334,0.5,1.0,1.0,0.5,2.3440860215053765,7.0,False,False,0.03676581382751465
null_hidden_switching,abstain,abstain,True,42,16,0.05,0,"Pair(?v0:Expr, ?v1:Expr)  ->  Pair(?v1:Expr, ?v0:Expr)",0.5,0.5,1.0,1.0,1.0,2.0,7.0,False,False,0.025019168853759766
null_hidden_switching,abstain,abstain,True,42,16,0.05,8,"Pair(?v0:Expr, ?v1:Expr)  ->  Pair(?v1:Expr, ?v0:Expr)",0.6666666666666666,0.5,1.0,1.0,0.8888888888888888,2.2222222222222223,7.0,False,False,0.029170989990234375
null_hidden_switching,abstain,abstain,True,42,16,0.05,32,"Pair(?v0:Expr, ?v1:Expr)  ->  Pair(?v1:Expr, ?v0:Expr)",0.8333333333333334,0.5,1.0,1.0,0.3404255319148936,2.3440860215053765,7.0,False,False,0.03654003143310547
null_hidden_switching,abstain,abstain,True,42,16,0.1,0,"Pair(?v0:Expr, ?v1:Expr)  ->  Pair(?v1:Expr, ?v0:Expr)",0.5,0.5,1.0,1.0,1.0,2.0,7.0,False,False,0.022563934326171875
null_hidden_switching,abstain,abstain,True,42,16,0.1,8,"Pair(?v0:Expr, ?v1:Expr)  ->  Pair(?v1:Expr, ?v0:Expr)",0.6666666666666666,0.5,1.0,1.0,0.8888888888888888,2.2222222222222223,7.0,False,False,0.03840184211730957
null_hidden_switching,abstain,abstain,True,42,16,0.1,32,"Pair(?v0:Expr, ?v1:Expr)  ->  Pair(?v1:Expr, ?v0:Expr)",0.8333333333333334,0.5,1.0,1.0,0.3404255319148936,2.3440860215053765,7.0,False,False,0.04085135459899902
null_hidden_switching,abstain,abstain,True,42,16,0.2,0,"Pair(?v0:Expr, ?v1:Expr)  ->  Pair(?v1:Expr, ?v0:Expr)",0.5,0.5,1.0,1.0,1.0,2.0,7.0,False,False,0.02543497085571289
null_hidden_switching,abstain,abstain,True,42,16,0.2,8,"Pair(?v0:Expr, ?v1:Expr)  ->  Pair(?v1:Expr, ?v0:Expr)",0.6666666666666666,0.5,1.0,1.0,0.8888888888888888,2.2222222222222223,7.0,False,False,0.028558015823364258
null_hidden_switching,abstain,abstain,True,42,16,0.2,32,"Pair(?v0:Expr, ?v1:Expr)  ->  Pair(?v1:Expr, ?v0:Expr)",0.8333333333333334,0.5,1.0,1.0,0.3404255319148936,2.3440860215053765,7.0,False,False,0.0332791805267334
null_hidden_switching,abstain,abstain,True,42,32,0.0,0,"Pair(?v0:Expr, ?v1:Expr)  ->  Pair(?v1:Expr, ?v0:Expr)",0.5,0.5,1.0,1.0,1.0,2.2666666666666666,7.0,False,False,0.03306698799133301
null_hidden_switching,abstain,abstain,True,42,32,0.0,8,"Pair(?v0:Expr, ?v1:Expr)  ->  Pair(?v1:Expr, ?v0:Expr)",0.6,0.5,1.0,1.0,0.9285714285714286,2.3333333333333335,7.0,False,False,0.0386350154876709
null_hidden_switching,abstain,abstain,True,42,32,0.0,32,"Pair(?v0:Expr, ?v1:Expr)  ->  Pair(?v1:Expr, ?v0:Expr)",0.75,0.5,1.0,1.0,0.6,2.392156862745098,7.0,False,False,0.034603118896484375
null_hidden_switching,abstain,abstain,True,42,32,0.05,0,"Pair(?v0:Expr, ?v1:Expr)  ->  Pair(?v1:Expr, ?v0:Expr)",0.46875,0.5,1.0,1.0,1.0,2.2413793103448274,7.0,False,False,0.024559974670410156
null_hidden_switching,abstain,abstain,True,42,32,0.05,8,"Pair(?v0:Expr, ?v1:Expr)  ->  Pair(?v1:Expr, ?v0:Expr)",0.575,0.5,1.0,1.0,0.8571428571428571,2.3191489361702127,7.0,False,False,0.02911090850830078
null_hidden_switching,abstain,abstain,True,42,32,0.05,32,"Pair(?v0:Expr, ?v1:Expr)  ->  Pair(?v1:Expr, ?v0:Expr)",0.734375,0.5,1.0,1.0,0.47058823529411764,2.39,7.0,False,False,0.030779123306274414
null_hidden_switching,abstain,abstain,True,42,32,0.1,0,"Pair(?v0:Expr, ?v1:Expr)  ->  Pair(?v1:Expr, ?v0:Expr)",0.5,0.5,1.0,1.0,1.0,2.235294117647059,7.0,False,False,0.02742791175842285
null_hidden_switching,abstain,abstain,True,42,32,0.1,8,"Pair(?v0:Expr, ?v1:Expr)  ->  Pair(?v1:Expr, ?v0:Expr)",0.6,0.5,1.0,1.0,0.8,2.32,7.0,False,False,0.030231952667236328
null_hidden_switching,abstain,abstain,True,42,32,0.1,32,"Pair(?v0:Expr, ?v1:Expr)  ->  Pair(?v1:Expr, ?v0:Expr)",0.75,0.5,1.0,1.0,0.5714285714285714,2.4081632653061225,7.0,False,False,0.03628683090209961
null_hidden_switching,abstain,abstain,True,42,32,0.2,0,"Pair(?v0:Expr, ?v1:Expr)  ->  Pair(?v1:Expr, ?v0:Expr)",0.46875,0.5,1.0,1.0,1.0,2.2413793103448274,7.0,False,False,0.02482318878173828
null_hidden_switching,abstain,abstain,True,42,32,0.2,8,"Pair(?v0:Expr, ?v1:Expr)  ->  Pair(?v1:Expr, ?v0:Expr)",0.575,0.5,1.0,1.0,0.8461538461538461,2.3333333333333335,7.0,False,False,0.02851581573486328
null_hidden_switching,abstain,abstain,True,42,32,0.2,32,"Pair(?v0:Expr, ?v1:Expr)  ->  Pair(?v1:Expr, ?v0:Expr)",0.734375,0.5,1.0,1.0,0.55,2.4193548387096775,7.0,False,False,0.0383908748626709
null_hidden_switching,abstain,abstain,True,1337,4,0.0,0,,,,,,,,,False,False,0.020055055618286133
null_hidden_switching,abstain,abstain,True,1337,4,0.0,8,,,,,,,,,False,False,0.021470308303833008
null_hidden_switching,abstain,abstain,True,1337,4,0.0,32,,,,,,,,,False,False,0.019607067108154297
null_hidden_switching,abstain,abstain,True,1337,4,0.05,0,,,,,,,,,False,False,0.028368234634399414
null_hidden_switching,abstain,abstain,True,1337,4,0.05,8,,,,,,,,,False,False,0.02708292007446289
null_hidden_switching,abstain,abstain,True,1337,4,0.05,32,,,,,,,,,False,False,0.03389692306518555
null_hidden_switching,abstain,abstain,True,1337,4,0.1,0,,,,,,,,,False,False,0.02915501594543457
null_hidden_switching,abstain,abstain,True,1337,4,0.1,8,,,,,,,,,False,False,0.027756929397583008
null_hidden_switching,abstain,abstain,True,1337,4,0.1,32,,,,,,,,,False,False,0.02951502799987793
null_hidden_switching,abstain,abstain,True,1337,4,0.2,0,,,,,,,,,False,False,0.028371095657348633
null_hidden_switching,abstain,abstain,True,1337,4,0.2,8,,,,,,,,,False,False,0.029248714447021484
null_hidden_switching,abstain,abstain,True,1337,4,0.2,32,,,,,,,,,False,False,0.03183484077453613
null_hidden_switching,abstain,abstain,True,1337,8,0.0,0,"Pair(?v0:Expr, ?v1:Expr)  ->  Pair(?v1:Expr, ?v0:Expr)",0.5,0.5,1.0,1.0,1.0,1.6363636363636365,7.0,False,False,0.02711033821105957
null_hidden_switching,abstain,abstain,True,1337,8,0.0,8,"Pair(?v0:Expr, ?v1:Expr)  ->  Pair(?v1:Expr, ?v0:Expr)",0.75,0.5,1.0,1.0,0.75,2.142857142857143,7.0,False,False,0.0330049991607666
null_hidden_switching,abstain,abstain,True,1337,8,0.0,32,"Pair(?v0:Expr, ?v1:Expr)  ->  Pair(?v1:Expr, ?v0:Expr)",0.9,0.5,1.0,1.0,0.3088235294117647,2.3146067415730336,7.0,False,False,0.04005885124206543
null_hidden_switching,abstain,abstain,True,1337,8,0.05,0,,,,,,,,,False,False,0.02318429946899414
null_hidden_switching,abstain,abstain,True,1337,8,0.05,8,"Pair(?v0:Expr, ?v1:Expr)  ->  Pair(?v1:Expr, ?v0:Expr)",0.6875,0.5,1.0,1.0,0.3888888888888889,2.111111111111111,7.0,False,False,0.033779144287109375
null_hidden_switching,abstain,abstain,True,1337,8,0.05,32,"Pair(?v0:Expr, ?v1:Expr)  ->  Pair(?v1:Expr, ?v0:Expr)",0.875,0.5,1.0,1.0,0.19642857142857142,2.3068181818181817,7.0,False,False,0.04145479202270508
null_hidden_switching,abstain,abstain,True,1337,8,0.1,0,,,,,,,,,False,False,0.028887033462524414
null_hidden_switching,abstain,abstain,True,1337,8,0.1,8,"Pair(?v0:Expr, ?v1:Expr)  ->  Pair(?v1:Expr, ?v0:Expr)",0.6875,0.5,1.0,1.0,0.3888888888888889,2.111111111111111,7.0,False,False,0.029747962951660156
null_hidden_switching,abstain,abstain,True,1337,8,0.1,32,"Pair(?v0:Expr, ?v1:Expr)  ->  Pair(?v1:Expr, ?v0:Expr)",0.875,0.5,1.0,1.0,0.19642857142857142,2.3068181818181817,7.0,False,False,0.04521918296813965
null_hidden_switching,abstain,abstain,True,1337,8,0.2,0,,,,,,,,,False,False,0.021023988723754883
null_hidden_switching,abstain,abstain,True,1337,8,0.2,8,"Pair(?v0:Expr, ?v1:Expr)  ->  Pair(?v1:Expr, ?v0:Expr)",0.6875,0.5,1.0,1.0,0.3888888888888889,2.111111111111111,7.0,False,False,0.02792501449584961
null_hidden_switching,abstain,abstain,True,1337,8,0.2,32,"Pair(?v0:Expr, ?v1:Expr)  ->  Pair(?v1:Expr, ?v0:Expr)",0.875,0.5,1.0,1.0,0.19642857142857142,2.3068181818181817,7.0,False,False,0.034131765365600586
null_hidden_switching,abstain,abstain,True,1337,16,0.0,0,"Pair(?v0:Expr, ?v1:Expr)  ->  Pair(?v1:Expr, ?v0:Expr)",0.5,0.5,1.0,1.0,1.0,2.0,7.0,False,False,0.035845279693603516
null_hidden_switching,abstain,abstain,True,1337,16,0.0,8,"Pair(?v0:Expr, ?v1:Expr)  ->  Pair(?v1:Expr, ?v0:Expr)",0.6666666666666666,0.5,1.0,1.0,0.8333333333333334,2.235294117647059,7.0,False,False,0.03799295425415039
null_hidden_switching,abstain,abstain,True,1337,16,0.0,32,"Pair(?v0:Expr, ?v1:Expr)  ->  Pair(?v1:Expr, ?v0:Expr)",0.8333333333333334,0.5,1.0,1.0,0.5869565217391305,2.336842105263158,7.0,False,False,0.03795623779296875
null_hidden_switching,abstain,abstain,True,1337,16,0.05,0,"Pair(?v0:Expr, ?v1:Expr)  ->  Pair(?v1:Expr, ?v0:Expr)",0.4375,0.5,1.0,1.0,1.0,1.9444444444444444,7.0,False,False,0.026827096939086914
null_hidden_switching,abstain,abstain,True,1337,16,0.05,8,"Pair(?v0:Expr, ?v1:Expr)  ->  Pair(?v1:Expr, ?v0:Expr)",0.625,0.5,1.0,1.0,0.2222222222222222,2.2,7.0,False,False,0.031944990158081055
null_hidden_switching,abstain,abstain,True,1337,16,0.05,32,"Pair(?v0:Expr, ?v1:Expr)  ->  Pair(?v1:Expr, ?v0:Expr)",0.8125,0.5,1.0,1.0,0.4,2.3263157894736843,7.0,False,False,0.037368059158325195
null_hidden_switching,abstain,abstain,True,1337,16,0.1,0,"Pair(Add(?v0:Expr, ?v1:Expr), ?v2:Expr)  ->  Pair(?v2:Expr, Add(?v0:Expr, ?v1:Expr))",0.25,0.125,1.0,1.0,1.0,1.6,11.5,False,False,0.02521657943725586
null_hidden_switching,abstain,abstain,True,1337,16,0.1,8,"Pair(Add(?v0:Expr, ?v1:Expr), ?v2:Expr)  ->  Pair(?v2:Expr, Add(?v0:Expr, ?v1:Expr))",0.25,0.125,1.0,1.0,1.0,1.6,11.5,False,False,0.025714874267578125
null_hidden_switching,abstain,abstain,True,1337,16,0.1,32,"Pair(Add(?v0:Expr, ?v1:Expr), ?v2:Expr)  ->  Pair(?v2:Expr, Add(?v0:Expr, ?v1:Expr))",0.25,0.125,1.0,1.0,1.0,1.6,11.5,False,False,0.02573418617248535
null_hidden_switching,abstain,abstain,True,1337,16,0.2,0,"Pair(?v0:Expr, ?v1:Expr)  ->  Pair(?v1:Expr, ?v0:Expr)",0.4375,0.5,1.0,1.0,1.0,1.9444444444444444,7.0,False,False,0.027263402938842773
null_hidden_switching,abstain,abstain,True,1337,16,0.2,8,"Pair(?v0:Expr, ?v1:Expr)  ->  Pair(?v1:Expr, ?v0:Expr)",0.625,0.5,1.0,1.0,0.4444444444444444,2.1944444444444446,7.0,False,False,0.032739877700805664
null_hidden_switching,abstain,abstain,True,1337,16,0.2,32,"Pair(?v0:Expr, ?v1:Expr)  ->  Pair(?v1:Expr, ?v0:Expr)",0.8125,0.5,1.0,1.0,0.4358974358974359,2.3229166666666665,7.0,False,False,0.03782916069030762
null_hidden_switching,abstain,abstain,True,1337,32,0.0,0,"Pair(?v0:Expr, ?v1:Expr)  ->  Pair(?v1:Expr, ?v0:Expr)",0.5,0.5,1.0,1.0,1.0,2.2758620689655173,7.0,False,False,0.02791595458984375
null_hidden_switching,abstain,abstain,True,1337,32,0.0,8,"Pair(?v0:Expr, ?v1:Expr)  ->  Pair(?v1:Expr, ?v0:Expr)",0.6,0.5,1.0,1.0,1.0,2.3902439024390243,7.0,False,False,0.034690141677856445
null_hidden_switching,abstain,abstain,True,1337,32,0.0,32,"Pair(?v0:Expr, ?v1:Expr)  ->  Pair(?v1:Expr, ?v0:Expr)",0.75,0.5,1.0,1.0,1.0,2.5405405405405403,7.0,False,False,0.036528825759887695
null_hidden_switching,abstain,abstain,True,1337,32,0.05,0,"Pair(?v0:Expr, ?v1:Expr)  ->  Pair(?v1:Expr, ?v0:Expr)",0.46875,0.5,1.0,1.0,0.5,2.212121212121212,7.0,False,False,0.035295963287353516
null_hidden_switching,abstain,abstain,True,1337,32,0.05,8,"Pair(?v0:Expr, ?v1:Expr)  ->  Pair(?v1:Expr, ?v0:Expr)",0.575,0.5,1.0,1.0,0.8333333333333334,2.3488372093023258,7.0,False,False,0.034326791763305664
null_hidden_switching,abstain,abstain,True,1337,32,0.05,32,"Pair(?v0:Expr, ?v1:Expr)  ->  Pair(?v1:Expr, ?v0:Expr)",0.734375,0.5,1.0,1.0,0.96,2.527027027027027,7.0,False,False,0.04076814651489258
null_hidden_switching,abstain,abstain,True,1337,32,0.1,0,"Pair(?v0:Expr, ?v1:Expr)  ->  Pair(?v1:Expr, ?v0:Expr)",0.4375,0.5,1.0,1.0,1.0,2.206896551724138,7.0,False,False,0.024307966232299805
null_hidden_switching,abstain,abstain,True,1337,32,0.1,8,"Pair(?v0:Expr, ?v1:Expr)  ->  Pair(?v1:Expr, ?v0:Expr)",0.55,0.5,1.0,1.0,0.8,2.297872340425532,7.0,False,False,0.036633968353271484
null_hidden_switching,abstain,abstain,True,1337,32,0.1,32,"Pair(?v0:Expr, ?v1:Expr)  ->  Pair(?v1:Expr, ?v0:Expr)",0.71875,0.5,1.0,1.0,0.45454545454545453,2.361904761904762,7.0,False,False,0.03502368927001953
null_hidden_switching,abstain,abstain,True,1337,32,0.2,0,"Pair(?v0:Expr, ?v1:Expr)  ->  Pair(?v1:Expr, ?v0:Expr)",0.40625,0.5,1.0,1.0,1.0,2.1785714285714284,7.0,False,False,0.020960092544555664
null_hidden_switching,abstain,abstain,True,1337,32,0.2,8,"Pair(?v0:Expr, ?v1:Expr)  ->  Pair(?v1:Expr, ?v0:Expr)",0.525,0.5,1.0,1.0,1.0,2.282608695652174,7.0,False,False,0.029428958892822266
null_hidden_switching,abstain,abstain,True,1337,32,0.2,32,"Pair(?v0:Expr, ?v1:Expr)  ->  Pair(?v1:Expr, ?v0:Expr)",0.703125,0.5,1.0,1.0,0.5,2.355769230769231,7.0,False,False,0.02975606918334961
null_hidden_switching,abstain,abstain,True,2025,4,0.0,0,,,,,,,,,False,False,0.02060413360595703
null_hidden_switching,abstain,abstain,True,2025,4,0.0,8,,,,,,,,,False,False,0.021261215209960938
null_hidden_switching,abstain,abstain,True,2025,4,0.0,32,,,,,,,,,False,False,0.024205684661865234
null_hidden_switching,abstain,abstain,True,2025,4,0.05,0,,,,,,,,,False,False,0.01989293098449707
null_hidden_switching,abstain,abstain,True,2025,4,0.05,8,,,,,,,,,False,False,0.01986384391784668
null_hidden_switching,abstain,abstain,True,2025,4,0.05,32,,,,,,,,,False,False,0.021090030670166016
null_hidden_switching,abstain,abstain,True,2025,4,0.1,0,,,,,,,,,False,False,0.01990818977355957
null_hidden_switching,abstain,abstain,True,2025,4,0.1,8,,,,,,,,,False,False,0.022913694381713867
null_hidden_switching,abstain,abstain,True,2025,4,0.1,32,,,,,,,,,False,False,0.02073502540588379
null_hidden_switching,abstain,abstain,True,2025,4,0.2,0,,,,,,,,,False,False,0.014387130737304688
null_hidden_switching,abstain,abstain,True,2025,4,0.2,8,,,,,,,,,False,False,0.014455080032348633
null_hidden_switching,abstain,abstain,True,2025,4,0.2,32,,,,,,,,,False,False,0.014380216598510742
null_hidden_switching,abstain,abstain,True,2025,8,0.0,0,,,,,,,,,False,False,0.04215598106384277
null_hidden_switching,abstain,abstain,True,2025,8,0.0,8,,,,,,,,,False,False,0.034069061279296875
null_hidden_switching,abstain,abstain,True,2025,8,0.0,32,,,,,,,,,False,False,0.030138015747070312
null_hidden_switching,abstain,abstain,True,2025,8,0.05,0,,,,,,,,,False,False,0.025914907455444336
null_hidden_switching,abstain,abstain,True,2025,8,0.05,8,,,,,,,,,False,False,0.03145289421081543
null_hidden_switching,abstain,abstain,True,2025,8,0.05,32,,,,,,,,,False,False,0.02861618995666504
null_hidden_switching,abstain,abstain,True,2025,8,0.1,0,,,,,,,,,False,False,0.03332018852233887
null_hidden_switching,abstain,abstain,True,2025,8,0.1,8,,,,,,,,,False,False,0.02924799919128418
null_hidden_switching,abstain,abstain,True,2025,8,0.1,32,,,,,,,,,False,False,0.028213024139404297
null_hidden_switching,abstain,abstain,True,2025,8,0.2,0,,,,,,,,,False,False,0.022508859634399414
null_hidden_switching,abstain,abstain,True,2025,8,0.2,8,,,,,,,,,False,False,0.02726602554321289
null_hidden_switching,abstain,abstain,True,2025,8,0.2,32,,,,,,,,,False,False,0.021004199981689453
null_hidden_switching,abstain,abstain,True,2025,16,0.0,0,"Pair(?v0:Expr, ?v1:Expr)  ->  Pair(?v1:Expr, ?v0:Expr)",0.5,0.5,1.0,1.0,1.0,2.0,7.0,False,False,0.03194093704223633
null_hidden_switching,abstain,abstain,True,2025,16,0.0,8,"Pair(?v0:Expr, ?v1:Expr)  ->  Pair(?v1:Expr, ?v0:Expr)",0.6666666666666666,0.5,1.0,1.0,0.85,2.235294117647059,7.0,False,False,0.04206490516662598
null_hidden_switching,abstain,abstain,True,2025,16,0.0,32,"Pair(?v0:Expr, ?v1:Expr)  ->  Pair(?v1:Expr, ?v0:Expr)",0.8333333333333334,0.5,1.0,1.0,0.6170212765957447,2.347826086956522,7.0,False,False,0.03954577445983887
null_hidden_switching,abstain,abstain,True,2025,16,0.05,0,"Pair(?v0:Expr, ?v1:Expr)  ->  Pair(?v1:Expr, ?v0:Expr)",0.5,0.5,1.0,1.0,1.0,2.0,7.0,False,False,0.026884794235229492
null_hidden_switching,abstain,abstain,True,2025,16,0.05,8,"Pair(?v0:Expr, ?v1:Expr)  ->  Pair(?v1:Expr, ?v0:Expr)",0.6666666666666666,0.5,1.0,1.0,0.8947368421052632,2.2222222222222223,7.0,False,False,0.031034231185913086
null_hidden_switching,abstain,abstain,True,2025,16,0.05,32,"Pair(?v0:Expr, ?v1:Expr)  ->  Pair(?v1:Expr, ?v0:Expr)",0.8333333333333334,0.5,1.0,1.0,0.5106382978723404,2.3404255319148937,7.0,False,False,0.036544084548950195
null_hidden_switching,abstain,abstain,True,2025,16,0.1,0,"Pair(?v0:Expr, ?v1:Expr)  ->  Pair(?v1:Expr, ?v0:Expr)",0.5,0.5,1.0,1.0,1.0,2.0,7.0,False,False,0.02726602554321289
null_hidden_switching,abstain,abstain,True,2025,16,0.1,8,"Pair(?v0:Expr, ?v1:Expr)  ->  Pair(?v1:Expr, ?v0:Expr)",0.6666666666666666,0.5,1.0,1.0,0.8947368421052632,2.2222222222222223,7.0,False,False,0.03626108169555664
null_hidden_switching,abstain,abstain,True,2025,16,0.1,32,"Pair(?v0:Expr, ?v1:Expr)  ->  Pair(?v1:Expr, ?v0:Expr)",0.8333333333333334,0.5,1.0,1.0,0.5106382978723404,2.3404255319148937,7.0,False,False,0.03872203826904297
null_hidden_switching,abstain,abstain,True,2025,16,0.2,0,,,,,,,,,False,False,0.025430917739868164
null_hidden_switching,abstain,abstain,True,2025,16,0.2,8,"Pair(?v0:Expr, ?v1:Expr)  ->  Pair(?v1:Expr, ?v0:Expr)",0.625,0.5,1.0,1.0,0.8823529411764706,2.2058823529411766,7.0,False,False,0.02997612953186035
null_hidden_switching,abstain,abstain,True,2025,16,0.2,32,"Pair(?v0:Expr, ?v1:Expr)  ->  Pair(?v1:Expr, ?v0:Expr)",0.8125,0.5,1.0,1.0,0.5,2.3369565217391304,7.0,False,False,0.04802203178405762
null_hidden_switching,abstain,abstain,True,2025,32,0.0,0,"Pair(?v0:Expr, ?v1:Expr)  ->  Pair(?v1:Expr, ?v0:Expr)",0.5,0.5,1.0,1.0,1.0,2.2666666666666666,7.0,False,False,0.029130935668945312
null_hidden_switching,abstain,abstain,True,2025,32,0.0,8,"Pair(?v0:Expr, ?v1:Expr)  ->  Pair(?v1:Expr, ?v0:Expr)",0.6,0.5,1.0,1.0,0.8181818181818182,2.347826086956522,7.0,False,False,0.036834001541137695
null_hidden_switching,abstain,abstain,True,2025,32,0.0,32,"Pair(?v0:Expr, ?v1:Expr)  ->  Pair(?v1:Expr, ?v0:Expr)",0.75,0.5,1.0,1.0,0.68,2.425531914893617,7.0,False,False,0.04038405418395996
null_hidden_switching,abstain,abstain,True,2025,32,0.05,0,"Pair(?v0:Expr, ?v1:Expr)  ->  Pair(?v1:Expr, ?v0:Expr)",0.5,0.5,1.0,1.0,1.0,2.2857142857142856,7.0,False,False,0.02745795249938965
null_hidden_switching,abstain,abstain,True,2025,32,0.05,8,"Pair(?v0:Expr, ?v1:Expr)  ->  Pair(?v1:Expr, ?v0:Expr)",0.6,0.5,1.0,1.0,0.9333333333333333,2.3636363636363638,7.0,False,False,0.03813815116882324
null_hidden_switching,abstain,abstain,True,2025,32,0.05,32,"Pair(?v0:Expr, ?v1:Expr)  ->  Pair(?v1:Expr, ?v0:Expr)",0.75,0.5,1.0,1.0,0.8064516129032258,2.4347826086956523,7.0,False,False,0.03605985641479492
null_hidden_switching,abstain,abstain,True,2025,32,0.1,0,"Pair(?v0:Expr, ?v1:Expr)  ->  Pair(?v1:Expr, ?v0:Expr)",0.5,0.5,1.0,1.0,1.0,2.2857142857142856,7.0,False,False,0.027058839797973633
null_hidden_switching,abstain,abstain,True,2025,32,0.1,8,"Pair(?v0:Expr, ?v1:Expr)  ->  Pair(?v1:Expr, ?v0:Expr)",0.6,0.5,1.0,1.0,0.9333333333333333,2.3636363636363638,7.0,False,False,0.03180289268493652
null_hidden_switching,abstain,abstain,True,2025,32,0.1,32,"Pair(?v0:Expr, ?v1:Expr)  ->  Pair(?v1:Expr, ?v0:Expr)",0.75,0.5,1.0,1.0,0.8064516129032258,2.4347826086956523,7.0,False,False,0.03940010070800781
null_hidden_switching,abstain,abstain,True,2025,32,0.2,0,,,,,,,,,False,False,0.021860837936401367
null_hidden_switching,abstain,abstain,True,2025,32,0.2,8,"Pair(?v0:Expr, ?v1:Expr)  ->  Pair(?v1:Expr, ?v0:Expr)",0.55,0.5,1.0,1.0,1.0,2.3043478260869565,7.0,False,False,0.032293081283569336
null_hidden_switching,abstain,abstain,True,2025,32,0.2,32,"Pair(?v0:Expr, ?v1:Expr)  ->  Pair(?v1:Expr, ?v0:Expr)",0.71875,0.5,1.0,1.0,0.7142857142857143,2.3689320388349513,7.0,False,False,0.04139995574951172
null_hidden_switching,abstain,abstain,True,9001,4,0.0,0,,,,,,,,,False,False,0.02358388900756836
null_hidden_switching,abstain,abstain,True,9001,4,0.0,8,,,,,,,,,False,False,0.020565032958984375
null_hidden_switching,abstain,abstain,True,9001,4,0.0,32,,,,,,,,,False,False,0.019789695739746094
null_hidden_switching,abstain,abstain,True,9001,4,0.05,0,,,,,,,,,False,False,0.014132022857666016
null_hidden_switching,abstain,abstain,True,9001,4,0.05,8,,,,,,,,,False,False,0.014984369277954102
null_hidden_switching,abstain,abstain,True,9001,4,0.05,32,,,,,,,,,False,False,0.014642000198364258
null_hidden_switching,abstain,abstain,True,9001,4,0.1,0,,,,,,,,,False,False,0.014158010482788086
null_hidden_switching,abstain,abstain,True,9001,4,0.1,8,,,,,,,,,False,False,0.014968156814575195
null_hidden_switching,abstain,abstain,True,9001,4,0.1,32,,,,,,,,,False,False,0.014259815216064453
null_hidden_switching,abstain,abstain,True,9001,4,0.2,0,,,,,,,,,False,False,0.019514083862304688
null_hidden_switching,abstain,abstain,True,9001,4,0.2,8,,,,,,,,,False,False,0.014232873916625977
null_hidden_switching,abstain,abstain,True,9001,4,0.2,32,,,,,,,,,False,False,0.01417994499206543
null_hidden_switching,abstain,abstain,True,9001,8,0.0,0,"Pair(?v0:Expr, ?v1:Expr)  ->  Pair(?v1:Expr, ?v0:Expr)",0.5,0.5,1.0,1.0,1.0,1.6,7.0,False,False,0.026606082916259766
null_hidden_switching,abstain,abstain,True,9001,8,0.0,8,"Pair(?v0:Expr, ?v1:Expr)  ->  Pair(?v1:Expr, ?v0:Expr)",0.75,0.5,1.0,1.0,0.7368421052631579,2.1333333333333333,7.0,False,False,0.04375600814819336
null_hidden_switching,abstain,abstain,True,9001,8,0.0,32,"Pair(?v0:Expr, ?v1:Expr)  ->  Pair(?v1:Expr, ?v0:Expr)",0.9,0.5,1.0,1.0,0.4520547945205479,2.32183908045977,7.0,False,False,0.045046091079711914
null_hidden_switching,abstain,abstain,True,9001,8,0.05,0,,,,,,,,,False,False,0.019938945770263672
null_hidden_switching,abstain,abstain,True,9001,8,0.05,8,"Pair(?v0:Expr, ?v1:Expr)  ->  Pair(?v1:Expr, ?v0:Expr)",0.6875,0.5,1.0,1.0,0.38461538461538464,2.103448275862069,7.0,False,False,0.030890464782714844
null_hidden_switching,abstain,abstain,True,9001,8,0.05,32,"Pair(?v0:Expr, ?v1:Expr)  ->  Pair(?v1:Expr, ?v0:Expr)",0.875,0.5,1.0,1.0,0.3387096774193548,2.3214285714285716,7.0,False,False,0.03259110450744629
null_hidden_switching,abstain,abstain,True,9001,8,0.1,0,,,,,,,,,False,False,0.019571781158447266
null_hidden_switching,abstain,abstain,True,9001,8,0.1,8,"Pair(?v0:Expr, ?v1:Expr)  ->  Pair(?v1:Expr, ?v0:Expr)",0.6875,0.5,1.0,1.0,0.8571428571428571,2.103448275862069,7.0,False,False,0.029045820236206055
null_hidden_switching,abstain,abstain,True,9001,8,0.1,32,"Pair(?v0:Expr, ?v1:Expr)  ->  Pair(?v1:Expr, ?v0:Expr)",0.875,0.5,1.0,1.0,0.29310344827586204,2.313953488372093,7.0,False,False,0.04260611534118652
null_hidden_switching,abstain,abstain,True,9001,8,0.2,0,,,,,,,,,False,False,0.01883983612060547
null_hidden_switching,abstain,abstain,True,9001,8,0.2,8,"Pair(?v0:Expr, ?v1:Expr)  ->  Pair(?v1:Expr, ?v0:Expr)",0.6875,0.5,1.0,1.0,0.8571428571428571,2.103448275862069,7.0,False,False,0.026088953018188477
null_hidden_switching,abstain,abstain,True,9001,8,0.2,32,"Pair(?v0:Expr, ?v1:Expr)  ->  Pair(?v1:Expr, ?v0:Expr)",0.875,0.5,1.0,1.0,0.29310344827586204,2.313953488372093,7.0,False,False,0.03132891654968262
null_hidden_switching,abstain,abstain,True,9001,16,0.0,0,"Pair(?v0:Expr, ?v1:Expr)  ->  Pair(?v1:Expr, ?v0:Expr)",0.5,0.5,1.0,1.0,0.6666666666666666,2.0,7.0,False,False,0.03184819221496582
null_hidden_switching,abstain,abstain,True,9001,16,0.0,8,"Pair(?v0:Expr, ?v1:Expr)  ->  Pair(?v1:Expr, ?v0:Expr)",0.6666666666666666,0.5,1.0,1.0,0.7857142857142857,2.210526315789474,7.0,False,False,0.03467917442321777
null_hidden_switching,abstain,abstain,True,9001,16,0.0,32,"Pair(?v0:Expr, ?v1:Expr)  ->  Pair(?v1:Expr, ?v0:Expr)",0.8333333333333334,0.5,1.0,1.0,0.49056603773584906,2.3404255319148937,7.0,False,False,0.04354214668273926
null_hidden_switching,abstain,abstain,True,9001,16,0.05,0,"Pair(?v0:Expr, ?v1:Expr)  ->  Pair(?v1:Expr, ?v0:Expr)",0.4375,0.5,1.0,1.0,1.0,1.9333333333333333,7.0,False,False,0.02446579933166504
null_hidden_switching,abstain,abstain,True,9001,16,0.05,8,"Pair(?v0:Expr, ?v1:Expr)  ->  Pair(?v1:Expr, ?v0:Expr)",0.625,0.5,1.0,1.0,0.875,2.2058823529411766,7.0,False,False,0.030025959014892578
null_hidden_switching,abstain,abstain,True,9001,16,0.05,32,"Pair(?v0:Expr, ?v1:Expr)  ->  Pair(?v1:Expr, ?v0:Expr)",0.8125,0.5,1.0,1.0,0.4666666666666667,2.340659340659341,7.0,False,False,0.0445249080657959
null_hidden_switching,abstain,abstain,True,9001,16,0.1,0,"Pair(?v0:Expr, ?v1:Expr)  ->  Pair(?v1:Expr, ?v0:Expr)",0.4375,0.5,1.0,1.0,1.0,1.9285714285714286,7.0,False,False,0.024877071380615234
null_hidden_switching,abstain,abstain,True,9001,16,0.1,8,"Pair(?v0:Expr, ?v1:Expr)  ->  Pair(?v1:Expr, ?v0:Expr)",0.625,0.5,1.0,1.0,0.875,2.212121212121212,7.0,False,False,0.028409719467163086
null_hidden_switching,abstain,abstain,True,9001,16,0.1,32,"Pair(?v0:Expr, ?v1:Expr)  ->  Pair(?v1:Expr, ?v0:Expr)",0.8125,0.5,1.0,1.0,0.4666666666666667,2.3444444444444446,7.0,False,False,0.0328218936920166
null_hidden_switching,abstain,abstain,True,9001,16,0.2,0,"Pair(?v0:Expr, ?v1:Expr)  ->  Pair(?v1:Expr, ?v0:Expr)",0.4375,0.5,1.0,1.0,1.0,1.9285714285714286,7.0,False,False,0.022190093994140625
null_hidden_switching,abstain,abstain,True,9001,16,0.2,8,"Pair(?v0:Expr, ?v1:Expr)  ->  Pair(?v1:Expr, ?v0:Expr)",0.625,0.5,1.0,1.0,0.875,2.212121212121212,7.0,False,False,0.02953481674194336
null_hidden_switching,abstain,abstain,True,9001,16,0.2,32,"Pair(?v0:Expr, ?v1:Expr)  ->  Pair(?v1:Expr, ?v0:Expr)",0.8125,0.5,1.0,1.0,0.4666666666666667,2.3444444444444446,7.0,False,False,0.03692793846130371
null_hidden_switching,abstain,abstain,True,9001,32,0.0,0,"Pair(?v0:Expr, ?v1:Expr)  ->  Pair(?v1:Expr, ?v0:Expr)",0.5,0.5,1.0,1.0,1.0,2.2666666666666666,7.0,False,False,0.03457188606262207
null_hidden_switching,abstain,abstain,True,9001,32,0.0,8,"Pair(?v0:Expr, ?v1:Expr)  ->  Pair(?v1:Expr, ?v0:Expr)",0.6,0.5,1.0,1.0,1.0,2.3333333333333335,7.0,False,False,0.03220796585083008
null_hidden_switching,abstain,abstain,True,9001,32,0.0,32,"Pair(?v0:Expr, ?v1:Expr)  ->  Pair(?v1:Expr, ?v0:Expr)",0.75,0.5,1.0,1.0,0.6818181818181818,2.380952380952381,7.0,False,False,0.0428471565246582
null_hidden_switching,abstain,abstain,True,9001,32,0.05,0,"Pair(?v0:Expr, ?v1:Expr)  ->  Pair(?v1:Expr, ?v0:Expr)",0.46875,0.5,1.0,1.0,1.0,2.25,7.0,False,False,0.028768062591552734
null_hidden_switching,abstain,abstain,True,9001,32,0.05,8,"Pair(?v0:Expr, ?v1:Expr)  ->  Pair(?v1:Expr, ?v0:Expr)",0.575,0.5,1.0,1.0,1.0,2.3260869565217392,7.0,False,False,0.03138470649719238
null_hidden_switching,abstain,abstain,True,9001,32,0.05,32,"Pair(?v0:Expr, ?v1:Expr)  ->  Pair(?v1:Expr, ?v0:Expr)",0.734375,0.5,1.0,1.0,0.8421052631578947,2.378640776699029,7.0,False,False,0.03287196159362793
null_hidden_switching,abstain,abstain,True,9001,32,0.1,0,"Pair(?v0:Expr, ?v1:Expr)  ->  Pair(?v1:Expr, ?v0:Expr)",0.4375,0.5,1.0,1.0,1.0,2.24,7.0,False,False,0.03322124481201172
null_hidden_switching,abstain,abstain,True,9001,32,0.1,8,"Pair(?v0:Expr, ?v1:Expr)  ->  Pair(?v1:Expr, ?v0:Expr)",0.55,0.5,1.0,1.0,1.0,2.3255813953488373,7.0,False,False,0.0296781063079834
null_hidden_switching,abstain,abstain,True,9001,32,0.1,32,"Pair(?v0:Expr, ?v1:Expr)  ->  Pair(?v1:Expr, ?v0:Expr)",0.71875,0.5,1.0,1.0,0.8333333333333334,2.38,7.0,False,False,0.033608198165893555
null_hidden_switching,abstain,abstain,True,9001,32,0.2,0,"Pair(?v0:Expr, ?v1:Expr)  ->  Pair(?v1:Expr, ?v0:Expr)",0.4375,0.5,1.0,1.0,1.0,2.24,7.0,False,False,0.02509903907775879
null_hidden_switching,abstain,abstain,True,9001,32,0.2,8,"Pair(?v0:Expr, ?v1:Expr)  ->  Pair(?v1:Expr, ?v0:Expr)",0.55,0.5,1.0,1.0,1.0,2.3255813953488373,7.0,False,False,0.029944896697998047
null_hidden_switching,abstain,abstain,True,9001,32,0.2,32,"Pair(?v0:Expr, ?v1:Expr)  ->  Pair(?v1:Expr, ?v0:Expr)",0.71875,0.5,1.0,1.0,0.8333333333333334,2.38,7.0,False,False,0.03178119659423828
null_identity_no_anomaly,abstain,abstain,True,42,4,0.0,0,,,,,,,,,False,False,0.0052738189697265625
null_identity_no_anomaly,abstain,abstain,True,42,4,0.0,8,,,,,,,,,False,False,0.00571894645690918
null_identity_no_anomaly,abstain,abstain,True,42,4,0.0,32,,,,,,,,,False,False,0.005568742752075195
null_identity_no_anomaly,abstain,abstain,True,42,4,0.05,0,,,,,,,,,False,False,0.012674808502197266
null_identity_no_anomaly,abstain,abstain,True,42,4,0.05,8,,,,,,,,,False,False,0.005285978317260742
null_identity_no_anomaly,abstain,abstain,True,42,4,0.05,32,,,,,,,,,False,False,0.009160041809082031
null_identity_no_anomaly,abstain,abstain,True,42,4,0.1,0,,,,,,,,,False,False,0.01203298568725586
null_identity_no_anomaly,abstain,abstain,True,42,4,0.1,8,,,,,,,,,False,False,0.006733894348144531
null_identity_no_anomaly,abstain,abstain,True,42,4,0.1,32,,,,,,,,,False,False,0.007061004638671875
null_identity_no_anomaly,abstain,abstain,True,42,4,0.2,0,,,,,,,,,False,False,0.007060050964355469
null_identity_no_anomaly,abstain,abstain,True,42,4,0.2,8,,,,,,,,,False,False,0.006618976593017578
null_identity_no_anomaly,abstain,abstain,True,42,4,0.2,32,,,,,,,,,False,False,0.007403850555419922
null_identity_no_anomaly,abstain,abstain,True,42,8,0.0,0,,,,,,,,,False,False,0.006666898727416992
null_identity_no_anomaly,abstain,abstain,True,42,8,0.0,8,,,,,,,,,False,False,0.006329774856567383
null_identity_no_anomaly,abstain,abstain,True,42,8,0.0,32,,,,,,,,,False,False,0.00626826286315918
null_identity_no_anomaly,abstain,abstain,True,42,8,0.05,0,,,,,,,,,False,False,0.006127119064331055
null_identity_no_anomaly,abstain,abstain,True,42,8,0.05,8,,,,,,,,,False,False,0.0060770511627197266
null_identity_no_anomaly,abstain,abstain,True,42,8,0.05,32,,,,,,,,,False,False,0.0061719417572021484
null_identity_no_anomaly,abstain,abstain,True,42,8,0.1,0,,,,,,,,,False,False,0.009049177169799805
null_identity_no_anomaly,abstain,abstain,True,42,8,0.1,8,,,,,,,,,False,False,0.009472846984863281
null_identity_no_anomaly,abstain,abstain,True,42,8,0.1,32,,,,,,,,,False,False,0.006779909133911133
null_identity_no_anomaly,abstain,abstain,True,42,8,0.2,0,,,,,,,,,False,False,0.008183002471923828
null_identity_no_anomaly,abstain,abstain,True,42,8,0.2,8,,,,,,,,,False,False,0.007834196090698242
null_identity_no_anomaly,abstain,abstain,True,42,8,0.2,32,,,,,,,,,False,False,0.007772207260131836
null_identity_no_anomaly,abstain,abstain,True,42,16,0.0,0,,,,,,,,,False,False,0.006536006927490234
null_identity_no_anomaly,abstain,abstain,True,42,16,0.0,8,,,,,,,,,False,False,0.006620883941650391
null_identity_no_anomaly,abstain,abstain,True,42,16,0.0,32,,,,,,,,,False,False,0.011654853820800781
null_identity_no_anomaly,abstain,abstain,True,42,16,0.05,0,,,,,,,,,False,False,0.006902933120727539
null_identity_no_anomaly,abstain,abstain,True,42,16,0.05,8,,,,,,,,,False,False,0.0067920684814453125
null_identity_no_anomaly,abstain,abstain,True,42,16,0.05,32,,,,,,,,,False,False,0.00685882568359375
null_identity_no_anomaly,abstain,abstain,True,42,16,0.1,0,,,,,,,,,False,False,0.006866931915283203
null_identity_no_anomaly,abstain,abstain,True,42,16,0.1,8,,,,,,,,,False,False,0.0070421695709228516
null_identity_no_anomaly,abstain,abstain,True,42,16,0.1,32,,,,,,,,,False,False,0.006852865219116211
null_identity_no_anomaly,abstain,abstain,True,42,16,0.2,0,,,,,,,,,False,False,0.00701904296875
null_identity_no_anomaly,abstain,abstain,True,42,16,0.2,8,,,,,,,,,False,False,0.006997823715209961
null_identity_no_anomaly,abstain,abstain,True,42,16,0.2,32,,,,,,,,,False,False,0.006922006607055664
null_identity_no_anomaly,abstain,abstain,True,42,32,0.0,0,,,,,,,,,False,False,0.007027149200439453
null_identity_no_anomaly,abstain,abstain,True,42,32,0.0,8,,,,,,,,,False,False,0.007348060607910156
null_identity_no_anomaly,abstain,abstain,True,42,32,0.0,32,,,,,,,,,False,False,0.008296966552734375
null_identity_no_anomaly,abstain,abstain,True,42,32,0.05,0,,,,,,,,,False,False,0.007110118865966797
null_identity_no_anomaly,abstain,abstain,True,42,32,0.05,8,,,,,,,,,False,False,0.007134914398193359
null_identity_no_anomaly,abstain,abstain,True,42,32,0.05,32,,,,,,,,,False,False,0.007245063781738281
null_identity_no_anomaly,abstain,abstain,True,42,32,0.1,0,,,,,,,,,False,False,0.0075876712799072266
null_identity_no_anomaly,abstain,abstain,True,42,32,0.1,8,,,,,,,,,False,False,0.007356166839599609
null_identity_no_anomaly,abstain,abstain,True,42,32,0.1,32,,,,,,,,,False,False,0.007445096969604492
null_identity_no_anomaly,abstain,abstain,True,42,32,0.2,0,,,,,,,,,False,False,0.007236003875732422
null_identity_no_anomaly,abstain,abstain,True,42,32,0.2,8,,,,,,,,,False,False,0.007125139236450195
null_identity_no_anomaly,abstain,abstain,True,42,32,0.2,32,,,,,,,,,False,False,0.007159233093261719
null_identity_no_anomaly,abstain,abstain,True,1337,4,0.0,0,,,,,,,,,False,False,0.005688190460205078
null_identity_no_anomaly,abstain,abstain,True,1337,4,0.0,8,,,,,,,,,False,False,0.005672931671142578
null_identity_no_anomaly,abstain,abstain,True,1337,4,0.0,32,,,,,,,,,False,False,0.007140159606933594
null_identity_no_anomaly,abstain,abstain,True,1337,4,0.05,0,,,,,,,,,False,False,0.011050939559936523
null_identity_no_anomaly,abstain,abstain,True,1337,4,0.05,8,,,,,,,,,False,False,0.006395816802978516
null_identity_no_anomaly,abstain,abstain,True,1337,4,0.05,32,,,,,,,,,False,False,0.005995988845825195
null_identity_no_anomaly,abstain,abstain,True,1337,4,0.1,0,,,,,,,,,False,False,0.006426095962524414
null_identity_no_anomaly,abstain,abstain,True,1337,4,0.1,8,,,,,,,,,False,False,0.008264303207397461
null_identity_no_anomaly,abstain,abstain,True,1337,4,0.1,32,,,,,,,,,False,False,0.0059931278228759766
null_identity_no_anomaly,abstain,abstain,True,1337,4,0.2,0,,,,,,,,,False,False,0.008387088775634766
null_identity_no_anomaly,abstain,abstain,True,1337,4,0.2,8,,,,,,,,,False,False,0.0071108341217041016
null_identity_no_anomaly,abstain,abstain,True,1337,4,0.2,32,,,,,,,,,False,False,0.00844717025756836
null_identity_no_anomaly,abstain,abstain,True,1337,8,0.0,0,,,,,,,,,False,False,0.006850004196166992
null_identity_no_anomaly,abstain,abstain,True,1337,8,0.0,8,,,,,,,,,False,False,0.011883974075317383
null_identity_no_anomaly,abstain,abstain,True,1337,8,0.0,32,,,,,,,,,False,False,0.006824016571044922
null_identity_no_anomaly,abstain,abstain,True,1337,8,0.05,0,,,,,,,,,False,False,0.007236957550048828
null_identity_no_anomaly,abstain,abstain,True,1337,8,0.05,8,,,,,,,,,False,False,0.007523059844970703
null_identity_no_anomaly,abstain,abstain,True,1337,8,0.05,32,,,,,,,,,False,False,0.0072519779205322266
null_identity_no_anomaly,abstain,abstain,True,1337,8,0.1,0,,,,,,,,,False,False,0.007899999618530273
null_identity_no_anomaly,abstain,abstain,True,1337,8,0.1,8,,,,,,,,,False,False,0.007838010787963867
null_identity_no_anomaly,abstain,abstain,True,1337,8,0.1,32,,,,,,,,,False,False,0.007524967193603516
null_identity_no_anomaly,abstain,abstain,True,1337,8,0.2,0,,,,,,,,,False,False,0.015105009078979492
null_identity_no_anomaly,abstain,abstain,True,1337,8,0.2,8,,,,,,,,,False,False,0.008650064468383789
null_identity_no_anomaly,abstain,abstain,True,1337,8,0.2,32,,,,,,,,,False,False,0.008759021759033203
null_identity_no_anomaly,abstain,abstain,True,1337,16,0.0,0,,,,,,,,,False,False,0.007004261016845703
null_identity_no_anomaly,abstain,abstain,True,1337,16,0.0,8,,,,,,,,,False,False,0.007027864456176758
null_identity_no_anomaly,abstain,abstain,True,1337,16,0.0,32,,,,,,,,,False,False,0.007146120071411133
null_identity_no_anomaly,abstain,abstain,True,1337,16,0.05,0,,,,,,,,,False,False,0.007354259490966797
null_identity_no_anomaly,abstain,abstain,True,1337,16,0.05,8,,,,,,,,,False,False,0.007212638854980469
null_identity_no_anomaly,abstain,abstain,True,1337,16,0.05,32,,,,,,,,,False,False,0.007153034210205078
null_identity_no_anomaly,abstain,abstain,True,1337,16,0.1,0,,,,,,,,,False,False,0.007568836212158203
null_identity_no_anomaly,abstain,abstain,True,1337,16,0.1,8,,,,,,,,,False,False,0.00780797004699707
null_identity_no_anomaly,abstain,abstain,True,1337,16,0.1,32,,,,,,,,,False,False,0.01141500473022461
null_identity_no_anomaly,abstain,abstain,True,1337,16,0.2,0,,,,,,,,,False,False,0.008033037185668945
null_identity_no_anomaly,abstain,abstain,True,1337,16,0.2,8,,,,,,,,,False,False,0.008116960525512695
null_identity_no_anomaly,abstain,abstain,True,1337,16,0.2,32,,,,,,,,,False,False,0.007573127746582031
null_identity_no_anomaly,abstain,abstain,True,1337,32,0.0,0,,,,,,,,,False,False,0.007353067398071289
null_identity_no_anomaly,abstain,abstain,True,1337,32,0.0,8,,,,,,,,,False,False,0.006811857223510742
null_identity_no_anomaly,abstain,abstain,True,1337,32,0.0,32,,,,,,,,,False,False,0.006865024566650391
null_identity_no_anomaly,abstain,abstain,True,1337,32,0.05,0,,,,,,,,,False,False,0.009560108184814453
null_identity_no_anomaly,abstain,abstain,True,1337,32,0.05,8,,,,,,,,,False,False,0.007287025451660156
null_identity_no_anomaly,abstain,abstain,True,1337,32,0.05,32,,,,,,,,,False,False,0.007824897766113281
null_identity_no_anomaly,abstain,abstain,True,1337,32,0.1,0,,,,,,,,,False,False,0.012254953384399414
null_identity_no_anomaly,abstain,abstain,True,1337,32,0.1,8,,,,,,,,,False,False,0.008688926696777344
null_identity_no_anomaly,abstain,abstain,True,1337,32,0.1,32,,,,,,,,,False,False,0.007729053497314453
null_identity_no_anomaly,abstain,abstain,True,1337,32,0.2,0,,,,,,,,,False,False,0.007862091064453125
null_identity_no_anomaly,abstain,abstain,True,1337,32,0.2,8,,,,,,,,,False,False,0.007729291915893555
null_identity_no_anomaly,abstain,abstain,True,1337,32,0.2,32,,,,,,,,,False,False,0.007768154144287109
null_identity_no_anomaly,abstain,abstain,True,2025,4,0.0,0,,,,,,,,,False,False,0.005637168884277344
null_identity_no_anomaly,abstain,abstain,True,2025,4,0.0,8,,,,,,,,,False,False,0.0053081512451171875
null_identity_no_anomaly,abstain,abstain,True,2025,4,0.0,32,,,,,,,,,False,False,0.005182981491088867
null_identity_no_anomaly,abstain,abstain,True,2025,4,0.05,0,,,,,,,,,False,False,0.005694866180419922
null_identity_no_anomaly,abstain,abstain,True,2025,4,0.05,8,,,,,,,,,False,False,0.005735158920288086
null_identity_no_anomaly,abstain,abstain,True,2025,4,0.05,32,,,,,,,,,False,False,0.00567317008972168
null_identity_no_anomaly,abstain,abstain,True,2025,4,0.1,0,,,,,,,,,False,False,0.005808830261230469
null_identity_no_anomaly,abstain,abstain,True,2025,4,0.1,8,,,,,,,,,False,False,0.011978864669799805
null_identity_no_anomaly,abstain,abstain,True,2025,4,0.1,32,,,,,,,,,False,False,0.005837917327880859
null_identity_no_anomaly,abstain,abstain,True,2025,4,0.2,0,,,,,,,,,False,False,0.008510112762451172
null_identity_no_anomaly,abstain,abstain,True,2025,4,0.2,8,,,,,,,,,False,False,0.005697011947631836
null_identity_no_anomaly,abstain,abstain,True,2025,4,0.2,32,,,,,,,,,False,False,0.00584101676940918
null_identity_no_anomaly,abstain,abstain,True,2025,8,0.0,0,,,,,,,,,False,False,0.007447957992553711
null_identity_no_anomaly,abstain,abstain,True,2025,8,0.0,8,,,,,,,,,False,False,0.007364988327026367
null_identity_no_anomaly,abstain,abstain,True,2025,8,0.0,32,,,,,,,,,False,False,0.007536888122558594
null_identity_no_anomaly,abstain,abstain,True,2025,8,0.05,0,,,,,,,,,False,False,0.007491111755371094
null_identity_no_anomaly,abstain,abstain,True,2025,8,0.05,8,,,,,,,,,False,False,0.0074710845947265625
null_identity_no_anomaly,abstain,abstain,True,2025,8,0.05,32,,,,,,,,,False,False,0.007608890533447266
null_identity_no_anomaly,abstain,abstain,True,2025,8,0.1,0,,,,,,,,,False,False,0.008104801177978516
null_identity_no_anomaly,abstain,abstain,True,2025,8,0.1,8,,,,,,,,,False,False,0.01213693618774414
null_identity_no_anomaly,abstain,abstain,True,2025,8,0.1,32,,,,,,,,,False,False,0.0077741146087646484
null_identity_no_anomaly,abstain,abstain,True,2025,8,0.2,0,,,,,,,,,False,False,0.00817418098449707
null_identity_no_anomaly,abstain,abstain,True,2025,8,0.2,8,,,,,,,,,False,False,0.013217926025390625
null_identity_no_anomaly,abstain,abstain,True,2025,8,0.2,32,,,,,,,,,False,False,0.008125782012939453
null_identity_no_anomaly,abstain,abstain,True,2025,16,0.0,0,,,,,,,,,False,False,0.007867813110351562
null_identity_no_anomaly,abstain,abstain,True,2025,16,0.0,8,,,,,,,,,False,False,0.013796091079711914
null_identity_no_anomaly,abstain,abstain,True,2025,16,0.0,32,,,,,,,,,False,False,0.007799863815307617
null_identity_no_anomaly,abstain,abstain,True,2025,16,0.05,0,,,,,,,,,False,False,0.006752967834472656
null_identity_no_anomaly,abstain,abstain,True,2025,16,0.05,8,,,,,,,,,False,False,0.007592201232910156
null_identity_no_anomaly,abstain,abstain,True,2025,16,0.05,32,,,,,,,,,False,False,0.0073699951171875
null_identity_no_anomaly,abstain,abstain,True,2025,16,0.1,0,,,,,,,,,False,False,0.007946014404296875
null_identity_no_anomaly,abstain,abstain,True,2025,16,0.1,8,,,,,,,,,False,False,0.007110118865966797
null_identity_no_anomaly,abstain,abstain,True,2025,16,0.1,32,,,,,,,,,False,False,0.007300853729248047
null_identity_no_anomaly,abstain,abstain,True,2025,16,0.2,0,,,,,,,,,False,False,0.00705718994140625
null_identity_no_anomaly,abstain,abstain,True,2025,16,0.2,8,,,,,,,,,False,False,0.007059812545776367
null_identity_no_anomaly,abstain,abstain,True,2025,16,0.2,32,,,,,,,,,False,False,0.007192134857177734
null_identity_no_anomaly,abstain,abstain,True,2025,32,0.0,0,,,,,,,,,False,False,0.007301807403564453
null_identity_no_anomaly,abstain,abstain,True,2025,32,0.0,8,,,,,,,,,False,False,0.007238149642944336
null_identity_no_anomaly,abstain,abstain,True,2025,32,0.0,32,,,,,,,,,False,False,0.007278919219970703
null_identity_no_anomaly,abstain,abstain,True,2025,32,0.05,0,,,,,,,,,False,False,0.007648944854736328
null_identity_no_anomaly,abstain,abstain,True,2025,32,0.05,8,,,,,,,,,False,False,0.006727933883666992
null_identity_no_anomaly,abstain,abstain,True,2025,32,0.05,32,,,,,,,,,False,False,0.006604909896850586
null_identity_no_anomaly,abstain,abstain,True,2025,32,0.1,0,,,,,,,,,False,False,0.0074748992919921875
null_identity_no_anomaly,abstain,abstain,True,2025,32,0.1,8,,,,,,,,,False,False,0.008706092834472656
null_identity_no_anomaly,abstain,abstain,True,2025,32,0.1,32,,,,,,,,,False,False,0.007026195526123047
null_identity_no_anomaly,abstain,abstain,True,2025,32,0.2,0,,,,,,,,,False,False,0.0069980621337890625
null_identity_no_anomaly,abstain,abstain,True,2025,32,0.2,8,,,,,,,,,False,False,0.006894111633300781
null_identity_no_anomaly,abstain,abstain,True,2025,32,0.2,32,,,,,,,,,False,False,0.007102012634277344
null_identity_no_anomaly,abstain,abstain,True,9001,4,0.0,0,,,,,,,,,False,False,0.005902767181396484
null_identity_no_anomaly,abstain,abstain,True,9001,4,0.0,8,,,,,,,,,False,False,0.005660057067871094
null_identity_no_anomaly,abstain,abstain,True,9001,4,0.0,32,,,,,,,,,False,False,0.01168203353881836
null_identity_no_anomaly,abstain,abstain,True,9001,4,0.05,0,,,,,,,,,False,False,0.005751132965087891
null_identity_no_anomaly,abstain,abstain,True,9001,4,0.05,8,,,,,,,,,False,False,0.005254030227661133
null_identity_no_anomaly,abstain,abstain,True,9001,4,0.05,32,,,,,,,,,False,False,0.005484104156494141
null_identity_no_anomaly,abstain,abstain,True,9001,4,0.1,0,,,,,,,,,False,False,0.00613713264465332
null_identity_no_anomaly,abstain,abstain,True,9001,4,0.1,8,,,,,,,,,False,False,0.0061969757080078125
null_identity_no_anomaly,abstain,abstain,True,9001,4,0.1,32,,,,,,,,,False,False,0.007091999053955078
null_identity_no_anomaly,abstain,abstain,True,9001,4,0.2,0,,,,,,,,,False,False,0.005780935287475586
null_identity_no_anomaly,abstain,abstain,True,9001,4,0.2,8,,,,,,,,,False,False,0.006186008453369141
null_identity_no_anomaly,abstain,abstain,True,9001,4,0.2,32,,,,,,,,,False,False,0.009202241897583008
null_identity_no_anomaly,abstain,abstain,True,9001,8,0.0,0,,,,,,,,,False,False,0.008111953735351562
null_identity_no_anomaly,abstain,abstain,True,9001,8,0.0,8,,,,,,,,,False,False,0.006750822067260742
null_identity_no_anomaly,abstain,abstain,True,9001,8,0.0,32,,,,,,,,,False,False,0.006785869598388672
null_identity_no_anomaly,abstain,abstain,True,9001,8,0.05,0,,,,,,,,,False,False,0.006645917892456055
null_identity_no_anomaly,abstain,abstain,True,9001,8,0.05,8,,,,,,,,,False,False,0.007771015167236328
null_identity_no_anomaly,abstain,abstain,True,9001,8,0.05,32,,,,,,,,,False,False,0.009495735168457031
null_identity_no_anomaly,abstain,abstain,True,9001,8,0.1,0,,,,,,,,,False,False,0.012604951858520508
null_identity_no_anomaly,abstain,abstain,True,9001,8,0.1,8,,,,,,,,,False,False,0.006574153900146484
null_identity_no_anomaly,abstain,abstain,True,9001,8,0.1,32,,,,,,,,,False,False,0.00666499137878418
null_identity_no_anomaly,abstain,abstain,True,9001,8,0.2,0,,,,,,,,,False,False,0.0071489810943603516
null_identity_no_anomaly,abstain,abstain,True,9001,8,0.2,8,,,,,,,,,False,False,0.007569313049316406
null_identity_no_anomaly,abstain,abstain,True,9001,8,0.2,32,,,,,,,,,False,False,0.007235050201416016
null_identity_no_anomaly,abstain,abstain,True,9001,16,0.0,0,,,,,,,,,False,False,0.006804943084716797
null_identity_no_anomaly,abstain,abstain,True,9001,16,0.0,8,,,,,,,,,False,False,0.008819103240966797
null_identity_no_anomaly,abstain,abstain,True,9001,16,0.0,32,,,,,,,,,False,False,0.006536960601806641
null_identity_no_anomaly,abstain,abstain,True,9001,16,0.05,0,,,,,,,,,False,False,0.00683903694152832
null_identity_no_anomaly,abstain,abstain,True,9001,16,0.05,8,,,,,,,,,False,False,0.0079193115234375
null_identity_no_anomaly,abstain,abstain,True,9001,16,0.05,32,,,,,,,,,False,False,0.006999015808105469
null_identity_no_anomaly,abstain,abstain,True,9001,16,0.1,0,,,,,,,,,False,False,0.00709986686706543
null_identity_no_anomaly,abstain,abstain,True,9001,16,0.1,8,,,,,,,,,False,False,0.007024049758911133
null_identity_no_anomaly,abstain,abstain,True,9001,16,0.1,32,,,,,,,,,False,False,0.006906986236572266
null_identity_no_anomaly,abstain,abstain,True,9001,16,0.2,0,,,,,,,,,False,False,0.006932973861694336
null_identity_no_anomaly,abstain,abstain,True,9001,16,0.2,8,,,,,,,,,False,False,0.011317014694213867
null_identity_no_anomaly,abstain,abstain,True,9001,16,0.2,32,,,,,,,,,False,False,0.007029056549072266
null_identity_no_anomaly,abstain,abstain,True,9001,32,0.0,0,,,,,,,,,False,False,0.00740814208984375
null_identity_no_anomaly,abstain,abstain,True,9001,32,0.0,8,,,,,,,,,False,False,0.007696866989135742
null_identity_no_anomaly,abstain,abstain,True,9001,32,0.0,32,,,,,,,,,False,False,0.007266998291015625
null_identity_no_anomaly,abstain,abstain,True,9001,32,0.05,0,,,,,,,,,False,False,0.006961822509765625
null_identity_no_anomaly,abstain,abstain,True,9001,32,0.05,8,,,,,,,,,False,False,0.006832122802734375
null_identity_no_anomaly,abstain,abstain,True,9001,32,0.05,32,,,,,,,,,False,False,0.006845951080322266
null_identity_no_anomaly,abstain,abstain,True,9001,32,0.1,0,,,,,,,,,False,False,0.006968975067138672
null_identity_no_anomaly,abstain,abstain,True,9001,32,0.1,8,,,,,,,,,False,False,0.007124900817871094
null_identity_no_anomaly,abstain,abstain,True,9001,32,0.1,32,,,,,,,,,False,False,0.007319211959838867
null_identity_no_anomaly,abstain,abstain,True,9001,32,0.2,0,,,,,,,,,False,False,0.0071868896484375
null_identity_no_anomaly,abstain,abstain,True,9001,32,0.2,8,,,,,,,,,False,False,0.007339954376220703
null_identity_no_anomaly,abstain,abstain,True,9001,32,0.2,32,,,,,,,,,False,False,0.0076563358306884766
null_random_rewrite,abstain,abstain,True,42,4,0.0,0,,,,,,,,,False,False,0.013011932373046875
null_random_rewrite,abstain,abstain,True,42,4,0.0,8,,,,,,,,,False,False,0.01270294189453125
null_random_rewrite,abstain,abstain,True,42,4,0.0,32,,,,,,,,,False,False,0.01276707649230957
null_random_rewrite,abstain,abstain,True,42,4,0.05,0,,,,,,,,,False,False,0.013603925704956055
null_random_rewrite,abstain,abstain,True,42,4,0.05,8,,,,,,,,,False,False,0.014206886291503906
null_random_rewrite,abstain,abstain,True,42,4,0.05,32,,,,,,,,,False,False,0.019261837005615234
null_random_rewrite,abstain,abstain,True,42,4,0.1,0,,,,,,,,,False,False,0.011422872543334961
null_random_rewrite,abstain,abstain,True,42,4,0.1,8,,,,,,,,,False,False,0.009918928146362305
null_random_rewrite,abstain,abstain,True,42,4,0.1,32,,,,,,,,,False,False,0.010581016540527344
null_random_rewrite,abstain,abstain,True,42,4,0.2,0,,,,,,,,,False,False,0.009202957153320312
null_random_rewrite,abstain,abstain,True,42,4,0.2,8,,,,,,,,,False,False,0.009749174118041992
null_random_rewrite,abstain,abstain,True,42,4,0.2,32,,,,,,,,,False,False,0.010074853897094727
null_random_rewrite,abstain,abstain,True,42,8,0.0,0,,,,,,,,,False,False,0.018073081970214844
null_random_rewrite,abstain,abstain,True,42,8,0.0,8,,,,,,,,,False,False,0.019230127334594727
null_random_rewrite,abstain,abstain,True,42,8,0.0,32,,,,,,,,,False,False,0.01615619659423828
null_random_rewrite,abstain,abstain,True,42,8,0.05,0,,,,,,,,,False,False,0.016201019287109375
null_random_rewrite,abstain,abstain,True,42,8,0.05,8,,,,,,,,,False,False,0.016174793243408203
null_random_rewrite,abstain,abstain,True,42,8,0.05,32,,,,,,,,,False,False,0.016844987869262695
null_random_rewrite,abstain,abstain,True,42,8,0.1,0,,,,,,,,,False,False,0.013312101364135742
null_random_rewrite,abstain,abstain,True,42,8,0.1,8,,,,,,,,,False,False,0.02235698699951172
null_random_rewrite,abstain,abstain,True,42,8,0.1,32,,,,,,,,,False,False,0.01633000373840332
null_random_rewrite,abstain,abstain,True,42,8,0.2,0,,,,,,,,,False,False,0.012376785278320312
null_random_rewrite,abstain,abstain,True,42,8,0.2,8,,,,,,,,,False,False,0.014676809310913086
null_random_rewrite,abstain,abstain,True,42,8,0.2,32,,,,,,,,,False,False,0.021990060806274414
null_random_rewrite,abstain,abstain,True,42,16,0.0,0,,,,,,,,,False,False,0.017162799835205078
null_random_rewrite,abstain,abstain,True,42,16,0.0,8,,,,,,,,,False,False,0.0175168514251709
null_random_rewrite,abstain,abstain,True,42,16,0.0,32,,,,,,,,,False,False,0.018221139907836914
null_random_rewrite,abstain,abstain,True,42,16,0.05,0,,,,,,,,,False,False,0.015054941177368164
null_random_rewrite,abstain,abstain,True,42,16,0.05,8,,,,,,,,,False,False,0.01563286781311035
null_random_rewrite,abstain,abstain,True,42,16,0.05,32,,,,,,,,,False,False,0.0215151309967041
null_random_rewrite,abstain,abstain,True,42,16,0.1,0,,,,,,,,,False,False,0.015146970748901367
null_random_rewrite,abstain,abstain,True,42,16,0.1,8,,,,,,,,,False,False,0.017569780349731445
null_random_rewrite,abstain,abstain,True,42,16,0.1,32,,,,,,,,,False,False,0.01427769660949707
null_random_rewrite,abstain,abstain,True,42,16,0.2,0,,,,,,,,,False,False,0.014067888259887695
null_random_rewrite,abstain,abstain,True,42,16,0.2,8,,,,,,,,,False,False,0.018119335174560547
null_random_rewrite,abstain,abstain,True,42,16,0.2,32,,,,,,,,,False,False,0.012862920761108398
null_random_rewrite,abstain,abstain,True,42,32,0.0,0,,,,,,,,,False,False,0.023370027542114258
null_random_rewrite,abstain,abstain,True,42,32,0.0,8,,,,,,,,,False,False,0.020576000213623047
null_random_rewrite,abstain,abstain,True,42,32,0.0,32,,,,,,,,,False,False,0.018320083618164062
null_random_rewrite,abstain,abstain,True,42,32,0.05,0,,,,,,,,,False,False,0.01635289192199707
null_random_rewrite,abstain,abstain,True,42,32,0.05,8,,,,,,,,,False,False,0.016839981079101562
null_random_rewrite,abstain,abstain,True,42,32,0.05,32,,,,,,,,,False,False,0.018744707107543945
null_random_rewrite,abstain,abstain,True,42,32,0.1,0,,,,,,,,,False,False,0.01589512825012207
null_random_rewrite,abstain,abstain,True,42,32,0.1,8,,,,,,,,,False,False,0.021051883697509766
null_random_rewrite,abstain,abstain,True,42,32,0.1,32,,,,,,,,,False,False,0.018290996551513672
null_random_rewrite,abstain,abstain,True,42,32,0.2,0,,,,,,,,,False,False,0.013132095336914062
null_random_rewrite,abstain,abstain,True,42,32,0.2,8,,,,,,,,,False,False,0.013478755950927734
null_random_rewrite,abstain,abstain,True,42,32,0.2,32,,,,,,,,,False,False,0.016894102096557617
null_random_rewrite,abstain,abstain,True,1337,4,0.0,0,,,,,,,,,False,False,0.014521121978759766
null_random_rewrite,abstain,abstain,True,1337,4,0.0,8,,,,,,,,,False,False,0.013080835342407227
null_random_rewrite,abstain,abstain,True,1337,4,0.0,32,,,,,,,,,False,False,0.015050888061523438
null_random_rewrite,abstain,abstain,True,1337,4,0.05,0,,,,,,,,,False,False,0.014474868774414062
null_random_rewrite,abstain,abstain,True,1337,4,0.05,8,,,,,,,,,False,False,0.010018110275268555
null_random_rewrite,abstain,abstain,True,1337,4,0.05,32,,,,,,,,,False,False,0.010018110275268555
null_random_rewrite,abstain,abstain,True,1337,4,0.1,0,,,,,,,,,False,False,0.01001286506652832
null_random_rewrite,abstain,abstain,True,1337,4,0.1,8,,,,,,,,,False,False,0.020116806030273438
null_random_rewrite,abstain,abstain,True,1337,4,0.1,32,,,,,,,,,False,False,0.00995779037475586
null_random_rewrite,abstain,abstain,True,1337,4,0.2,0,,,,,,,,,False,False,0.013267278671264648
null_random_rewrite,abstain,abstain,True,1337,4,0.2,8,,,,,,,,,False,False,0.012675046920776367
null_random_rewrite,abstain,abstain,True,1337,4,0.2,32,,,,,,,,,False,False,0.010844230651855469
null_random_rewrite,abstain,abstain,True,1337,8,0.0,0,,,,,,,,,False,False,0.018319129943847656
null_random_rewrite,abstain,abstain,True,1337,8,0.0,8,,,,,,,,,False,False,0.01748204231262207
null_random_rewrite,abstain,abstain,True,1337,8,0.0,32,,,,,,,,,False,False,0.024286985397338867
null_random_rewrite,abstain,abstain,True,1337,8,0.05,0,,,,,,,,,False,False,0.012795209884643555
null_random_rewrite,abstain,abstain,True,1337,8,0.05,8,,,,,,,,,False,False,0.013338804244995117
null_random_rewrite,abstain,abstain,True,1337,8,0.05,32,,,,,,,,,False,False,0.015344858169555664
null_random_rewrite,abstain,abstain,True,1337,8,0.1,0,,,,,,,,,False,False,0.01248311996459961
null_random_rewrite,abstain,abstain,True,1337,8,0.1,8,,,,,,,,,False,False,0.014269113540649414
null_random_rewrite,abstain,abstain,True,1337,8,0.1,32,,,,,,,,,False,False,0.012343883514404297
null_random_rewrite,abstain,abstain,True,1337,8,0.2,0,,,,,,,,,False,False,0.014623641967773438
null_random_rewrite,abstain,abstain,True,1337,8,0.2,8,,,,,,,,,False,False,0.015427112579345703
null_random_rewrite,abstain,abstain,True,1337,8,0.2,32,,,,,,,,,False,False,0.01565694808959961
null_random_rewrite,abstain,abstain,True,1337,16,0.0,0,,,,,,,,,False,False,0.02274608612060547
null_random_rewrite,abstain,abstain,True,1337,16,0.0,8,,,,,,,,,False,False,0.0183718204498291
null_random_rewrite,abstain,abstain,True,1337,16,0.0,32,,,,,,,,,False,False,0.01772904396057129
null_random_rewrite,abstain,abstain,True,1337,16,0.05,0,,,,,,,,,False,False,0.015561103820800781
null_random_rewrite,abstain,abstain,True,1337,16,0.05,8,,,,,,,,,False,False,0.0140380859375
null_random_rewrite,abstain,abstain,True,1337,16,0.05,32,,,,,,,,,False,False,0.013323068618774414
null_random_rewrite,abstain,abstain,True,1337,16,0.1,0,,,,,,,,,False,False,0.01305079460144043
null_random_rewrite,abstain,abstain,True,1337,16,0.1,8,,,,,,,,,False,False,0.013057231903076172
null_random_rewrite,abstain,abstain,True,1337,16,0.1,32,,,,,,,,,False,False,0.02260613441467285
null_random_rewrite,abstain,abstain,True,1337,16,0.2,0,,,,,,,,,False,False,0.014163970947265625
null_random_rewrite,abstain,abstain,True,1337,16,0.2,8,,,,,,,,,False,False,0.014610052108764648
null_random_rewrite,abstain,abstain,True,1337,16,0.2,32,,,,,,,,,False,False,0.018023014068603516
null_random_rewrite,abstain,abstain,True,1337,32,0.0,0,,,,,,,,,False,False,0.01743006706237793
null_random_rewrite,abstain,abstain,True,1337,32,0.0,8,,,,,,,,,False,False,0.01685786247253418
null_random_rewrite,abstain,abstain,True,1337,32,0.0,32,,,,,,,,,False,False,0.017179250717163086
null_random_rewrite,abstain,abstain,True,1337,32,0.05,0,,,,,,,,,False,False,0.014759063720703125
null_random_rewrite,abstain,abstain,True,1337,32,0.05,8,,,,,,,,,False,False,0.015549182891845703
null_random_rewrite,abstain,abstain,True,1337,32,0.05,32,,,,,,,,,False,False,0.01623988151550293
null_random_rewrite,abstain,abstain,True,1337,32,0.1,0,,,,,,,,,False,False,0.017658710479736328
null_random_rewrite,abstain,abstain,True,1337,32,0.1,8,,,,,,,,,False,False,0.018374204635620117
null_random_rewrite,abstain,abstain,True,1337,32,0.1,32,,,,,,,,,False,False,0.014534950256347656
null_random_rewrite,abstain,abstain,True,1337,32,0.2,0,,,,,,,,,False,False,0.014353752136230469
null_random_rewrite,abstain,abstain,True,1337,32,0.2,8,,,,,,,,,False,False,0.018317699432373047
null_random_rewrite,abstain,abstain,True,1337,32,0.2,32,,,,,,,,,False,False,0.014371156692504883
null_random_rewrite,abstain,abstain,True,2025,4,0.0,0,,,,,,,,,False,False,0.016253232955932617
null_random_rewrite,abstain,abstain,True,2025,4,0.0,8,,,,,,,,,False,False,0.012866735458374023
null_random_rewrite,abstain,abstain,True,2025,4,0.0,32,,,,,,,,,False,False,0.012462139129638672
null_random_rewrite,abstain,abstain,True,2025,4,0.05,0,,,,,,,,,False,False,0.01352691650390625
null_random_rewrite,abstain,abstain,True,2025,4,0.05,8,,,,,,,,,False,False,0.013193845748901367
null_random_rewrite,abstain,abstain,True,2025,4,0.05,32,,,,,,,,,False,False,0.014746904373168945
null_random_rewrite,abstain,abstain,True,2025,4,0.1,0,,,,,,,,,False,False,0.01351785659790039
null_random_rewrite,abstain,abstain,True,2025,4,0.1,8,,,,,,,,,False,False,0.014241695404052734
null_random_rewrite,abstain,abstain,True,2025,4,0.1,32,,,,,,,,,False,False,0.021300077438354492
null_random_rewrite,abstain,abstain,True,2025,4,0.2,0,,,,,,,,,False,False,0.014129161834716797
null_random_rewrite,abstain,abstain,True,2025,4,0.2,8,,,,,,,,,False,False,0.013325691223144531
null_random_rewrite,abstain,abstain,True,2025,4,0.2,32,,,,,,,,,False,False,0.013698101043701172
null_random_rewrite,abstain,abstain,True,2025,8,0.0,0,,,,,,,,,False,False,0.02068614959716797
null_random_rewrite,abstain,abstain,True,2025,8,0.0,8,,,,,,,,,False,False,0.02331686019897461
null_random_rewrite,abstain,abstain,True,2025,8,0.0,32,,,,,,,,,False,False,0.021399974822998047
null_random_rewrite,abstain,abstain,True,2025,8,0.05,0,,,,,,,,,False,False,0.019080162048339844
null_random_rewrite,abstain,abstain,True,2025,8,0.05,8,,,,,,,,,False,False,0.017740726470947266
null_random_rewrite,abstain,abstain,True,2025,8,0.05,32,,,,,,,,,False,False,0.017933130264282227
null_random_rewrite,abstain,abstain,True,2025,8,0.1,0,,,,,,,,,False,False,0.01505899429321289
null_random_rewrite,abstain,abstain,True,2025,8,0.1,8,,,,,,,,,False,False,0.014362812042236328
null_random_rewrite,abstain,abstain,True,2025,8,0.1,32,,,,,,,,,False,False,0.02156805992126465
null_random_rewrite,abstain,abstain,True,2025,8,0.2,0,,,,,,,,,False,False,0.019191980361938477
null_random_rewrite,abstain,abstain,True,2025,8,0.2,8,,,,,,,,,False,False,0.01567697525024414
null_random_rewrite,abstain,abstain,True,2025,8,0.2,32,,,,,,,,,False,False,0.015351057052612305
null_random_rewrite,abstain,abstain,True,2025,16,0.0,0,,,,,,,,,False,False,0.01994609832763672
null_random_rewrite,abstain,abstain,True,2025,16,0.0,8,,,,,,,,,False,False,0.018465757369995117
null_random_rewrite,abstain,abstain,True,2025,16,0.0,32,,,,,,,,,False,False,0.018836021423339844
null_random_rewrite,abstain,abstain,True,2025,16,0.05,0,,,,,,,,,False,False,0.017646074295043945
null_random_rewrite,abstain,abstain,True,2025,16,0.05,8,,,,,,,,,False,False,0.016876935958862305
null_random_rewrite,abstain,abstain,True,2025,16,0.05,32,,,,,,,,,False,False,0.019314050674438477
null_random_rewrite,abstain,abstain,True,2025,16,0.1,0,,,,,,,,,False,False,0.024708032608032227
null_random_rewrite,abstain,abstain,True,2025,16,0.1,8,,,,,,,,,False,False,0.015939950942993164
null_random_rewrite,abstain,abstain,True,2025,16,0.1,32,,,,,,,,,False,False,0.01528787612915039
null_random_rewrite,abstain,abstain,True,2025,16,0.2,0,,,,,,,,,False,False,0.026340007781982422
null_random_rewrite,abstain,abstain,True,2025,16,0.2,8,,,,,,,,,False,False,0.016072988510131836
null_random_rewrite,abstain,abstain,True,2025,16,0.2,32,,,,,,,,,False,False,0.015329122543334961
null_random_rewrite,abstain,abstain,True,2025,32,0.0,0,,,,,,,,,False,False,0.017387866973876953
null_random_rewrite,abstain,abstain,True,2025,32,0.0,8,,,,,,,,,False,False,0.019437074661254883
null_random_rewrite,abstain,abstain,True,2025,32,0.0,32,,,,,,,,,False,False,0.0201108455657959
null_random_rewrite,abstain,abstain,True,2025,32,0.05,0,,,,,,,,,False,False,0.01739215850830078
null_random_rewrite,abstain,abstain,True,2025,32,0.05,8,,,,,,,,,False,False,0.017338991165161133
null_random_rewrite,abstain,abstain,True,2025,32,0.05,32,,,,,,,,,False,False,0.01711726188659668
null_random_rewrite,abstain,abstain,True,2025,32,0.1,0,,,,,,,,,False,False,0.023215055465698242
null_random_rewrite,abstain,abstain,True,2025,32,0.1,8,,,,,,,,,False,False,0.015435934066772461
null_random_rewrite,abstain,abstain,True,2025,32,0.1,32,,,,,,,,,False,False,0.015397071838378906
null_random_rewrite,abstain,abstain,True,2025,32,0.2,0,,,,,,,,,False,False,0.015853166580200195
null_random_rewrite,abstain,abstain,True,2025,32,0.2,8,,,,,,,,,False,False,0.02232217788696289
null_random_rewrite,abstain,abstain,True,2025,32,0.2,32,,,,,,,,,False,False,0.022076845169067383
null_random_rewrite,abstain,abstain,True,9001,4,0.0,0,,,,,,,,,False,False,0.01615309715270996
null_random_rewrite,abstain,abstain,True,9001,4,0.0,8,,,,,,,,,False,False,0.013091087341308594
null_random_rewrite,abstain,abstain,True,9001,4,0.0,32,,,,,,,,,False,False,0.014174938201904297
null_random_rewrite,abstain,abstain,True,9001,4,0.05,0,,,,,,,,,False,False,0.013139009475708008
null_random_rewrite,abstain,abstain,True,9001,4,0.05,8,,,,,,,,,False,False,0.013210058212280273
null_random_rewrite,abstain,abstain,True,9001,4,0.05,32,,,,,,,,,False,False,0.013902902603149414
null_random_rewrite,abstain,abstain,True,9001,4,0.1,0,,,,,,,,,False,False,0.012240886688232422
null_random_rewrite,abstain,abstain,True,9001,4,0.1,8,,,,,,,,,False,False,0.010447263717651367
null_random_rewrite,abstain,abstain,True,9001,4,0.1,32,,,,,,,,,False,False,0.009759902954101562
null_random_rewrite,abstain,abstain,True,9001,4,0.2,0,,,,,,,,,False,False,0.016840219497680664
null_random_rewrite,abstain,abstain,True,9001,4,0.2,8,,,,,,,,,False,False,0.009997129440307617
null_random_rewrite,abstain,abstain,True,9001,4,0.2,32,,,,,,,,,False,False,0.009682893753051758
null_random_rewrite,abstain,abstain,True,9001,8,0.0,0,,,,,,,,,False,False,0.021058082580566406
null_random_rewrite,abstain,abstain,True,9001,8,0.0,8,,,,,,,,,False,False,0.017046213150024414
null_random_rewrite,abstain,abstain,True,9001,8,0.0,32,,,,,,,,,False,False,0.016948938369750977
null_random_rewrite,abstain,abstain,True,9001,8,0.05,0,,,,,,,,,False,False,0.012935161590576172
null_random_rewrite,abstain,abstain,True,9001,8,0.05,8,,,,,,,,,False,False,0.01306605339050293
null_random_rewrite,abstain,abstain,True,9001,8,0.05,32,,,,,,,,,False,False,0.013576030731201172
null_random_rewrite,abstain,abstain,True,9001,8,0.1,0,,,,,,,,,False,False,0.013012886047363281
null_random_rewrite,abstain,abstain,True,9001,8,0.1,8,,,,,,,,,False,False,0.013921022415161133
null_random_rewrite,abstain,abstain,True,9001,8,0.1,32,,,,,,,,,False,False,0.012995004653930664
null_random_rewrite,abstain,abstain,True,9001,8,0.2,0,,,,,,,,,False,False,0.01413106918334961
null_random_rewrite,abstain,abstain,True,9001,8,0.2,8,,,,,,,,,False,False,0.01348114013671875
null_random_rewrite,abstain,abstain,True,9001,8,0.2,32,,,,,,,,,False,False,0.02036881446838379
null_random_rewrite,abstain,abstain,True,9001,16,0.0,0,,,,,,,,,False,False,0.022810697555541992
null_random_rewrite,abstain,abstain,True,9001,16,0.0,8,,,,,,,,,False,False,0.020367145538330078
null_random_rewrite,abstain,abstain,True,9001,16,0.0,32,,,,,,,,,False,False,0.018173933029174805
null_random_rewrite,abstain,abstain,True,9001,16,0.05,0,,,,,,,,,False,False,0.015111207962036133
null_random_rewrite,abstain,abstain,True,9001,16,0.05,8,,,,,,,,,False,False,0.01494908332824707
null_random_rewrite,abstain,abstain,True,9001,16,0.05,32,,,,,,,,,False,False,0.015501022338867188
null_random_rewrite,abstain,abstain,True,9001,16,0.1,0,,,,,,,,,False,False,0.015037775039672852
null_random_rewrite,abstain,abstain,True,9001,16,0.1,8,,,,,,,,,False,False,0.01714777946472168
null_random_rewrite,abstain,abstain,True,9001,16,0.1,32,,,,,,,,,False,False,0.019518136978149414
null_random_rewrite,abstain,abstain,True,9001,16,0.2,0,,,,,,,,,False,False,0.01852107048034668
null_random_rewrite,abstain,abstain,True,9001,16,0.2,8,,,,,,,,,False,False,0.01596999168395996
null_random_rewrite,abstain,abstain,True,9001,16,0.2,32,,,,,,,,,False,False,0.0161740779876709
null_random_rewrite,abstain,abstain,True,9001,32,0.0,0,,,,,,,,,False,False,0.01980900764465332
null_random_rewrite,abstain,abstain,True,9001,32,0.0,8,,,,,,,,,False,False,0.01770806312561035
null_random_rewrite,abstain,abstain,True,9001,32,0.0,32,,,,,,,,,False,False,0.01807403564453125
null_random_rewrite,abstain,abstain,True,9001,32,0.05,0,,,,,,,,,False,False,0.016275882720947266
null_random_rewrite,abstain,abstain,True,9001,32,0.05,8,,,,,,,,,False,False,0.016047954559326172
null_random_rewrite,abstain,abstain,True,9001,32,0.05,32,,,,,,,,,False,False,0.016787052154541016
null_random_rewrite,abstain,abstain,True,9001,32,0.1,0,,,,,,,,,False,False,0.016976118087768555
null_random_rewrite,abstain,abstain,True,9001,32,0.1,8,,,,,,,,,False,False,0.01711893081665039
null_random_rewrite,abstain,abstain,True,9001,32,0.1,32,,,,,,,,,False,False,0.023589134216308594
null_random_rewrite,abstain,abstain,True,9001,32,0.2,0,,,,,,,,,False,False,0.016811847686767578
null_random_rewrite,abstain,abstain,True,9001,32,0.2,8,,,,,,,,,False,False,0.014868021011352539
null_random_rewrite,abstain,abstain,True,9001,32,0.2,32,,,,,,,,,False,False,0.014089107513427734
structural_swap,promoted,promoted,True,42,4,0.0,0,"Pair(?v0:Expr, ?v1:Expr)  ->  Pair(?v1:Expr, ?v0:Expr)",1.0,1.0,1.0,1.0,1.0,1.5555555555555556,7.0,False,False,0.020032167434692383
structural_swap,promoted,promoted,True,42,4,0.0,8,"Pair(?v0:Expr, ?v1:Expr)  ->  Pair(?v1:Expr, ?v0:Expr)",1.0,1.0,1.0,1.0,0.8449612403100775,2.1333333333333333,7.0,False,False,0.03011918067932129
structural_swap,promoted,abstain,False,42,4,0.0,32,"Pair(?v0:Expr, ?v1:Expr)  ->  Pair(?v1:Expr, ?v0:Expr)",1.0,1.0,1.0,1.0,0.3875968992248062,2.3294117647058825,7.0,False,True,0.03430032730102539
structural_swap,promoted,promoted,True,42,4,0.05,0,"Pair(?v0:Expr, ?v1:Expr)  ->  Pair(?v1:Expr, ?v0:Expr)",1.0,1.0,1.0,1.0,1.0,1.5,7.0,False,False,0.02118396759033203
structural_swap,promoted,promoted,True,42,4,0.05,8,"Pair(?v0:Expr, ?v1:Expr)  ->  Pair(?v1:Expr, ?v0:Expr)",1.0,1.0,1.0,1.0,0.9069767441860465,2.1538461538461537,7.0,False,False,0.03915691375732422
structural_swap,promoted,abstain,False,42,4,0.05,32,"Pair(?v0:Expr, ?v1:Expr)  ->  Pair(?v1:Expr, ?v0:Expr)",1.0,1.0,1.0,1.0,0.46511627906976744,2.3544303797468356,7.0,False,True,0.03554201126098633
structural_swap,promoted,promoted,True,42,4,0.1,0,"Pair(?v0:Expr, ?v1:Expr)  ->  Pair(?v1:Expr, ?v0:Expr)",1.0,1.0,1.0,1.0,1.0,1.5,7.0,False,False,0.02675604820251465
structural_swap,promoted,promoted,True,42,4,0.1,8,"Pair(?v0:Expr, ?v1:Expr)  ->  Pair(?v1:Expr, ?v0:Expr)",1.0,1.0,1.0,1.0,0.9069767441860465,2.1538461538461537,7.0,False,False,0.029761075973510742
structural_swap,promoted,abstain,False,42,4,0.1,32,"Pair(?v0:Expr, ?v1:Expr)  ->  Pair(?v1:Expr, ?v0:Expr)",1.0,1.0,1.0,1.0,0.46511627906976744,2.3544303797468356,7.0,False,True,0.03225398063659668
structural_swap,promoted,promoted,True,42,4,0.2,0,"Pair(?v0:Expr, ?v1:Expr)  ->  Pair(?v1:Expr, ?v0:Expr)",1.0,1.0,1.0,1.0,1.0,1.5,7.0,False,False,0.018998146057128906
structural_swap,promoted,promoted,True,42,4,0.2,8,"Pair(?v0:Expr, ?v1:Expr)  ->  Pair(?v1:Expr, ?v0:Expr)",1.0,1.0,1.0,1.0,0.9069767441860465,2.1538461538461537,7.0,False,False,0.04069185256958008
structural_swap,promoted,abstain,False,42,4,0.2,32,"Pair(?v0:Expr, ?v1:Expr)  ->  Pair(?v1:Expr, ?v0:Expr)",1.0,1.0,1.0,1.0,0.46511627906976744,2.3544303797468356,7.0,False,True,0.03249096870422363
structural_swap,promoted,promoted,True,42,8,0.0,0,"Pair(?v0:Expr, ?v1:Expr)  ->  Pair(?v1:Expr, ?v0:Expr)",1.0,1.0,1.0,1.0,1.0,2.0,7.0,False,False,0.026438236236572266
structural_swap,promoted,promoted,True,42,8,0.0,8,"Pair(?v0:Expr, ?v1:Expr)  ->  Pair(?v1:Expr, ?v0:Expr)",1.0,1.0,1.0,1.0,0.9147286821705426,2.2162162162162162,7.0,False,False,0.035408973693847656
structural_swap,promoted,abstain,False,42,8,0.0,32,"Pair(?v0:Expr, ?v1:Expr)  ->  Pair(?v1:Expr, ?v0:Expr)",1.0,1.0,1.0,1.0,0.5193798449612403,2.336842105263158,7.0,False,True,0.04455995559692383
structural_swap,promoted,promoted,True,42,8,0.05,0,"Pair(?v0:Expr, ?v1:Expr)  ->  Pair(?v1:Expr, ?v0:Expr)",1.0,1.0,1.0,1.0,1.0,2.0,7.0,False,False,0.027008056640625
structural_swap,promoted,promoted,True,42,8,0.05,8,"Pair(?v0:Expr, ?v1:Expr)  ->  Pair(?v1:Expr, ?v0:Expr)",1.0,1.0,1.0,1.0,0.937984496124031,2.2162162162162162,7.0,False,False,0.034399986267089844
structural_swap,promoted,abstain,False,42,8,0.05,32,"Pair(?v0:Expr, ?v1:Expr)  ->  Pair(?v1:Expr, ?v0:Expr)",1.0,1.0,1.0,1.0,0.5891472868217055,2.3404255319148937,7.0,False,True,0.03851318359375
structural_swap,promoted,promoted,True,42,8,0.1,0,"Pair(?v0:Expr, ?v1:Expr)  ->  Pair(?v1:Expr, ?v0:Expr)",1.0,1.0,1.0,1.0,1.0,2.0,7.0,False,False,0.03142809867858887
structural_swap,promoted,promoted,True,42,8,0.1,8,"Pair(?v0:Expr, ?v1:Expr)  ->  Pair(?v1:Expr, ?v0:Expr)",1.0,1.0,1.0,1.0,0.937984496124031,2.2162162162162162,7.0,False,False,0.03265213966369629
structural_swap,promoted,abstain,False,42,8,0.1,32,"Pair(?v0:Expr, ?v1:Expr)  ->  Pair(?v1:Expr, ?v0:Expr)",1.0,1.0,1.0,1.0,0.5891472868217055,2.3404255319148937,7.0,False,True,0.03951096534729004
structural_swap,promoted,promoted,True,42,8,0.2,0,"Pair(?v0:Expr, ?v1:Expr)  ->  Pair(?v1:Expr, ?v0:Expr)",1.0,1.0,1.0,1.0,1.0,2.0,7.0,False,False,0.026128768920898438
structural_swap,promoted,promoted,True,42,8,0.2,8,"Pair(?v0:Expr, ?v1:Expr)  ->  Pair(?v1:Expr, ?v0:Expr)",1.0,1.0,1.0,1.0,0.937984496124031,2.2162162162162162,7.0,False,False,0.03959298133850098
structural_swap,promoted,abstain,False,42,8,0.2,32,"Pair(?v0:Expr, ?v1:Expr)  ->  Pair(?v1:Expr, ?v0:Expr)",1.0,1.0,1.0,1.0,0.5891472868217055,2.3404255319148937,7.0,False,True,0.045745134353637695
structural_swap,promoted,promoted,True,42,16,0.0,0,"Pair(?v0:Expr, ?v1:Expr)  ->  Pair(?v1:Expr, ?v0:Expr)",1.0,1.0,1.0,1.0,0.9767441860465116,2.2580645161290325,7.0,False,False,0.03661918640136719
structural_swap,promoted,promoted,True,42,16,0.0,8,"Pair(?v0:Expr, ?v1:Expr)  ->  Pair(?v1:Expr, ?v0:Expr)",1.0,1.0,1.0,1.0,0.9922480620155039,2.3902439024390243,7.0,False,False,0.034519195556640625
structural_swap,promoted,promoted,True,42,16,0.0,32,"Pair(?v0:Expr, ?v1:Expr)  ->  Pair(?v1:Expr, ?v0:Expr)",1.0,1.0,1.0,1.0,0.9767441860465116,2.5194805194805197,7.0,False,False,0.03379464149475098
structural_swap,promoted,promoted,True,42,16,0.05,0,"Pair(?v0:Expr, ?v1:Expr)  ->  Pair(?v1:Expr, ?v0:Expr)",0.875,1.0,1.0,1.0,1.0,2.24,7.0,False,False,0.023965835571289062
structural_swap,promoted,promoted,True,42,16,0.05,8,"Pair(?v0:Expr, ?v1:Expr)  ->  Pair(?v1:Expr, ?v0:Expr)",0.9166666666666666,1.0,1.0,1.0,0.9733333333333334,2.3181818181818183,7.0,False,False,0.032740116119384766
structural_swap,promoted,promoted,True,42,16,0.05,32,"Pair(?v0:Expr, ?v1:Expr)  ->  Pair(?v1:Expr, ?v0:Expr)",0.9583333333333334,1.0,1.0,1.0,0.6483516483516484,2.376237623762376,7.0,False,False,0.031771183013916016
structural_swap,promoted,promoted,True,42,16,0.1,0,"Pair(?v0:Expr, ?v1:Expr)  ->  Pair(?v1:Expr, ?v0:Expr)",0.875,1.0,1.0,1.0,1.0,2.24,7.0,False,False,0.034349918365478516
structural_swap,promoted,promoted,True,42,16,0.1,8,"Pair(?v0:Expr, ?v1:Expr)  ->  Pair(?v1:Expr, ?v0:Expr)",0.9166666666666666,1.0,1.0,1.0,0.9733333333333334,2.3181818181818183,7.0,False,False,0.03405904769897461
structural_swap,promoted,promoted,True,42,16,0.1,32,"Pair(?v0:Expr, ?v1:Expr)  ->  Pair(?v1:Expr, ?v0:Expr)",0.9583333333333334,1.0,1.0,1.0,0.6483516483516484,2.376237623762376,7.0,False,False,0.032853126525878906
structural_swap,promoted,promoted,True,42,16,0.2,0,"Pair(?v0:Expr, ?v1:Expr)  ->  Pair(?v1:Expr, ?v0:Expr)",0.875,1.0,1.0,1.0,1.0,2.24,7.0,False,False,0.0261538028717041
structural_swap,promoted,promoted,True,42,16,0.2,8,"Pair(?v0:Expr, ?v1:Expr)  ->  Pair(?v1:Expr, ?v0:Expr)",0.9166666666666666,1.0,1.0,1.0,0.9733333333333334,2.3181818181818183,7.0,False,False,0.027942895889282227
structural_swap,promoted,promoted,True,42,16,0.2,32,"Pair(?v0:Expr, ?v1:Expr)  ->  Pair(?v1:Expr, ?v0:Expr)",0.9583333333333334,1.0,1.0,1.0,0.6483516483516484,2.376237623762376,7.0,False,False,0.03400015830993652
structural_swap,promoted,promoted,True,42,32,0.0,0,"Pair(?v0:Expr, ?v1:Expr)  ->  Pair(?v1:Expr, ?v0:Expr)",1.0,1.0,1.0,1.0,0.9922480620155039,2.4210526315789473,7.0,False,False,0.031144142150878906
structural_swap,promoted,promoted,True,42,32,0.0,8,"Pair(?v0:Expr, ?v1:Expr)  ->  Pair(?v1:Expr, ?v0:Expr)",1.0,1.0,1.0,1.0,0.9534883720930233,2.4383561643835616,7.0,False,False,0.042645931243896484
structural_swap,promoted,promoted,True,42,32,0.0,32,"Pair(?v0:Expr, ?v1:Expr)  ->  Pair(?v1:Expr, ?v0:Expr)",1.0,1.0,1.0,1.0,0.8217054263565892,2.4628099173553717,7.0,False,False,0.0378420352935791
structural_swap,promoted,promoted,True,42,32,0.05,0,"Pair(?v0:Expr, ?v1:Expr)  ->  Pair(?v1:Expr, ?v0:Expr)",0.90625,1.0,1.0,1.0,0.9565217391304348,2.411764705882353,7.0,False,False,0.028294086456298828
structural_swap,promoted,promoted,True,42,32,0.05,8,"Pair(?v0:Expr, ?v1:Expr)  ->  Pair(?v1:Expr, ?v0:Expr)",0.925,1.0,1.0,1.0,0.9879518072289156,2.467741935483871,7.0,False,False,0.02916097640991211
structural_swap,promoted,promoted,True,42,32,0.05,32,"Pair(?v0:Expr, ?v1:Expr)  ->  Pair(?v1:Expr, ?v0:Expr)",0.953125,1.0,1.0,1.0,1.0,2.5760869565217392,7.0,False,False,0.04341483116149902
structural_swap,promoted,promoted,True,42,32,0.1,0,"Pair(?v0:Expr, ?v1:Expr)  ->  Pair(?v1:Expr, ?v0:Expr)",0.90625,1.0,1.0,1.0,0.9761904761904762,2.381818181818182,7.0,False,False,0.03081679344177246
structural_swap,promoted,promoted,True,42,32,0.1,8,"Pair(?v0:Expr, ?v1:Expr)  ->  Pair(?v1:Expr, ?v0:Expr)",0.925,1.0,1.0,1.0,0.9310344827586207,2.408450704225352,7.0,False,False,0.04681396484375
structural_swap,promoted,promoted,True,42,32,0.1,32,"Pair(?v0:Expr, ?v1:Expr)  ->  Pair(?v1:Expr, ?v0:Expr)",0.953125,1.0,1.0,1.0,0.8152173913043478,2.4453781512605044,7.0,False,False,0.04246401786804199
structural_swap,promoted,promoted,True,42,32,0.2,0,"Pair(?v0:Expr, ?v1:Expr)  ->  Pair(?v1:Expr, ?v0:Expr)",0.84375,1.0,1.0,1.0,0.9491525423728814,2.3958333333333335,7.0,False,False,0.036704063415527344
structural_swap,promoted,promoted,True,42,32,0.2,8,"Pair(?v0:Expr, ?v1:Expr)  ->  Pair(?v1:Expr, ?v0:Expr)",0.875,1.0,1.0,1.0,0.9166666666666666,2.421875,7.0,False,False,0.03978395462036133
structural_swap,promoted,promoted,True,42,32,0.2,32,"Pair(?v0:Expr, ?v1:Expr)  ->  Pair(?v1:Expr, ?v0:Expr)",0.921875,1.0,1.0,1.0,0.7901234567901234,2.455357142857143,7.0,False,False,0.03182578086853027
structural_swap,promoted,promoted,True,1337,4,0.0,0,"Pair(?v0:Expr, ?v1:Expr)  ->  Pair(?v1:Expr, ?v0:Expr)",1.0,1.0,1.0,1.0,1.0,1.6363636363636365,7.0,False,False,0.021687030792236328
structural_swap,promoted,promoted,True,1337,4,0.0,8,"Pair(?v0:Expr, ?v1:Expr)  ->  Pair(?v1:Expr, ?v0:Expr)",1.0,1.0,1.0,1.0,0.6821705426356589,2.1333333333333333,7.0,False,False,0.0339200496673584
structural_swap,promoted,abstain,False,1337,4,0.0,32,"Pair(?v0:Expr, ?v1:Expr)  ->  Pair(?v1:Expr, ?v0:Expr)",1.0,1.0,1.0,1.0,0.29457364341085274,2.3146067415730336,7.0,False,True,0.04334282875061035
structural_swap,promoted,promoted,True,1337,4,0.05,0,"Pair(?v0:Expr, ?v1:Expr)  ->  Pair(?v1:Expr, ?v0:Expr)",1.0,1.0,1.0,1.0,0.8992248062015504,1.6923076923076923,7.0,False,False,0.035900115966796875
structural_swap,promoted,promoted,True,1337,4,0.05,8,"Pair(?v0:Expr, ?v1:Expr)  ->  Pair(?v1:Expr, ?v0:Expr)",1.0,1.0,1.0,1.0,1.0,2.1739130434782608,7.0,False,False,0.03615212440490723
structural_swap,promoted,promoted,True,1337,4,0.05,32,"Pair(?v0:Expr, ?v1:Expr)  ->  Pair(?v1:Expr, ?v0:Expr)",1.0,1.0,1.0,1.0,1.0,2.5,7.0,False,False,0.05219316482543945
structural_swap,promoted,promoted,True,1337,4,0.1,0,"Pair(?v0:Expr, ?v1:Expr)  ->  Pair(?v1:Expr, ?v0:Expr)",1.0,1.0,1.0,1.0,0.8992248062015504,1.6923076923076923,7.0,False,False,0.023777008056640625
structural_swap,promoted,promoted,True,1337,4,0.1,8,"Pair(?v0:Expr, ?v1:Expr)  ->  Pair(?v1:Expr, ?v0:Expr)",1.0,1.0,1.0,1.0,1.0,2.1739130434782608,7.0,False,False,0.034861087799072266
structural_swap,promoted,promoted,True,1337,4,0.1,32,"Pair(?v0:Expr, ?v1:Expr)  ->  Pair(?v1:Expr, ?v0:Expr)",1.0,1.0,1.0,1.0,1.0,2.5,7.0,False,False,0.03308510780334473
structural_swap,promoted,promoted,True,1337,4,0.2,0,"Pair(?v0:Expr, ?v1:Expr)  ->  Pair(?v1:Expr, ?v0:Expr)",1.0,1.0,1.0,1.0,0.8992248062015504,1.6923076923076923,7.0,False,False,0.023869991302490234
structural_swap,promoted,promoted,True,1337,4,0.2,8,"Pair(?v0:Expr, ?v1:Expr)  ->  Pair(?v1:Expr, ?v0:Expr)",1.0,1.0,1.0,1.0,1.0,2.1739130434782608,7.0,False,False,0.03290581703186035
structural_swap,promoted,promoted,True,1337,4,0.2,32,"Pair(?v0:Expr, ?v1:Expr)  ->  Pair(?v1:Expr, ?v0:Expr)",1.0,1.0,1.0,1.0,1.0,2.5,7.0,False,False,0.0430600643157959
structural_swap,promoted,promoted,True,1337,8,0.0,0,"Pair(?v0:Expr, ?v1:Expr)  ->  Pair(?v1:Expr, ?v0:Expr)",1.0,1.0,1.0,1.0,1.0,2.0,7.0,False,False,0.030210018157958984
structural_swap,promoted,promoted,True,1337,8,0.0,8,"Pair(?v0:Expr, ?v1:Expr)  ->  Pair(?v1:Expr, ?v0:Expr)",1.0,1.0,1.0,1.0,0.9767441860465116,2.2758620689655173,7.0,False,False,0.040943145751953125
structural_swap,promoted,promoted,True,1337,8,0.0,32,"Pair(?v0:Expr, ?v1:Expr)  ->  Pair(?v1:Expr, ?v0:Expr)",1.0,1.0,1.0,1.0,1.0,2.5161290322580645,7.0,False,False,0.035932302474975586
structural_swap,promoted,promoted,True,1337,8,0.05,0,"Pair(?v0:Expr, ?v1:Expr)  ->  Pair(?v1:Expr, ?v0:Expr)",0.875,1.0,1.0,1.0,0.8837209302325582,1.9444444444444444,7.0,False,False,0.026428937911987305
structural_swap,promoted,promoted,True,1337,8,0.05,8,"Pair(?v0:Expr, ?v1:Expr)  ->  Pair(?v1:Expr, ?v0:Expr)",0.9375,1.0,1.0,1.0,0.8072289156626506,2.2058823529411766,7.0,False,False,0.03735089302062988
structural_swap,promoted,abstain,False,1337,8,0.05,32,"Pair(?v0:Expr, ?v1:Expr)  ->  Pair(?v1:Expr, ?v0:Expr)",0.975,1.0,1.0,1.0,0.4727272727272727,2.3780487804878048,7.0,False,True,0.0422520637512207
structural_swap,promoted,promoted,True,1337,8,0.1,0,"Pair(?v0:Expr, ?v1:Expr)  ->  Pair(?v1:Expr, ?v0:Expr)",0.875,1.0,1.0,1.0,0.8837209302325582,1.9444444444444444,7.0,False,False,0.03119182586669922
structural_swap,promoted,promoted,True,1337,8,0.1,8,"Pair(?v0:Expr, ?v1:Expr)  ->  Pair(?v1:Expr, ?v0:Expr)",0.9375,1.0,1.0,1.0,0.8072289156626506,2.2058823529411766,7.0,False,False,0.031662940979003906
structural_swap,promoted,abstain,False,1337,8,0.1,32,"Pair(?v0:Expr, ?v1:Expr)  ->  Pair(?v1:Expr, ?v0:Expr)",0.975,1.0,1.0,1.0,0.4727272727272727,2.3780487804878048,7.0,False,True,0.04492807388305664
structural_swap,promoted,promoted,True,1337,8,0.2,0,"Pair(?v0:Expr, ?v1:Expr)  ->  Pair(?v1:Expr, ?v0:Expr)",0.75,1.0,1.0,1.0,0.7222222222222222,1.8823529411764706,7.0,False,False,0.02177596092224121
structural_swap,promoted,promoted,True,1337,8,0.2,8,"Pair(?v0:Expr, ?v1:Expr)  ->  Pair(?v1:Expr, ?v0:Expr)",0.875,1.0,1.0,1.0,0.673469387755102,2.1818181818181817,7.0,False,False,0.02921009063720703
structural_swap,promoted,abstain,False,1337,8,0.2,32,"Pair(?v0:Expr, ?v1:Expr)  ->  Pair(?v1:Expr, ?v0:Expr)",0.95,1.0,1.0,1.0,0.41414141414141414,2.3703703703703702,7.0,False,True,0.039057254791259766
structural_swap,promoted,promoted,True,1337,16,0.0,0,"Pair(?v0:Expr, ?v1:Expr)  ->  Pair(?v1:Expr, ?v0:Expr)",1.0,1.0,1.0,1.0,0.9844961240310077,2.2580645161290325,7.0,False,False,0.03278183937072754
structural_swap,promoted,promoted,True,1337,16,0.0,8,"Pair(?v0:Expr, ?v1:Expr)  ->  Pair(?v1:Expr, ?v0:Expr)",1.0,1.0,1.0,1.0,0.9767441860465116,2.380952380952381,7.0,False,False,0.034902095794677734
structural_swap,promoted,promoted,True,1337,16,0.0,32,"Pair(?v0:Expr, ?v1:Expr)  ->  Pair(?v1:Expr, ?v0:Expr)",1.0,1.0,1.0,1.0,0.9844961240310077,2.5405405405405403,7.0,False,False,0.038218021392822266
structural_swap,promoted,promoted,True,1337,16,0.05,0,"Pair(?v0:Expr, ?v1:Expr)  ->  Pair(?v1:Expr, ?v0:Expr)",0.9375,1.0,1.0,1.0,0.9113924050632911,2.2,7.0,False,False,0.038671016693115234
structural_swap,promoted,promoted,True,1337,16,0.05,8,"Pair(?v0:Expr, ?v1:Expr)  ->  Pair(?v1:Expr, ?v0:Expr)",0.9583333333333334,1.0,1.0,1.0,0.8811881188118812,2.2941176470588234,7.0,False,False,0.034619808197021484
structural_swap,promoted,promoted,True,1337,16,0.05,32,"Pair(?v0:Expr, ?v1:Expr)  ->  Pair(?v1:Expr, ?v0:Expr)",0.9791666666666666,1.0,1.0,1.0,0.6637168141592921,2.393939393939394,7.0,False,False,0.04386281967163086
structural_swap,promoted,promoted,True,1337,16,0.1,0,"Pair(?v0:Expr, ?v1:Expr)  ->  Pair(?v1:Expr, ?v0:Expr)",0.8125,1.0,1.0,1.0,0.9722222222222222,2.1785714285714284,7.0,False,False,0.027452945709228516
structural_swap,promoted,promoted,True,1337,16,0.1,8,"Pair(?v0:Expr, ?v1:Expr)  ->  Pair(?v1:Expr, ?v0:Expr)",0.875,1.0,1.0,1.0,0.864406779661017,2.2954545454545454,7.0,False,False,0.03566884994506836
structural_swap,promoted,promoted,True,1337,16,0.1,32,"Pair(?v0:Expr, ?v1:Expr)  ->  Pair(?v1:Expr, ?v0:Expr)",0.9375,1.0,1.0,1.0,0.6741573033707865,2.402173913043478,7.0,False,False,0.039209842681884766
structural_swap,promoted,abstain,False,1337,16,0.2,0,"Pair(?v0:Expr, ?v1:Expr)  ->  Pair(?v1:Expr, ?v0:Expr)",0.625,1.0,1.0,1.0,0.9,2.08,7.0,False,True,0.02269601821899414
structural_swap,promoted,promoted,True,1337,16,0.2,8,"Pair(?v0:Expr, ?v1:Expr)  ->  Pair(?v1:Expr, ?v0:Expr)",0.75,1.0,1.0,1.0,0.75,2.2439024390243905,7.0,False,False,0.030314207077026367
structural_swap,promoted,abstain,False,1337,16,0.2,32,"Pair(?v0:Expr, ?v1:Expr)  ->  Pair(?v1:Expr, ?v0:Expr)",0.875,1.0,1.0,1.0,0.5166666666666667,2.3820224719101124,7.0,False,True,0.029867172241210938
structural_swap,promoted,promoted,True,1337,32,0.0,0,"Pair(?v0:Expr, ?v1:Expr)  ->  Pair(?v1:Expr, ?v0:Expr)",1.0,1.0,1.0,1.0,0.9844961240310077,2.406779661016949,7.0,False,False,0.03523993492126465
structural_swap,promoted,promoted,True,1337,32,0.0,8,"Pair(?v0:Expr, ?v1:Expr)  ->  Pair(?v1:Expr, ?v0:Expr)",1.0,1.0,1.0,1.0,0.9844961240310077,2.4507042253521125,7.0,False,False,0.04091906547546387
structural_swap,promoted,promoted,True,1337,32,0.0,32,"Pair(?v0:Expr, ?v1:Expr)  ->  Pair(?v1:Expr, ?v0:Expr)",1.0,1.0,1.0,1.0,0.9844961240310077,2.5384615384615383,7.0,False,False,0.03821516036987305
structural_swap,promoted,promoted,True,1337,32,0.05,0,"Pair(?v0:Expr, ?v1:Expr)  ->  Pair(?v1:Expr, ?v0:Expr)",0.96875,1.0,1.0,1.0,0.9333333333333333,2.353846153846154,7.0,False,False,0.030570030212402344
structural_swap,promoted,promoted,True,1337,32,0.05,8,"Pair(?v0:Expr, ?v1:Expr)  ->  Pair(?v1:Expr, ?v0:Expr)",0.975,1.0,1.0,1.0,0.9,2.382716049382716,7.0,False,False,0.03666496276855469
structural_swap,promoted,promoted,True,1337,32,0.05,32,"Pair(?v0:Expr, ?v1:Expr)  ->  Pair(?v1:Expr, ?v0:Expr)",0.984375,1.0,1.0,1.0,0.7478991596638656,2.4263565891472867,7.0,False,False,0.037828922271728516
structural_swap,promoted,promoted,True,1337,32,0.1,0,"Pair(?v0:Expr, ?v1:Expr)  ->  Pair(?v1:Expr, ?v0:Expr)",0.875,1.0,1.0,1.0,0.9672131147540983,2.3703703703703702,7.0,False,False,0.02940082550048828
structural_swap,promoted,promoted,True,1337,32,0.1,8,"Pair(?v0:Expr, ?v1:Expr)  ->  Pair(?v1:Expr, ?v0:Expr)",0.9,1.0,1.0,1.0,0.92,2.4,7.0,False,False,0.03587603569030762
structural_swap,promoted,promoted,True,1337,32,0.1,32,"Pair(?v0:Expr, ?v1:Expr)  ->  Pair(?v1:Expr, ?v0:Expr)",0.9375,1.0,1.0,1.0,0.797752808988764,2.440677966101695,7.0,False,False,0.041161298751831055
structural_swap,promoted,abstain,False,1337,32,0.2,0,"Pair(?v0:Expr, ?v1:Expr)  ->  Pair(?v1:Expr, ?v0:Expr)",0.71875,1.0,1.0,1.0,0.9523809523809523,2.3260869565217392,7.0,False,True,0.02274012565612793
structural_swap,promoted,promoted,True,1337,32,0.2,8,"Pair(?v0:Expr, ?v1:Expr)  ->  Pair(?v1:Expr, ?v0:Expr)",0.775,1.0,1.0,1.0,0.9166666666666666,2.4107142857142856,7.0,False,False,0.02670001983642578
structural_swap,promoted,promoted,True,1337,32,0.2,32,"Pair(?v0:Expr, ?v1:Expr)  ->  Pair(?v1:Expr, ?v0:Expr)",0.859375,1.0,1.0,1.0,0.9444444444444444,2.5402298850574714,7.0,False,False,0.03315305709838867
structural_swap,promoted,promoted,True,2025,4,0.0,0,"Pair(?v0:Expr, ?v1:Expr)  ->  Pair(?v1:Expr, ?v0:Expr)",1.0,1.0,1.0,1.0,0.8837209302325582,1.6666666666666667,7.0,False,False,0.025976896286010742
structural_swap,promoted,promoted,True,2025,4,0.0,8,"Pair(?v0:Expr, ?v1:Expr)  ->  Pair(?v1:Expr, ?v0:Expr)",1.0,1.0,1.0,1.0,0.8294573643410853,2.142857142857143,7.0,False,False,0.03513288497924805
structural_swap,promoted,abstain,False,2025,4,0.0,32,"Pair(?v0:Expr, ?v1:Expr)  ->  Pair(?v1:Expr, ?v0:Expr)",1.0,1.0,1.0,1.0,0.40310077519379844,2.3684210526315788,7.0,False,True,0.035778045654296875
structural_swap,promoted,promoted,True,2025,4,0.05,0,"Pair(?v0:Expr, ?v1:Expr)  ->  Pair(?v1:Expr, ?v0:Expr)",1.0,1.0,1.0,1.0,1.0,1.6666666666666667,7.0,False,False,0.02675604820251465
structural_swap,promoted,promoted,True,2025,4,0.05,8,"Pair(?v0:Expr, ?v1:Expr)  ->  Pair(?v1:Expr, ?v0:Expr)",1.0,1.0,1.0,1.0,0.751937984496124,2.1333333333333333,7.0,False,False,0.03862309455871582
structural_swap,promoted,abstain,False,2025,4,0.05,32,"Pair(?v0:Expr, ?v1:Expr)  ->  Pair(?v1:Expr, ?v0:Expr)",1.0,1.0,1.0,1.0,0.2713178294573643,2.32183908045977,7.0,False,True,0.035989999771118164
structural_swap,promoted,promoted,True,2025,4,0.1,0,"Pair(?v0:Expr, ?v1:Expr)  ->  Pair(?v1:Expr, ?v0:Expr)",1.0,1.0,1.0,1.0,1.0,1.6666666666666667,7.0,False,False,0.02206897735595703
structural_swap,promoted,promoted,True,2025,4,0.1,8,"Pair(?v0:Expr, ?v1:Expr)  ->  Pair(?v1:Expr, ?v0:Expr)",1.0,1.0,1.0,1.0,0.751937984496124,2.1333333333333333,7.0,False,False,0.03560280799865723
structural_swap,promoted,abstain,False,2025,4,0.1,32,"Pair(?v0:Expr, ?v1:Expr)  ->  Pair(?v1:Expr, ?v0:Expr)",1.0,1.0,1.0,1.0,0.2713178294573643,2.32183908045977,7.0,False,True,0.038722991943359375
structural_swap,promoted,promoted,True,2025,4,0.2,0,"Pair(?v0:Expr, ?v1:Expr)  ->  Pair(?v1:Expr, ?v0:Expr)",0.75,1.0,1.0,1.0,1.0,1.4444444444444444,7.0,False,False,0.017319917678833008
structural_swap,promoted,promoted,True,2025,4,0.2,8,"Pair(?v0:Expr, ?v1:Expr)  ->  Pair(?v1:Expr, ?v0:Expr)",0.9166666666666666,1.0,1.0,1.0,0.6575342465753424,2.111111111111111,7.0,False,False,0.03292703628540039
structural_swap,promoted,abstain,False,2025,4,0.2,32,"Pair(?v0:Expr, ?v1:Expr)  ->  Pair(?v1:Expr, ?v0:Expr)",0.9722222222222222,1.0,1.0,1.0,0.24528301886792453,2.3214285714285716,7.0,False,True,0.04484295845031738
structural_swap,promoted,promoted,True,2025,8,0.0,0,"Pair(?v0:Expr, ?v1:Expr)  ->  Pair(?v1:Expr, ?v0:Expr)",1.0,1.0,1.0,1.0,0.8527131782945736,2.0,7.0,False,False,0.034712791442871094
structural_swap,promoted,promoted,True,2025,8,0.0,8,"Pair(?v0:Expr, ?v1:Expr)  ->  Pair(?v1:Expr, ?v0:Expr)",1.0,1.0,1.0,1.0,0.8837209302325582,2.2162162162162162,7.0,False,False,0.051976919174194336
structural_swap,promoted,abstain,False,2025,8,0.0,32,"Pair(?v0:Expr, ?v1:Expr)  ->  Pair(?v1:Expr, ?v0:Expr)",1.0,1.0,1.0,1.0,0.5658914728682171,2.376470588235294,7.0,False,True,0.042996883392333984
structural_swap,promoted,promoted,True,2025,8,0.05,0,"Pair(?v0:Expr, ?v1:Expr)  ->  Pair(?v1:Expr, ?v0:Expr)",1.0,1.0,1.0,1.0,1.0,2.0,7.0,False,False,0.02802586555480957
structural_swap,promoted,promoted,True,2025,8,0.05,8,"Pair(?v0:Expr, ?v1:Expr)  ->  Pair(?v1:Expr, ?v0:Expr)",1.0,1.0,1.0,1.0,0.8682170542635659,2.2162162162162162,7.0,False,False,0.033356666564941406
structural_swap,promoted,abstain,False,2025,8,0.05,32,"Pair(?v0:Expr, ?v1:Expr)  ->  Pair(?v1:Expr, ?v0:Expr)",1.0,1.0,1.0,1.0,0.4186046511627907,2.3404255319148937,7.0,False,True,0.03724527359008789
structural_swap,promoted,promoted,True,2025,8,0.1,0,"Pair(?v0:Expr, ?v1:Expr)  ->  Pair(?v1:Expr, ?v0:Expr)",1.0,1.0,1.0,1.0,1.0,2.0,7.0,False,False,0.02758002281188965
structural_swap,promoted,promoted,True,2025,8,0.1,8,"Pair(?v0:Expr, ?v1:Expr)  ->  Pair(?v1:Expr, ?v0:Expr)",1.0,1.0,1.0,1.0,0.8682170542635659,2.2162162162162162,7.0,False,False,0.0430450439453125
structural_swap,promoted,abstain,False,2025,8,0.1,32,"Pair(?v0:Expr, ?v1:Expr)  ->  Pair(?v1:Expr, ?v0:Expr)",1.0,1.0,1.0,1.0,0.4186046511627907,2.3404255319148937,7.0,False,True,0.0375821590423584
structural_swap,promoted,promoted,True,2025,8,0.2,0,"Pair(?v0:Expr, ?v1:Expr)  ->  Pair(?v1:Expr, ?v0:Expr)",0.875,1.0,1.0,1.0,1.0,1.9375,7.0,False,False,0.025252103805541992
structural_swap,promoted,promoted,True,2025,8,0.2,8,"Pair(?v0:Expr, ?v1:Expr)  ->  Pair(?v1:Expr, ?v0:Expr)",0.9375,1.0,1.0,1.0,0.8488372093023255,2.2058823529411766,7.0,False,False,0.031096220016479492
structural_swap,promoted,abstain,False,2025,8,0.2,32,"Pair(?v0:Expr, ?v1:Expr)  ->  Pair(?v1:Expr, ?v0:Expr)",0.975,1.0,1.0,1.0,0.4727272727272727,2.3369565217391304,7.0,False,True,0.038475990295410156
structural_swap,promoted,promoted,True,2025,16,0.0,0,"Pair(?v0:Expr, ?v1:Expr)  ->  Pair(?v1:Expr, ?v0:Expr)",1.0,1.0,1.0,1.0,0.9689922480620154,2.242424242424242,7.0,False,False,0.03229522705078125
structural_swap,promoted,promoted,True,2025,16,0.0,8,"Pair(?v0:Expr, ?v1:Expr)  ->  Pair(?v1:Expr, ?v0:Expr)",1.0,1.0,1.0,1.0,0.9612403100775194,2.326530612244898,7.0,False,False,0.03876304626464844
structural_swap,promoted,promoted,True,2025,16,0.0,32,"Pair(?v0:Expr, ?v1:Expr)  ->  Pair(?v1:Expr, ?v0:Expr)",1.0,1.0,1.0,1.0,0.7984496124031008,2.4123711340206184,7.0,False,False,0.04550909996032715
structural_swap,promoted,promoted,True,2025,16,0.05,0,"Pair(?v0:Expr, ?v1:Expr)  ->  Pair(?v1:Expr, ?v0:Expr)",1.0,1.0,1.0,1.0,1.0,2.2857142857142856,7.0,False,False,0.02724599838256836
structural_swap,promoted,promoted,True,2025,16,0.05,8,"Pair(?v0:Expr, ?v1:Expr)  ->  Pair(?v1:Expr, ?v0:Expr)",1.0,1.0,1.0,1.0,0.9612403100775194,2.3333333333333335,7.0,False,False,0.03472900390625
structural_swap,promoted,promoted,True,2025,16,0.05,32,"Pair(?v0:Expr, ?v1:Expr)  ->  Pair(?v1:Expr, ?v0:Expr)",1.0,1.0,1.0,1.0,0.7906976744186046,2.3773584905660377,7.0,False,False,0.03636789321899414
structural_swap,promoted,promoted,True,2025,16,0.1,0,"Pair(?v0:Expr, ?v1:Expr)  ->  Pair(?v1:Expr, ?v0:Expr)",1.0,1.0,1.0,1.0,1.0,2.2857142857142856,7.0,False,False,0.026835203170776367
structural_swap,promoted,promoted,True,2025,16,0.1,8,"Pair(?v0:Expr, ?v1:Expr)  ->  Pair(?v1:Expr, ?v0:Expr)",1.0,1.0,1.0,1.0,0.9612403100775194,2.3333333333333335,7.0,False,False,0.036499977111816406
structural_swap,promoted,promoted,True,2025,16,0.1,32,"Pair(?v0:Expr, ?v1:Expr)  ->  Pair(?v1:Expr, ?v0:Expr)",1.0,1.0,1.0,1.0,0.7906976744186046,2.3773584905660377,7.0,False,False,0.039504051208496094
structural_swap,promoted,promoted,True,2025,16,0.2,0,"Pair(?v0:Expr, ?v1:Expr)  ->  Pair(?v1:Expr, ?v0:Expr)",0.9375,1.0,1.0,1.0,0.9891304347826086,2.25,7.0,False,False,0.030144929885864258
structural_swap,promoted,promoted,True,2025,16,0.2,8,"Pair(?v0:Expr, ?v1:Expr)  ->  Pair(?v1:Expr, ?v0:Expr)",0.9583333333333334,1.0,1.0,1.0,1.0,2.3658536585365852,7.0,False,False,0.02960491180419922
structural_swap,promoted,promoted,True,2025,16,0.2,32,"Pair(?v0:Expr, ?v1:Expr)  ->  Pair(?v1:Expr, ?v0:Expr)",0.9791666666666666,1.0,1.0,1.0,0.9821428571428571,2.5342465753424657,7.0,False,False,0.0317540168762207
structural_swap,promoted,promoted,True,2025,32,0.0,0,"Pair(?v0:Expr, ?v1:Expr)  ->  Pair(?v1:Expr, ?v0:Expr)",1.0,1.0,1.0,1.0,0.9767441860465116,2.4,7.0,False,False,0.03910493850708008
structural_swap,promoted,promoted,True,2025,32,0.0,8,"Pair(?v0:Expr, ?v1:Expr)  ->  Pair(?v1:Expr, ?v0:Expr)",1.0,1.0,1.0,1.0,0.9689922480620154,2.4210526315789473,7.0,False,False,0.04302692413330078
structural_swap,promoted,promoted,True,2025,32,0.0,32,"Pair(?v0:Expr, ?v1:Expr)  ->  Pair(?v1:Expr, ?v0:Expr)",1.0,1.0,1.0,1.0,0.8992248062015504,2.4516129032258065,7.0,False,False,0.042797088623046875
structural_swap,promoted,promoted,True,2025,32,0.05,0,"Pair(?v0:Expr, ?v1:Expr)  ->  Pair(?v1:Expr, ?v0:Expr)",1.0,1.0,1.0,1.0,0.9844961240310077,2.452830188679245,7.0,False,False,0.02831578254699707
structural_swap,promoted,promoted,True,2025,32,0.05,8,"Pair(?v0:Expr, ?v1:Expr)  ->  Pair(?v1:Expr, ?v0:Expr)",1.0,1.0,1.0,1.0,0.9922480620155039,2.463768115942029,7.0,False,False,0.047766923904418945
structural_swap,promoted,promoted,True,2025,32,0.05,32,"Pair(?v0:Expr, ?v1:Expr)  ->  Pair(?v1:Expr, ?v0:Expr)",1.0,1.0,1.0,1.0,0.9302325581395349,2.4786324786324787,7.0,False,False,0.035031795501708984
structural_swap,promoted,promoted,True,2025,32,0.1,0,"Pair(?v0:Expr, ?v1:Expr)  ->  Pair(?v1:Expr, ?v0:Expr)",1.0,1.0,1.0,1.0,0.9844961240310077,2.452830188679245,7.0,False,False,0.029705047607421875
structural_swap,promoted,promoted,True,2025,32,0.1,8,"Pair(?v0:Expr, ?v1:Expr)  ->  Pair(?v1:Expr, ?v0:Expr)",1.0,1.0,1.0,1.0,0.9922480620155039,2.463768115942029,7.0,False,False,0.034039974212646484
structural_swap,promoted,promoted,True,2025,32,0.1,32,"Pair(?v0:Expr, ?v1:Expr)  ->  Pair(?v1:Expr, ?v0:Expr)",1.0,1.0,1.0,1.0,0.9302325581395349,2.4786324786324787,7.0,False,False,0.04302382469177246
structural_swap,promoted,promoted,True,2025,32,0.2,0,"Pair(?v0:Expr, ?v1:Expr)  ->  Pair(?v1:Expr, ?v0:Expr)",0.875,1.0,1.0,1.0,1.0,2.392156862745098,7.0,False,False,0.024003028869628906
structural_swap,promoted,promoted,True,2025,32,0.2,8,"Pair(?v0:Expr, ?v1:Expr)  ->  Pair(?v1:Expr, ?v0:Expr)",0.9,1.0,1.0,1.0,0.9333333333333333,2.3943661971830985,7.0,False,False,0.032135009765625
structural_swap,promoted,promoted,True,2025,32,0.2,32,"Pair(?v0:Expr, ?v1:Expr)  ->  Pair(?v1:Expr, ?v0:Expr)",0.9375,1.0,1.0,1.0,0.8152173913043478,2.40625,7.0,False,False,0.035056114196777344
structural_swap,promoted,promoted,True,9001,4,0.0,0,"Pair(?v0:Expr, ?v1:Expr)  ->  Pair(?v1:Expr, ?v0:Expr)",1.0,1.0,1.0,1.0,1.0,1.6363636363636365,7.0,False,False,0.02177596092224121
structural_swap,promoted,promoted,True,9001,4,0.0,8,"Pair(?v0:Expr, ?v1:Expr)  ->  Pair(?v1:Expr, ?v0:Expr)",1.0,1.0,1.0,1.0,0.8372093023255814,2.129032258064516,7.0,False,False,0.038494110107421875
structural_swap,promoted,abstain,False,9001,4,0.0,32,"Pair(?v0:Expr, ?v1:Expr)  ->  Pair(?v1:Expr, ?v0:Expr)",1.0,1.0,1.0,1.0,0.37209302325581395,2.3333333333333335,7.0,False,True,0.039732933044433594
structural_swap,promoted,promoted,True,9001,4,0.05,0,"Pair(?v0:Expr, ?v1:Expr)  ->  Pair(?v1:Expr, ?v0:Expr)",0.75,1.0,1.0,1.0,1.0,1.4444444444444444,7.0,False,False,0.015295028686523438
structural_swap,promoted,promoted,True,9001,4,0.05,8,"Pair(?v0:Expr, ?v1:Expr)  ->  Pair(?v1:Expr, ?v0:Expr)",0.9166666666666666,1.0,1.0,1.0,0.7878787878787878,2.107142857142857,7.0,False,False,0.02654290199279785
structural_swap,promoted,abstain,False,9001,4,0.05,32,"Pair(?v0:Expr, ?v1:Expr)  ->  Pair(?v1:Expr, ?v0:Expr)",0.9722222222222222,1.0,1.0,1.0,0.4247787610619469,2.3333333333333335,7.0,False,True,0.03322315216064453
structural_swap,promoted,promoted,True,9001,4,0.1,0,"Pair(?v0:Expr, ?v1:Expr)  ->  Pair(?v1:Expr, ?v0:Expr)",0.75,1.0,1.0,1.0,1.0,1.4444444444444444,7.0,False,False,0.015325784683227539
structural_swap,promoted,promoted,True,9001,4,0.1,8,"Pair(?v0:Expr, ?v1:Expr)  ->  Pair(?v1:Expr, ?v0:Expr)",0.9166666666666666,1.0,1.0,1.0,0.7878787878787878,2.107142857142857,7.0,False,False,0.02676677703857422
structural_swap,promoted,abstain,False,9001,4,0.1,32,"Pair(?v0:Expr, ?v1:Expr)  ->  Pair(?v1:Expr, ?v0:Expr)",0.9722222222222222,1.0,1.0,1.0,0.4247787610619469,2.3333333333333335,7.0,False,True,0.03872990608215332
structural_swap,promoted,promoted,True,9001,4,0.2,0,"Pair(?v0:Expr, ?v1:Expr)  ->  Pair(?v1:Expr, ?v0:Expr)",0.75,1.0,1.0,1.0,1.0,1.4444444444444444,7.0,False,False,0.018707990646362305
structural_swap,promoted,promoted,True,9001,4,0.2,8,"Pair(?v0:Expr, ?v1:Expr)  ->  Pair(?v1:Expr, ?v0:Expr)",0.9166666666666666,1.0,1.0,1.0,0.7878787878787878,2.107142857142857,7.0,False,False,0.0327608585357666
structural_swap,promoted,abstain,False,9001,4,0.2,32,"Pair(?v0:Expr, ?v1:Expr)  ->  Pair(?v1:Expr, ?v0:Expr)",0.9722222222222222,1.0,1.0,1.0,0.4247787610619469,2.3333333333333335,7.0,False,True,0.031100988388061523
structural_swap,promoted,promoted,True,9001,8,0.0,0,"Pair(?v0:Expr, ?v1:Expr)  ->  Pair(?v1:Expr, ?v0:Expr)",1.0,1.0,1.0,1.0,0.9844961240310077,2.0,7.0,False,False,0.027950763702392578
structural_swap,promoted,promoted,True,9001,8,0.0,8,"Pair(?v0:Expr, ?v1:Expr)  ->  Pair(?v1:Expr, ?v0:Expr)",1.0,1.0,1.0,1.0,0.9302325581395349,2.2162162162162162,7.0,False,False,0.03562498092651367
structural_swap,promoted,promoted,True,9001,8,0.0,32,"Pair(?v0:Expr, ?v1:Expr)  ->  Pair(?v1:Expr, ?v0:Expr)",1.0,1.0,1.0,1.0,0.6589147286821705,2.3404255319148937,7.0,False,False,0.04620814323425293
structural_swap,promoted,promoted,True,9001,8,0.05,0,"Pair(?v0:Expr, ?v1:Expr)  ->  Pair(?v1:Expr, ?v0:Expr)",0.875,1.0,1.0,1.0,1.0,1.9375,7.0,False,False,0.021086931228637695
structural_swap,promoted,promoted,True,9001,8,0.05,8,"Pair(?v0:Expr, ?v1:Expr)  ->  Pair(?v1:Expr, ?v0:Expr)",0.9375,1.0,1.0,1.0,0.875,2.21875,7.0,False,False,0.03154778480529785
structural_swap,promoted,abstain,False,9001,8,0.05,32,"Pair(?v0:Expr, ?v1:Expr)  ->  Pair(?v1:Expr, ?v0:Expr)",0.975,1.0,1.0,1.0,0.5585585585585585,2.3875,7.0,False,True,0.03763771057128906
structural_swap,promoted,promoted,True,9001,8,0.1,0,"Pair(?v0:Expr, ?v1:Expr)  ->  Pair(?v1:Expr, ?v0:Expr)",0.75,1.0,1.0,1.0,1.0,1.8461538461538463,7.0,False,False,0.02073979377746582
structural_swap,promoted,promoted,True,9001,8,0.1,8,"Pair(?v0:Expr, ?v1:Expr)  ->  Pair(?v1:Expr, ?v0:Expr)",0.875,1.0,1.0,1.0,0.96,2.1818181818181817,7.0,False,False,0.034039974212646484
structural_swap,promoted,abstain,False,9001,8,0.1,32,"Pair(?v0:Expr, ?v1:Expr)  ->  Pair(?v1:Expr, ?v0:Expr)",0.95,1.0,1.0,1.0,0.5656565656565656,2.3333333333333335,7.0,False,True,0.03355693817138672
structural_swap,promoted,promoted,True,9001,8,0.2,0,"Pair(?v0:Expr, ?v1:Expr)  ->  Pair(?v1:Expr, ?v0:Expr)",0.75,1.0,1.0,1.0,1.0,1.8461538461538463,7.0,False,False,0.020090818405151367
structural_swap,promoted,promoted,True,9001,8,0.2,8,"Pair(?v0:Expr, ?v1:Expr)  ->  Pair(?v1:Expr, ?v0:Expr)",0.875,1.0,1.0,1.0,0.96,2.1818181818181817,7.0,False,False,0.027250051498413086
structural_swap,promoted,abstain,False,9001,8,0.2,32,"Pair(?v0:Expr, ?v1:Expr)  ->  Pair(?v1:Expr, ?v0:Expr)",0.95,1.0,1.0,1.0,0.5656565656565656,2.3333333333333335,7.0,False,True,0.03781414031982422
structural_swap,promoted,promoted,True,9001,16,0.0,0,"Pair(?v0:Expr, ?v1:Expr)  ->  Pair(?v1:Expr, ?v0:Expr)",1.0,1.0,1.0,1.0,0.8992248062015504,2.242424242424242,7.0,False,False,0.02985978126525879
structural_swap,promoted,promoted,True,9001,16,0.0,8,"Pair(?v0:Expr, ?v1:Expr)  ->  Pair(?v1:Expr, ?v0:Expr)",1.0,1.0,1.0,1.0,0.9534883720930233,2.326530612244898,7.0,False,False,0.035508155822753906
structural_swap,promoted,promoted,True,9001,16,0.0,32,"Pair(?v0:Expr, ?v1:Expr)  ->  Pair(?v1:Expr, ?v0:Expr)",1.0,1.0,1.0,1.0,0.7131782945736435,2.4123711340206184,7.0,False,False,0.03734016418457031
structural_swap,promoted,promoted,True,9001,16,0.05,0,"Pair(?v0:Expr, ?v1:Expr)  ->  Pair(?v1:Expr, ?v0:Expr)",0.9375,1.0,1.0,1.0,0.9662921348314607,2.2413793103448274,7.0,False,False,0.041483163833618164
structural_swap,promoted,promoted,True,9001,16,0.05,8,"Pair(?v0:Expr, ?v1:Expr)  ->  Pair(?v1:Expr, ?v0:Expr)",0.9583333333333334,1.0,1.0,1.0,0.9813084112149533,2.3333333333333335,7.0,False,False,0.03081798553466797
structural_swap,promoted,promoted,True,9001,16,0.05,32,"Pair(?v0:Expr, ?v1:Expr)  ->  Pair(?v1:Expr, ?v0:Expr)",0.9791666666666666,1.0,1.0,1.0,0.7589285714285714,2.4193548387096775,7.0,False,False,0.04357719421386719
structural_swap,promoted,promoted,True,9001,16,0.1,0,"Pair(?v0:Expr, ?v1:Expr)  ->  Pair(?v1:Expr, ?v0:Expr)",0.875,1.0,1.0,1.0,1.0,2.24,7.0,False,False,0.02300882339477539
structural_swap,promoted,promoted,True,9001,16,0.1,8,"Pair(?v0:Expr, ?v1:Expr)  ->  Pair(?v1:Expr, ?v0:Expr)",0.9166666666666666,1.0,1.0,1.0,0.9886363636363636,2.3181818181818183,7.0,False,False,0.027962207794189453
structural_swap,promoted,promoted,True,9001,16,0.1,32,"Pair(?v0:Expr, ?v1:Expr)  ->  Pair(?v1:Expr, ?v0:Expr)",0.9583333333333334,1.0,1.0,1.0,0.7368421052631579,2.376237623762376,7.0,False,False,0.04001879692077637
structural_swap,promoted,promoted,True,9001,16,0.2,0,"Pair(?v0:Expr, ?v1:Expr)  ->  Pair(?v1:Expr, ?v0:Expr)",0.875,1.0,1.0,1.0,1.0,2.24,7.0,False,False,0.023581981658935547
structural_swap,promoted,promoted,True,9001,16,0.2,8,"Pair(?v0:Expr, ?v1:Expr)  ->  Pair(?v1:Expr, ?v0:Expr)",0.9166666666666666,1.0,1.0,1.0,0.9886363636363636,2.3181818181818183,7.0,False,False,0.03360605239868164
structural_swap,promoted,promoted,True,9001,16,0.2,32,"Pair(?v0:Expr, ?v1:Expr)  ->  Pair(?v1:Expr, ?v0:Expr)",0.9583333333333334,1.0,1.0,1.0,0.7368421052631579,2.376237623762376,7.0,False,False,0.03531908988952637
structural_swap,promoted,promoted,True,9001,32,0.0,0,"Pair(?v0:Expr, ?v1:Expr)  ->  Pair(?v1:Expr, ?v0:Expr)",1.0,1.0,1.0,1.0,0.9922480620155039,2.4210526315789473,7.0,False,False,0.028432130813598633
structural_swap,promoted,promoted,True,9001,32,0.0,8,"Pair(?v0:Expr, ?v1:Expr)  ->  Pair(?v1:Expr, ?v0:Expr)",1.0,1.0,1.0,1.0,0.9922480620155039,2.463768115942029,7.0,False,False,0.04051518440246582
structural_swap,promoted,promoted,True,9001,32,0.0,32,"Pair(?v0:Expr, ?v1:Expr)  ->  Pair(?v1:Expr, ?v0:Expr)",1.0,1.0,1.0,1.0,0.9844961240310077,2.533333333333333,7.0,False,False,0.041023969650268555
structural_swap,promoted,promoted,True,9001,32,0.05,0,"Pair(?v0:Expr, ?v1:Expr)  ->  Pair(?v1:Expr, ?v0:Expr)",0.96875,1.0,1.0,1.0,0.9821428571428571,2.4339622641509435,7.0,False,False,0.031664133071899414
structural_swap,promoted,promoted,True,9001,32,0.05,8,"Pair(?v0:Expr, ?v1:Expr)  ->  Pair(?v1:Expr, ?v0:Expr)",0.975,1.0,1.0,1.0,0.9912280701754386,2.449275362318841,7.0,False,False,0.037550926208496094
structural_swap,promoted,promoted,True,9001,32,0.05,32,"Pair(?v0:Expr, ?v1:Expr)  ->  Pair(?v1:Expr, ?v0:Expr)",0.984375,1.0,1.0,1.0,0.9469026548672567,2.47008547008547,7.0,False,False,0.04129791259765625
structural_swap,promoted,promoted,True,9001,32,0.1,0,"Pair(?v0:Expr, ?v1:Expr)  ->  Pair(?v1:Expr, ?v0:Expr)",0.90625,1.0,1.0,1.0,1.0,2.4468085106382977,7.0,False,False,0.024015188217163086
structural_swap,promoted,promoted,True,9001,32,0.1,8,"Pair(?v0:Expr, ?v1:Expr)  ->  Pair(?v1:Expr, ?v0:Expr)",0.925,1.0,1.0,1.0,1.0,2.4603174603174605,7.0,False,False,0.03229093551635742
structural_swap,promoted,promoted,True,9001,32,0.1,32,"Pair(?v0:Expr, ?v1:Expr)  ->  Pair(?v1:Expr, ?v0:Expr)",0.953125,1.0,1.0,1.0,0.9473684210526315,2.4774774774774775,7.0,False,False,0.033045053482055664
structural_swap,promoted,promoted,True,9001,32,0.2,0,"Pair(?v0:Expr, ?v1:Expr)  ->  Pair(?v1:Expr, ?v0:Expr)",0.90625,1.0,1.0,1.0,1.0,2.4468085106382977,7.0,False,False,0.030018091201782227
structural_swap,promoted,promoted,True,9001,32,0.2,8,"Pair(?v0:Expr, ?v1:Expr)  ->  Pair(?v1:Expr, ?v0:Expr)",0.925,1.0,1.0,1.0,1.0,2.4603174603174605,7.0,False,False,0.03204035758972168
structural_swap,promoted,promoted,True,9001,32,0.2,32,"Pair(?v0:Expr, ?v1:Expr)  ->  Pair(?v1:Expr, ?v0:Expr)",0.953125,1.0,1.0,1.0,0.9473684210526315,2.4774774774774775,7.0,False,False,0.03315591812133789
